t_s,T_s_Nm,T_d_ref_Nm,e_T_Nm,T_a_Nm,a_y_mps2
0,0,0,0,0,0
0.01,0.0152152147381627,2.1,-2.08478478526184,-6.096,6.78860532757664e-07
0.02,0.315734642030781,-2.1,2.41573464203078,6.096,-0.00555715098511979
0.03,0.399859536795772,-2.1,2.49985953679577,4.73131120159781,-0.00540405006976829
0.04,0.00598042679070567,2.1,-2.09401957320929,-6.096,0.00566147640732878
0.05,-0.00180853568989137,2.1,-2.10180853568989,-2.64667256710373,0.00838567571282493
0.06,0.407553597213985,2.1,-1.69244640278602,-1.36377304278029,0.00273199236520147
0.07,0.769615694344522,-2.1,2.86961569434452,6.096,-0.00092602019760571
0.08,0.726637395785699,2.1,-1.3733626042143,-6.096,0.00504325782803774
0.09,0.867448334299712,2.1,-1.23255166570029,0.157921195679711,0.00727131410542389
0.1,1.19130997347734,2.1,-0.908690026522659,-1.06589516097471,0.00619404447093108
0.11,1.50344159712726,2.1,-0.596558402872743,0.0128782242053718,0.00606905681897344
0.12,1.83180540967363,2.1,-0.268194590326373,0.974988916534936,0.00625432871054923
0.13,2.12824040827801,2.1,0.0282404082780148,0.843628647668399,0.00777692361419534
0.14,2.33924438062759,2.1,0.23924438062759,0.555213805166814,0.0117162261405892
0.15,2.47986696688461,2.1,0.379866966884611,0.44321542898165,0.0176342089071896
0.16,2.57127178927519,2.1,0.471271789275189,0.36253343770112,0.0249979857408796
0.17,2.62646991677989,2.1,0.526469916779893,0.344438574187795,0.0334837402181913
0.18,2.65616078203828,2.1,0.556160782038285,0.355205835925341,0.0428397034568061
0.19,2.66777342507107,2.1,0.567773425071068,0.393139376726438,0.0529005685904342
0.2,2.66693731325037,2.1,0.566937313250365,0.447612891932942,0.0635503511895686
0.21,2.65768901506101,2.1,0.557689015061014,0.51459274908474,0.0747143314333368
0.22,2.64298613230951,2.1,0.542986132309513,0.589636261893965,0.0863451812129067
0.23,2.62494786887296,2.1,0.524947868872961,0.670164999805176,0.098415824395381
0.24,2.6050895101154,2.1,0.505089510115395,0.754047017577502,0.110912940541607
0.25,2.58447018345948,2.1,0.484470183459478,0.839809588830993,0.123832781813963
0.26,2.5638274898439,2.1,0.463827489843904,0.926491824081515,0.137177582911943
0.27,2.54365602504861,2.1,0.443656025048614,1.01333735154141,0.150953363368145
0.28,2.52427546587909,2.1,0.424275465879086,1.09990893998286,0.165168159557095
0.29,2.50587939501882,2.1,0.405879395018819,1.18585406127613,0.179830781210836
0.3,2.48858380515251,2.1,0.388583805152505,1.27096899116676,0.194949686572662
0.31,2.47240994916517,2.1,0.37240994916517,1.35512845808161,0.210533230103527
0.32,2.45734302724862,2.1,0.35734302724862,1.4383218249612,0.226588442744124
0.33,2.44336630681216,2.1,0.343366306812162,1.52050812847746,0.24312037306826
0.34,2.43042630917701,2.1,0.330426309177009,1.60166274356321,0.260132842220491
0.35,2.41845689366924,2.1,0.318456893669242,1.68182137898433,0.277628000900144
0.36,2.40738656036925,2.1,0.307386560369248,1.76100186591588,0.29560624824933
0.37,2.39714095116483,2.1,0.297140951164827,1.83923610602157,0.314066259247729
0.38,2.38764576079778,2.1,0.287645760797779,1.91655021066777,0.333005005683904
0.39,2.37882842517278,2.1,0.278828425172782,1.99297348378036,0.352417804248283
0.4,2.37061938626527,2.1,0.270619386265269,2.06852769577699,0.372298373182348
0.41,2.3629527349947,2.1,0.262952734994702,2.14323116216278,0.392638900842327
0.42,2.35576675033045,2.1,0.255766750330447,2.21709817634792,0.413430114440555
0.43,2.3490040286596,2.1,0.249004028659596,2.29013620955698,0.434661355338373
0.44,2.34261147563068,2.1,0.242611475630675,2.36234805793689,0.456320654664537
0.45,2.3365397491476,2.1,0.236539749147603,2.43373108921919,0.478394817045424
0.46,2.33074192705963,2.1,0.230741927059634,2.5042787114154,0.500869516277932
0.47,2.32517890922875,2.1,0.225178909228752,2.57398300259251,0.523729256658362
0.48,2.31982663306959,2.1,0.219826633069593,2.64282401325525,0.546957278658635
0.49,2.31463759696646,2.1,0.214637596966456,2.71076641085713,0.570536456552501
0.5,2.30958180350625,2.1,0.209581803506253,2.77781468284569,0.594448458195195
0.51,2.30463278814043,2.1,0.204632788140431,2.84393075455809,0.618674117731268
0.52,2.29976642335961,2.1,0.199766423359613,2.90909110828835,0.643193517814876
0.53,2.29496119003711,2.1,0.194961190037106,2.97326293592201,0.667986038425199
0.54,2.29019489214047,2.1,0.190194892140465,3.03641565019268,0.693030481056647
0.55,2.28545138725385,2.1,0.185451387253846,3.09851782811585,0.718304970272121
0.56,2.28071858988045,2.1,0.180718589880447,3.15953244617769,0.743787056162173
0.57,2.27598324138531,2.1,0.175983241385314,3.21941999803259,0.769453870078806
0.58,2.27123376414617,2.1,0.171233764146165,3.27814515964072,0.795282111076287
0.59,2.26646024421938,2.1,0.166460244219377,3.33567041538966,0.821248091461268
0.6,2.26165425124711,2.1,0.161654251247106,3.39195868075098,0.847327785510632
0.61,2.2568087357238,2.1,0.156808735723804,3.44697255966107,0.873496875246563
0.62,2.25191790931906,2.1,0.15191790931906,3.5006749284233,0.899730795433714
0.63,2.24697714456185,2.1,0.14697714456185,3.55302895590537,0.926004777041048
0.64,2.24198287812579,2.1,0.141982878125789,3.60399833368632,0.952293889542462
0.65,2.23693252319127,2.1,0.136932523191267,3.6535474002294,0.978573081962268
0.66,2.2318243877223,2.10728355435917,0.124540833363129,3.6792679027562,1.00481722275449
0.67,2.22803733685415,2.11528178568964,0.112755551164502,3.73297564825474,1.03097143920514
0.68,2.22612142346998,2.12324175590727,0.102879667562706,3.77244521424063,1.05700054181677
0.69,2.22534222642509,2.13116103277842,0.0941811936466617,3.81309501976302,1.08289657718545
0.7,2.22548127983783,2.13903358629901,0.086447693538823,3.8492324744328,1.10863982719776
0.71,2.2262406214286,2.14685380359516,0.0793868178334352,3.88363110746091,1.13421193775619
0.72,2.22745337990575,2.15461515084658,0.0728382290591698,3.91549072428185,1.15959154326831
0.73,2.22896482156672,2.16231100703501,0.066653814531707,3.94537691536511,1.18475699300448
0.74,2.23067179179395,2.16993443107292,0.0607373607210371,3.97323779702717,1.20968558960843
0.75,2.23249268396533,2.17747838909872,0.0550142948666119,3.9992192565203,1.23435433235281
0.76,2.2343674165487,2.18493577607678,0.0494316404719148,4.0233502835079,1.25873998777108
0.77,2.23624992888557,2.19229948303144,0.0439504458541298,4.04568210909048,1.28281930951282
0.78,2.23810666085319,2.1995624240358,0.0385442368173887,4.066233627712,1.30656912659708
0.79,2.23992299261045,2.20671750673659,0.0332054858738635,4.0850486245016,1.32996624702865
0.8,2.24165509968416,2.21375792473316,0.0278971749510037,4.10206404773083,1.35298841387743
0.81,2.2432941071949,2.22067679994019,0.0226173072547118,4.11737051615843,1.37561313580441
0.82,2.24483522231487,2.22746736750913,0.0173678548057352,4.13098934599588,1.39781829175486
0.83,2.24627044615292,2.2341230304493,0.012147415703621,4.14283617323983,1.41958230956922
0.84,2.24760626949192,2.24063726912408,0.00696900036784331,4.15301903216388,1.44088387003573
0.85,2.24881535592261,2.24700389124102,0.00181146468159543,4.16138628257856,1.46170272435813
0.86,2.24985425813132,2.2532169730132,-0.00336271488188622,4.16804490082346,1.48201950175317
0.87,2.25082238915986,2.25926994475893,-0.00844755559906307,4.17317657656742,1.50181271936169
0.88,2.25166142933669,2.26515730697276,-0.0134958776360716,4.17637942488096,1.52106439380092
0.89,2.25237487705596,2.27087338201367,-0.0184985049577131,4.17800504330756,1.53975595918471
0.9,2.25289470634177,2.27641310977295,-0.0235184034311788,4.17779830118642,1.55787086895754
0.91,2.25339779236491,2.28177009598036,-0.0283723036154528,4.17621560844886,1.57538821385577
0.92,2.25360471808935,2.28694100648601,-0.0333362883966597,4.17244333541722,1.59229709120924
0.93,2.25369081910913,2.29191983004607,-0.0382290109369419,4.16760261552597,1.60857784425065
0.94,2.25366105225645,2.29670182374304,-0.0430407714865901,4.16083828741801,1.62421496363975
0.95,2.25352224797367,2.30128243724833,-0.0477601892746629,4.15251555603441,1.63919356980203
0.96,2.25323126850734,2.30565761488298,-0.0524263463756407,4.14252542853591,1.65350040066733
0.97,2.25289518139726,2.30982251178235,-0.0569273303850872,4.13096934847705,1.66711961352828
0.98,2.2524025893692,2.31377395995157,-0.0613713705823695,4.11740310040688,1.68004084904163
0.99,2.25140446302198,2.31751056206521,-0.0661060990432287,4.08677017296386,1.69225953795325
1,2.24292135994075,2.3210740611592,-0.0781527012184449,3.85527313541499,1.70391217999057
1.01,2.22828125986665,2.3245484399331,-0.0962671800664472,3.59809216709299,1.71527339858123
1.02,2.21785912735974,2.3279560047366,-0.110096877376861,3.4454140031088,1.72641613548869
1.03,2.20946616051178,2.33130164225155,-0.121835481739763,3.3347897894206,1.73735637016255
1.04,2.20235554730132,2.3345815554824,-0.132226008181085,3.24838952849087,1.74808168642746
1.05,2.19619771495864,2.33779027756519,-0.141592562606549,3.17376588789462,1.75857420763817
1.06,2.19083260627278,2.34092230298553,-0.150089696712743,3.10488211350084,1.76881593076267
1.07,2.18617528296542,2.34397267495173,-0.157797391986309,3.03872909922498,1.77879064709215
1.08,2.18217631504393,2.34693712967596,-0.164760814632027,2.97388202577023,1.78848441404038
1.09,2.17880357548048,2.34981216915287,-0.171008593672389,2.90971576741917,1.7978857931299
1.1,2.17603373412468,2.3525950258109,-0.176561291686213,2.84600502888516,1.80698573440163
1.11,2.17384808758704,2.3552836319242,-0.181435544337165,2.78272437914019,1.81577747639214
1.12,2.1722305942295,2.35787653124694,-0.185645937017439,2.71994678121746,1.8242562571775
1.13,2.17116674061145,2.36037284680302,-0.189206106191572,2.65779053510019,1.83241920904589
1.14,2.17064296999107,2.36277220942243,-0.192129239431361,2.59639510497916,1.84026512481136
1.15,2.17064633349291,2.36507470654601,-0.194428373053096,2.53590730855923,1.84779429040545
1.16,2.17116425689246,2.36728083196951,-0.196116575077052,2.47647472404355,1.85500832054029
1.17,2.17218434595409,2.36939143707586,-0.197207091121775,2.4182421989312,1.86190999923808
1.18,2.17369424853655,2.37140768807755,-0.197713439540998,2.3613498579354,1.86850314001359
1.19,2.17568151292334,2.37333102620678,-0.197649513283445,2.30593200381945,1.87479245569619
1.2,2.1781334597412,2.37516313117805,-0.197029671436848,2.25211633424915,1.88078343895223
1.21,2.18103706003751,2.37690588782066,-0.195868827783148,2.20002335972308,1.88648225317354
1.22,2.18437881881913,2.37856135567194,-0.194182536852807,2.14976590981842,1.89189563304723
1.23,2.18814466460014,2.38013174132366,-0.191987076723518,2.10144868768551,1.89703079412836
1.24,2.1923198463273,2.38161937331944,-0.189299526992141,2.05516785846919,1.90189535075458
1.25,2.19688883112113,2.38302667950819,-0.186137848387063,2.01101065654713,1.90649724199179
1.26,2.20183523746376,2.3843561662054,-0.182520928741645,1.96905507616012,1.91084466349166
1.27,2.20714176436138,2.38561039972879,-0.178468635367408,1.92936958085685,1.91494600711315
1.28,2.21279014244724,2.38679198978896,-0.17400184734172,1.89201291636173,1.91880980660989
1.29,2.21876110637135,2.38790357256438,-0.16914246619303,1.85703394195288,1.92244468228552
1.3,2.22503435685651,2.38894780062865,-0.163913443772139,1.82447149453004,1.92585930805567
1.31,2.2315886332652,2.38992732951924,-0.158338696254039,1.79435479569855,1.9290623675279
1.32,2.23840171281855,2.39084480412786,-0.152443091309307,1.76670301301828,1.9320625094981
1.33,2.24545050324852,2.39170285143915,-0.146252348190635,1.74152626430149,1.93486832420603
1.34,2.25271114503875,2.39250407249974,-0.139792927460991,1.71882549951288,1.93748831707416
1.35,2.26015912934037,2.39325103107738,-0.133091901737018,1.69859264079692,1.93993087162305
1.36,2.2677694433177,2.39394624475995,-0.126176801442249,1.68081201125622,1.94220422036505
1.37,2.27551678146911,2.39459219389624,-0.119075412427125,1.6654601120092,1.94431647404069
1.38,2.28337564911887,2.39519129407316,-0.111815644954284,1.65250678825709,1.94627553161923
1.39,2.2913206025721,2.395745907257,-0.104425304684901,1.64191552276459,1.9480891167304
1.4,2.29932642728363,2.39625833354837,-0.0969319062647362,1.63364425181655,1.94976475070316
1.41,2.30736829212891,2.39673080318742,-0.0893625110585123,1.62764508216149,1.95130972642287
1.42,2.31542205876616,2.3971654880443,-0.0817434292781449,1.62386781633215,1.95273114590486
1.43,2.32346422126112,2.39756446123616,-0.0741002399750359,1.62225688836266,1.95403578824224
1.44,2.3314722685893,2.39792976785129,-0.0664574992619906,1.6227532661767,1.95523034087371
1.45,2.33942428502901,2.39826313095087,-0.0588388459218598,1.62529511888825,1.95632043820934
1.46,2.34730067715603,2.39856688901128,-0.051266211855256,1.62981880836316,1.9573137270669
1.47,2.35508182920207,2.39884259619829,-0.0437607669962179,1.63625848748673,1.9582152895684
1.48,2.36274979233931,2.39909199824902,-0.0363422059097074,1.6445451579629,1.95903083427429
1.49,2.3702879213267,2.39931673933591,-0.0290288180092109,1.65460977521929,1.95976573762842
1.5,2.37768082692616,2.39951840240588,-0.0218375754797178,1.66638100311781,1.96042517586721
1.51,2.38491439644335,2.39969850135081,-0.0147841049074571,1.67978694897902,1.96101409941714
1.52,2.39197582167266,2.39985848056701,-0.00788265889435191,1.69475475710848,1.96153723145412
1.53,2.39885350215691,2.3999997166444,-0.00114621448748498,1.71121034857031,1.96199907342718
1.54,2.40553703567301,2.40016469484607,0.0053723408269355,1.72895289412369,1.96240391411
1.55,2.41201812712563,2.40030817958289,0.0117099475427422,1.74805233807887,1.96275581042704
1.56,2.41828848632518,2.4004316561047,0.0178568302204791,1.76842032414436,1.96305863659677
1.57,2.42434084710906,2.40053662934488,0.0238042177641806,1.78998370177844,1.96331608346832
1.58,2.43016885645144,2.40062452305622,0.0295443333952181,1.8126658625854,1.96353164279539
1.59,2.43576712006094,2.40069668487968,0.0350704351812645,1.83639298631536,1.96370861966742
1.6,2.44113101920998,2.40075439389031,0.04037662531967,1.86108898758195,1.96385015101598
1.61,2.44625673427328,2.40079885899627,0.0454578752770036,1.88667928953624,1.96395920168836
1.62,2.45114115974558,2.40083122238804,0.0503099373575377,1.91308912763327,1.96403857290667
1.63,2.45578186333655,2.40085256257073,0.0549293007658216,1.94024436044519,1.96409090970471
1.64,2.46017628438602,2.40086363916347,0.0593126452225516,1.96807015224674,1.96411807504841
1.65,2.46432465628834,2.40086594828691,0.0634587080014262,1.99649554209818,1.96412373817364
1.66,2.46822553707622,2.40086010987461,0.0673654272016107,2.02544660050933,1.96410941946749
1.67,2.47187870745003,2.40084697114224,0.0710317363077921,2.05485212340629,1.96407719672634
1.68,2.47528439397798,2.4008273298332,0.0744570641447782,2.08464140488003,1.96402902641593
1.69,2.47844328865571,2.40080193118607,0.077641357469632,2.1147445520871,1.96396673623385
1.7,2.48135644342494,2.40077147572315,0.0805849677017907,2.14509304662923,1.96389204421103
1.71,2.48402530805691,2.40073661883644,0.0832886892204692,2.17561924199126,1.96380655769636
1.72,2.4864516779082,2.40069797035017,0.0857537075580312,2.20625687950134,1.96371177228379
1.73,2.48863768247115,2.40065610141498,0.0879815810561664,2.23694102903378,1.96360908872024
1.74,2.49058577061443,2.40061154321694,0.0899742273974828,2.26760811844672,1.96349980973955
1.75,2.49229869177832,2.40056478945127,0.0917339023270514,2.29819606697485,1.96338514612924
1.76,2.49377949079452,2.40051629845565,0.0932631923388767,2.32864440063772,1.96326622196247
1.77,2.49503148882375,2.40046649467073,0.0945649941530227,2.35889423960446,1.96314407817997
1.78,2.49605826004714,2.40041576922299,0.0956424908241473,2.3888884062719,1.96301967401938
1.79,2.4968636616556,2.40036448401845,0.0964991776371553,2.41857160656517,1.96289389705524
1.8,2.49745179313588,2.40031297121153,0.0971388219243479,2.44789033213906,1.96276756189629
1.81,2.49782700361438,2.40026153536032,0.097565468254059,2.47679303889151,1.96264141547118
1.82,2.49799387644424,2.40021045458894,0.0977834218553038,2.50523016460296,1.96251613987937
1.83,2.49795723726728,2.40015998235643,0.0977972549108466,2.53315424234951,1.96239235672915
1.84,2.49772216179321,2.40011033129536,0.0976118304978462,2.56051992979986,1.96227058750188
1.85,2.49729386013141,2.40006175101902,0.0972321091123898,2.58728393805896,1.96215144437415
1.86,2.49667785327565,2.40001440117523,0.0966634521004188,2.61340535775486,1.96203531888226
1.87,2.4958798404886,2.39997633589311,0.0959035045954888,2.63882128917155,1.96192261837047
1.88,2.49490588891365,2.399943027631,0.094962861282645,2.66350963807029,1.96181370035338
1.89,2.49376217498761,2.39991097260178,0.0938512023858293,2.68744577727039,1.96170888040782
1.9,2.49245499647788,2.39988025516565,0.0925747413122373,2.71059768587093,1.96160843439166
1.91,2.49099110511058,2.39985095939776,0.0911401457128194,2.73293697729648,1.96151263723067
1.92,2.48937659112324,2.39982312686409,0.0895534642591449,2.75443625616202,1.96142162484559
1.93,2.48761886855623,2.39979683143538,0.0878220371208518,2.775072407609,1.9613356387937
1.94,2.48572457658318,2.39977210291506,0.0859524736681205,2.79482338853265,1.96125477653226
1.95,2.48370043412685,2.39974895355475,0.0839514805721047,2.81366934746985,1.96117907812402
1.96,2.48155400298529,2.39972742042278,0.0818265825625013,2.83159411826121,1.96110866478251
1.97,2.47929260200734,2.399707518579,0.0795850834283369,2.84858328493732,1.96104358575334
1.98,2.47692363977455,2.39968925560368,0.0772343841708771,2.86462492240125,1.96098386582403
1.99,2.47445512552629,2.39967265896968,0.0747824665566101,2.87971034128489,1.96092959483087
2,2.47189404904742,2.39965769672864,0.0722363523187788,2.89383138269486,1.96088066830265
2.01,3.04957238078559,2.39965717164781,0.649915209137779,6.096,1.96087895128835
2.02,3.47683153739444,2.40083118688942,1.07600035050502,5.91785261274323,1.96403848584631
2.03,3.62024645369184,2.40447297730509,1.21577347638675,5.57663133366871,1.97296997684074
2.04,3.53085476208687,2.40992865984728,1.12092610223959,4.37407602088505,1.98635003827546
2.05,3.3463511140281,2.41595523235405,0.930395881674058,4.34663871894753,2.0011302073483
2.06,3.17917348453374,2.42160234404117,0.757571140492568,4.56346812234083,2.01497974876097
2.07,3.04135603421092,2.4268148153485,0.61454121886242,4.70053373969929,2.02776333464219
2.08,2.92978127370877,2.43166384740867,0.498117426300107,4.85391231022551,2.03965558576975
2.09,2.84170054129394,2.43621113579878,0.405489405495156,4.97218897576475,2.05080781054651
2.1,2.77250669030103,2.44052761788143,0.331979072419603,5.07543067479149,2.0613939828542
2.11,2.71845200880919,2.44467093394864,0.273781074860555,5.15824650230435,2.07155546550904
2.12,2.67618243698852,2.44869013502664,0.22749230196188,5.22707554815301,2.08141255615283
2.13,2.64305539664621,2.45262373534942,0.190431661296788,5.28344956957905,2.09105971094445
2.14,2.6169746728651,2.45650193500179,0.160472737863306,5.33032000935326,2.10057099559189
2.15,2.59633160029277,2.46034771096809,0.135983889324681,5.36943091172315,2.11000276114925
2.16,2.57989196193016,2.46417830017643,0.115713661753733,5.4024084342019,2.11939728118269
2.17,2.5667156902928,2.46800628785978,0.0987094024330157,5.43041987187088,2.12878542097611
2.18,2.55608705760339,2.47184054608806,0.0842465115153348,5.45441574214595,2.13818893928096
2.19,2.54747173441871,2.47568691288525,0.0717848215334609,5.47507977675458,2.14762215385106
2.2,2.54044041846492,2.47954892983444,0.060891488630487,5.49295778511756,2.15709375041896
2.21,2.53468450879031,2.48342805838123,0.0512564504090802,5.5084797200655,2.16660731317996
2.22,2.52994348242491,2.48732421899337,0.0426192634315399,5.52192196182025,2.17616264708124
2.23,2.52607349606478,2.49123609422982,0.0348374018349515,5.53373441081024,2.18575652109864
2.24,2.52289181484496,2.49516126342324,0.0277305514217194,5.54375131200977,2.19538299854549
2.25,2.52032593144931,2.4990964594927,0.0212294719566062,5.55252385848957,2.20503406690586
2.26,2.51826032910333,2.50303773725094,0.0152225918523898,5.55979856344609,2.21470005060794
2.27,2.51662884448384,2.50698050031159,0.00964834417224392,5.56592538049819,2.22436967701418
2.28,2.51535619900584,2.51091973228399,0.00443646672185594,5.57082464249097,2.23403064342648
2.29,2.51434179760749,2.51484998399774,-0.000508186390254739,5.57457758758165,2.24366958575446
2.3,2.51359766509148,2.51876540120332,-0.00516773611184052,5.57747005574447,2.25327214645115
2.31,2.51319894263885,2.52265980050608,-0.00946085786723527,5.57942583264686,2.26282316074117
2.32,2.51299942586412,2.52652724318604,-0.0135278173219131,5.58009624986924,2.27230806391376
2.33,2.51298585519162,2.53036136227513,-0.0173755070835093,5.57999999205803,2.28171124097975
2.34,2.51312061825721,2.53415570782788,-0.0210350895706672,5.57888936834716,2.29101687344788
2.35,2.51338228734772,2.537903760422,-0.0245214730742869,5.57694348020915,2.30020897243497
2.36,2.51375472496117,2.54159894782863,-0.0278442228674574,5.57411264311631,2.30927141954972
2.37,2.51422107550037,2.54523472344272,-0.031013647942352,5.57043917752973,2.31818815924327
2.38,2.51476610933084,2.54880457147653,-0.0340384621456882,5.56592619214661,2.32694321154619
2.39,2.51536993402279,2.55230206321031,-0.0369321291875182,5.5605776141696,2.33552081002329
2.4,2.51596466341658,2.55572107306565,-0.039756409649065,5.55441842769947,2.3439059316935
2.41,2.51652935050836,2.55905537181491,-0.0425260213065504,5.54755528194538,2.35208329937606
2.42,2.51721273578865,2.56229800153842,-0.0450852657497705,5.54000442761338,2.36003584877297
2.43,2.51787346578661,2.56544366012165,-0.0475701943350386,5.53146950875583,2.36775057644835
2.44,2.51855688632813,2.56848618295847,-0.0499292966303422,5.52233452073541,2.37521236370566
2.45,2.5192326888922,2.57141997584366,-0.0521872869514608,5.51234709371386,2.38240749075658
2.46,2.51988856387112,2.57423953196587,-0.0543509680947429,5.50158560455107,2.38932245214629
2.47,2.52048887566058,2.57693971426636,-0.0564508386057834,5.4891359569247,2.39594464923825
2.48,2.52070348950341,2.5795180459749,-0.0588145564714835,5.46532207625385,2.40226800775343
2.49,2.51803240753621,2.58199038744311,-0.0639579799069074,5.37211017944915,2.40833142520424
2.5,2.50625152528977,2.58440291613977,-0.0781513908499996,5.18170486192089,2.41424815183279
2.51,2.48178430688407,2.58677763518985,-0.104993328305777,4.93554753716236,2.42007215030311
2.52,2.44334932301214,2.58911704689885,-0.145767723886713,4.62824094356564,2.42580955751944
2.53,2.39041427626725,2.5914178959774,-0.201003619710154,4.25983850657513,2.43145238988458
2.54,2.32284360734477,2.59367440503827,-0.270830797693505,3.82848866234598,2.43698647835636
2.55,2.24083460721369,2.59587890444668,-0.355044297232987,3.33373559905877,2.44239301315548
2.56,2.14504721759153,2.598020807533,-0.452973589941476,2.77860857316884,2.44764603047469
2.57,2.03725781107137,2.60008123179463,-0.562823420723257,2.17920495186319,2.45269922097632
2.58,1.92528152683429,2.60199197053481,-0.676710443700525,1.67562020255728,2.45738530773663
2.59,1.83849654311116,2.60350740973152,-0.765010866620363,1.80991636420531,2.46110192236655
2.6,1.79768711095954,2.60446798011837,-0.806780869158834,1.86274455656425,2.46345772124031
2.61,1.78890219325868,2.60500612353968,-0.816103930280999,1.88825928731067,2.46477751798107
2.62,1.80216514063468,2.60521353269933,-0.803048392064653,1.87583628431343,2.46528618894511
2.63,1.82974427285921,2.60515789427946,-0.775413621420244,1.84512917630389,2.46514973572037
2.64,1.86622575903418,2.6048839789508,-0.738658219916615,1.79909786206134,2.46447795837683
2.65,1.90769441485081,2.60442184638933,-0.696727431538518,1.74472319360312,2.46334457826984
2.66,1.95139535439677,2.60379056606596,-0.652395211669197,1.68482624834809,2.46179636327678
2.67,1.99540403098136,2.60300163627189,-0.607597605290527,1.62236003310591,2.45986151295681
2.68,2.03839523494356,2.60206134433744,-0.563666109393877,1.55898547013514,2.45755544698757
2.69,2.07951244288461,2.6009721979082,-0.521459755023594,1.49604014489375,2.45488431536987
2.7,2.1182285396739,2.59973429430479,-0.481505754630891,1.43427780970717,2.4518483567825
2.71,2.15424120267752,2.5983463177298,-0.444105115052283,1.37422748234615,2.44844434423234
2.72,2.1874147917622,2.59680610743281,-0.409391315670608,1.3161734290046,2.44466697847895
2.73,2.21772831645506,2.59511113219395,-0.377382815738891,1.26025820495407,2.44051005170567
2.74,2.24523861342325,2.59325881073521,-0.348020197311961,1.20651435575954,2.43596723332811
2.75,2.27005334889598,2.59124673180471,-0.321193382908736,1.15490446452456,2.43103260975106
2.76,2.29231173230931,2.58907279776646,-0.296761065457153,1.1053440898895,2.42570103652225
2.77,2.31217074468792,2.58673531457374,-0.274564569885817,1.05772104341531,2.4199683589921
2.78,2.32979547543115,2.58423304306624,-0.254437567635091,1.01190784211045,2.41383153811995
2.79,2.34535239839052,2.58156522359082,-0.236212825200302,0.967770721260291,2.40728871085649
2.8,2.35900483453623,2.57873158173143,-0.2197267471952,0.925176794857827,2.40033920419632
2.81,2.37091004514542,2.57573232101417,-0.204822275868745,0.883999781760683,2.39298351728725
2.82,2.3812172482868,2.57256810915184,-0.19135086086504,0.844111500328682,2.38522328769488
2.83,2.39006626534794,2.56924006001247,-0.179173794664533,0.805400479692529,2.37706124718058
2.84,2.39758726881909,2.56574970863295,-0.168162439813859,0.767758978906681,2.36850116042231
2.85,2.4039005867197,2.56209898774587,-0.15819840102617,0.731093064715973,2.35954776744675
2.86,2.40911688375393,2.55829020273188,-0.149173318977954,0.695319216169478,2.35020672219994
2.87,2.41334185496613,2.55432597588784,-0.140984120921703,0.660365458994415,2.34048445586492
2.88,2.41666272280349,2.55020940426315,-0.13354668145966,0.626190668545529,2.33038856395537
2.89,2.41916727605432,2.54594358477041,-0.126776308716086,0.592612420304298,2.31992664164942
2.9,2.42093471315561,2.54153213860549,-0.120597425449879,0.559762278914382,2.30910756992996
2.91,2.42203767788725,2.53697886434564,-0.114941186458388,0.527469292415169,2.29794066480768
2.92,2.42253912152963,2.53228783031846,-0.109748708788839,0.495750664569985,2.28643590385603
2.93,2.42249772049118,2.52746331570727,-0.10496559521609,0.464555354385657,2.27460378177208
2.94,2.42196636135945,2.52250981213946,-0.10054345078001,0.433868214128155,2.26245531427203
2.95,2.4209934251648,2.51743200215399,-0.0964385769891849,0.403666731587733,2.25000198528266
2.96,2.41962288810673,2.51223474855932,-0.0926118604525876,0.373938026512263,2.23725572084174
2.97,2.41789486276673,2.50692308066159,-0.0890282178948527,0.344671270041018,2.22422885532254
2.98,2.41584645024502,2.50150217891133,-0.0856557286663171,0.315860777329944,2.21093409378005
2.99,2.41351401469491,2.49597734977303,-0.0824633350781174,0.287504133119508,2.19738445031836
3,2.41092576660419,2.49035407480992,-0.0794283082057237,0.259592464765844,2.18359336847132
3.01,2.40810391876581,2.48463810963355,-0.0765341908677351,0.232200840094602,2.16957496387627
3.02,2.40508315581337,2.47883483249686,-0.0737516766834898,0.205117229349513,2.15534242669855
3.03,2.40187985466734,2.47295023166315,-0.0710703769958032,0.178624332255175,2.14091044315387
3.04,2.39851842278493,2.46699018542523,-0.068471762640296,0.152554191714503,2.12629342975537
3.05,2.39501734552963,2.4609606977794,-0.0659433522497732,0.126991754814259,2.11150611130398
3.06,2.39139562040861,2.45486783617799,-0.0634722157693837,0.101918401302402,2.09656336822652
3.07,2.38767009220351,2.44871774821176,-0.0610476560082542,0.077359498735587,2.08148027748935
3.08,2.38385688500788,2.44251664207809,-0.0586597570702105,0.053322679677049,2.06627206469651
3.09,2.3799707760683,2.43627078672275,-0.0563000106544531,0.0298248662240712,2.05095410443754
3.1,2.3760254517396,2.42998650338189,-0.053961051642283,0.00688106864754179,2.03554189954408
3.11,2.37203356487723,2.42367015839482,-0.0516365935175909,-0.0154915725536608,2.0200510634633
3.12,2.36800675812011,2.41732815663302,-0.0493213985129111,-0.0372747100279223,2.00449730414248
3.13,2.36395515270889,2.41096693956302,-0.0470117868541307,-0.0584622893583915,1.9888964192783
3.14,2.35988950995529,2.40459295743403,-0.0447034474787413,-0.0790192597748516,1.97326422810696
3.15,2.35581733427521,2.39865952952896,-0.0428421952537512,-0.100308233789263,1.9576166615597
3.16,2.35183830669417,2.39387391634264,-0.0420356096484622,-0.122520446543145,1.94196770644042
3.17,2.34820409417174,2.38909119966292,-0.0408871054911866,-0.140037172092531,1.92632822289776
3.18,2.3449391294505,2.38431623500319,-0.0393771055526875,-0.159104377555218,1.91071408846043
3.19,2.34192709506524,2.3795547413634,-0.0376276462981653,-0.176984971193105,1.89514400425833
3.2,2.33913046424356,2.37481187418241,-0.0356814099388547,-0.19467067268711,1.87963482857649
3.21,2.33650196593562,2.37009280436327,-0.0335908384276546,-0.211633729099913,1.86420347026791
3.22,2.33401615549498,2.36540251983942,-0.0313863643444403,-0.227996702638423,1.8488662398749
3.23,2.33165317593933,2.36074592937442,-0.0290927534350818,-0.243650780580101,1.83363918905434
3.24,2.32940137550403,2.35612786057346,-0.0267264850694282,-0.258551614766485,1.81853810407521
3.25,2.32724818327353,2.35155306070559,-0.0243048774320527,-0.272713679880638,1.80357850850727
3.26,2.32518847525752,2.34702622448445,-0.0218377492269295,-0.286040129092691,1.78877575406415
3.27,2.32321841016515,2.3425519725372,-0.0193335623720543,-0.29857268172502,1.77414495019665
3.28,2.32133484695815,2.33813486666173,-0.0168000197035836,-0.310241261866497,1.75970101398385
3.29,2.31953759670338,2.33377939102798,-0.0142417943245974,-0.321033809794157,1.74545860866149
3.3,2.31782797460425,2.32948995854029,-0.0116619839360377,-0.330961567797085,1.73143216442674
3.31,2.31620120113864,2.32527095295874,-0.00906975182009528,-0.339981720543606,1.71763601617507
3.32,2.31466196075504,2.32112662349764,-0.00646466274260238,-0.34808898582572,1.70408405883729
3.33,2.31320855299938,2.31706119261237,-0.00385263961299254,-0.35526643856689,1.69079009984246
3.34,2.3118400883178,2.31307879475882,-0.00123870644101398,-0.361513095376136,1.67776765886133
3.35,2.3105758209472,2.30918335233658,0.00139246861061659,-0.366773938203764,1.66502956214062
3.36,2.30939718760028,2.30537893256822,0.00401825503205355,-0.371146460982906,1.65258910949809
3.37,2.30831746595166,2.30166932523366,0.00664814071800546,-0.374483601730339,1.64045869351405
3.38,2.30743019300623,2.29805770980895,0.00937248319727635,-0.376790537462397,1.62864871107527
3.39,2.30652384488066,2.29454903928735,0.0119748055933071,-0.37851804272976,1.61717535846964
3.4,2.30574275382964,2.29114597697763,0.0145967768520041,-0.378772162863859,1.60604734471686
3.41,2.30492827067486,2.28785299718836,0.0170752734865007,-0.378471437467869,1.59527930080594
3.42,2.304359405173,2.28467163723153,0.0196877679414711,-0.376537542683688,1.58487625374711
3.43,2.3036827531891,2.28160745844177,0.0220752947473306,-0.374464604196982,1.57485638910459
3.44,2.30342821423679,2.27866000333977,0.0247682108970197,-0.370218031964589,1.56521821092104
3.45,2.30336500075464,2.27583373733739,0.0275312634172553,-0.366208683215605,1.55597632109326
3.46,2.30327264010495,2.27313301238863,0.0301396277163186,-0.360815648268443,1.54714495051082
3.47,2.30335129414821,2.27055914565527,0.0327921484929452,-0.353478773231528,1.53872840629272
3.48,2.3038383878165,2.26811316295232,0.0357252248641857,-0.335584557342794,1.53073004285407
3.49,2.30705246569981,2.26578238808997,0.0412700776098411,-0.251797494785871,1.52310840905419
3.5,2.31913816840075,2.26352989347333,0.0556082749274189,-0.069010586174366,1.51574275165778
3.51,2.34382602184799,2.26133610768249,0.0824899141655027,0.169918699221848,1.50856907212173
3.52,2.38244576356048,2.25919742823055,0.123248335329924,0.470077540076469,1.50157559031391
3.53,2.43555155640837,2.25711495446462,0.178436601943753,0.831350572577045,1.49476590109931
3.54,2.50329306630523,2.2550918319699,0.248201234335326,1.25561677009892,1.48815029054157
3.55,2.58548886561908,2.25313269706769,0.332356168551391,1.74345563263409,1.48174391941133
3.56,2.68150807637966,2.25124440249011,0.43026367388955,2.29209708744894,1.47556919614267
3.57,2.78966699481353,2.24943988873997,0.540227106073565,2.88668544508865,1.46966843617969
3.58,2.90285257150565,2.2477666373282,0.655085934177447,3.40483774224064,1.46419690406321
3.59,2.99246634812942,2.24641036214932,0.746055985980102,3.28974758224753,1.45976188422828
3.6,3.03631725717341,2.24550366100744,0.790813596165976,3.22582373742051,1.45679697149432
3.61,3.04739104530051,2.24494754792074,0.802443497379771,3.20042007061626,1.45497848170083
3.62,3.0360779709853,2.24466599462858,0.791411976356725,3.20999037724822,1.45405780243544
3.63,3.01012792365039,2.24460465626735,0.765523267383034,3.24030629935135,1.45385722599425
3.64,2.97504895008111,2.24472678761254,0.730322162468566,3.28570606173513,1.45425659549302
3.65,2.9347954090909,2.24500766444548,0.689787744645426,3.34026686982932,1.45517506273671
3.66,2.89217713295338,2.24543115782343,0.646745975129945,3.40055706022742,1.45655988608262
3.67,2.84913878307909,2.2459873544082,0.603151428670885,3.46372866465002,1.45837864891483
3.68,2.80700271637169,2.2466705915988,0.56033212477289,3.52802215452778,1.46061283452807
3.69,2.76663664826941,2.24747809895243,0.519158549316983,3.59212943705078,1.46325338357444
3.7,2.72858224616507,2.2484089866329,0.480173259532168,3.65524194013133,1.46629738628958
3.71,2.69314667722543,2.24946353639054,0.44368314083489,3.71682392180856,1.46974576399706
3.72,2.66047060562413,2.2506426925584,0.409827913065727,3.77657514252679,1.47360160466597
3.73,2.63057920328202,2.25194769621971,0.378631507062314,3.83434387608836,1.47786896663845
3.74,2.603418935142,2.25337983477212,0.350039100369885,3.89008754980281,1.48255205970482
3.75,2.57888663834359,2.25494024572284,0.323946392620745,3.94381996190462,1.4876546035137
3.76,2.55683940746957,2.25662991165727,0.300209495812294,3.99566231642268,1.49317981111929
3.77,2.53712424060573,2.25844942249226,0.278674818113468,4.04566239132909,1.4991296115497
3.78,2.51957610931956,2.26039905709803,0.259177052221528,4.09397198876049,1.50550491671055
3.79,2.50402926565722,2.262478725135,0.241550540522213,4.14070347136164,1.51230543119146
3.8,2.4903205005293,2.26468797340789,0.225632527121411,4.18598590634289,1.5195296730438
3.81,2.4782926904288,2.26702598965587,0.211266700772927,4.22993721851637,1.52717498617471
3.82,2.46779812615139,2.26949160709335,0.198306519058038,4.27266939982594,1.53523755519526
3.83,2.45869446390608,2.27208335497503,0.186611108931051,4.31428782551043,1.54371257076835
3.84,2.45085108886987,2.27479944005957,0.1760516488103,4.35488851878154,1.55259416899479
3.85,2.44414704536495,2.27763778203045,0.166509263334504,4.39455568191568,1.56187554723957
3.86,2.43847083204028,2.28059603458205,0.157874797458227,4.43336440992607,1.57154903308332
3.87,2.43372011503664,2.28367160549511,0.150048509541524,4.47138052451193,1.58160614996902
3.88,2.42980125434128,2.28686167641851,0.142939577922779,4.50866042254821,1.59203768188851
3.89,2.42662877254565,2.29016322158745,0.136465550958206,4.54525221861165,1.60283373459095
3.9,2.42412480662191,2.29357302532904,0.130551781292868,4.58119611954158,1.61398379282596
3.91,2.42221854483117,2.29708769845314,0.125130846378022,4.61652515730767,1.62547677394178
3.92,2.4208479595341,2.30070367436618,0.120144285167919,4.65126274430314,1.63730101517741
3.93,2.41995165584493,2.30441728564417,0.11553437020076,4.68543271689697,1.64944452405643
3.94,2.41947692098885,2.30822470820058,0.111252212788269,4.71905115864855,1.66189479581589
3.95,2.41938249197672,2.31212198928781,0.107260502688905,4.75215716853331,1.67463890497115
3.96,2.41961777079518,2.31610509458772,0.103512676207461,4.78467507062513,1.68766365930184
3.97,2.42014223788523,2.32016988367238,0.0999723542128494,4.81668310045081,1.70095551960867
3.98,2.42091783084351,2.3243121340441,0.0966056967994078,4.84814536992771,1.7145006783242
3.99,2.42191526456863,2.32852751211026,0.0933877524583671,4.87908399525105,1.72828496460055
4,2.4231074261618,2.33281156993262,0.0902958562291887,4.9094332685062,1.74229383367965
4.01,2.42446819995242,2.33715995660124,0.0873082433511834,4.9393283561129,1.75651305808605
4.02,2.42597557054209,2.34156810826902,0.0844074622730688,4.96857705376352,1.77092771403969
4.03,2.4276063727879,2.34603148248706,0.0815748903008382,4.99728269174211,1.78552294773268
4.04,2.42934201956348,2.35054547774966,0.0787965418138219,5.02538438159581,1.80028371224138
4.05,2.43116466352952,2.35510546325578,0.076059200273745,5.05288721730578,1.81519486484639
4.06,2.43305860273547,2.35970677444345,0.073351828292024,5.07976782224019,1.83024115243009
4.07,2.43500947752953,2.36434472272565,0.0706647548038788,5.10601526396082,1.84540724331287
4.08,2.43700427263455,2.36901459990486,0.0679896727296891,5.13160872701768,1.8606777416889
4.09,2.43903116250487,2.37371168340793,0.0653194790969471,5.15653467479635,1.87603720474392
4.1,2.44107933547317,2.37843124173031,0.0626480937428693,5.18077606810929,1.8914701604581
4.11,2.4431353283542,2.38316848911732,0.0599668392368775,5.20425532941947,1.90696095941364
4.12,2.4451972797726,2.38791879516865,0.0572784846039496,5.22717559889594,1.9224944602015
4.13,2.44725668905703,2.3926773542959,0.0545793347611245,5.24922473794551,1.9380549485476
4.14,2.44930388231662,2.39743945904098,0.0518644232756418,5.27057841224121,1.953627031064
4.15,2.45133424963031,2.40293385093392,0.0484003986963892,5.28889484100951,1.96919526941544
4.16,2.45346724101321,2.40927275889492,0.0441944821182885,5.30694376721191,1.9847414411898
4.17,2.45593367686238,2.41559469694377,0.040338979918602,5.32649288762019,2.00024599425461
4.18,2.45867173291512,2.42189397568794,0.0367777572271724,5.34362544129089,2.01569497537468
4.19,2.46157496367631,2.42816538717034,0.033409576505961,5.36019192696237,2.03107561203527
4.2,2.46459906582062,2.43440319541434,0.030195870406279,5.37551726564252,2.04637383675368
4.21,2.4676737478463,2.44060181726297,0.0270719305833373,5.38988874346427,2.06157595683742
4.22,2.47080337013726,2.44675535910459,0.0240480110326664,5.40343086110488,2.07666751820401
4.23,2.4739422446168,2.45285811206341,0.0210841325533893,5.4158894766872,2.09163451983551
4.24,2.47706588178456,2.45890434231718,0.0181615394673722,5.42748148996961,2.10646289953289
4.25,2.48014667961833,2.46488836655229,0.0152583130660444,5.43809871730011,2.12113871896948
4.26,2.48319821947433,2.47080436300626,0.0123938564680666,5.44790837399195,2.13564770027286
4.27,2.4861990573893,2.47664674770379,0.0095523096855028,5.45671971097147,2.14997614874356
4.28,2.48913652389727,2.48241000529928,0.00672651859799345,5.46465706089718,2.16411053799648
4.29,2.49200671506323,2.48808862393664,0.00391809112658281,5.47167847800101,2.17803735020462
4.3,2.49478207415793,2.49367733384205,0.00110474031588126,5.47774052773231,2.19174366124763
4.31,2.49749983090863,2.49917059350735,-0.00167076259871513,5.4830395514738,2.20521588057678
4.32,2.50010156865629,2.50456353851034,-0.00446196985405178,5.48723767344245,2.21844207819661
4.33,2.50265624261203,2.5098505868098,-0.00719434419777087,5.49077024767392,2.23140856415104
4.34,2.5050428435778,2.51502758150142,-0.00998473792361798,5.4930863706796,2.24410514363223
4.35,2.50743985163515,2.52008835595747,-0.0126485043223212,5.49495482821156,2.25651669298569
4.36,2.50975468036619,2.52502879746683,-0.0152741171006454,5.49549829576239,2.26863312578741
4.37,2.51199117914664,2.52984422441846,-0.0178530452718229,5.49530844154439,2.28044296038628
4.38,2.51419281495353,2.5345297504819,-0.0203369355283649,5.49419203057275,2.29193421305685
4.39,2.51603410508328,2.53908351401061,-0.0230494089273257,5.49178653990406,2.30310231811102
4.4,2.51809031133483,2.54349669904328,-0.0254063877084434,5.48958998316939,2.31392565440364
4.41,2.51971932895461,2.54777032918718,-0.0280510002325696,5.48498625943489,2.32440673233157
4.42,2.52116960600698,2.55189847962146,-0.030728873614474,5.48089750490866,2.33453102127163
4.43,2.52265019079169,2.55587556270063,-0.0332253719089386,5.47551869998144,2.34428481752328
4.44,2.52401283543079,2.55969913893131,-0.0356863035005275,5.46923314274907,2.35366213822905
4.45,2.52527815240845,2.56336548299151,-0.0380873305830653,5.46214348824909,2.36265384703669
4.46,2.52641188073611,2.56687150900267,-0.0404596282665661,5.45408383736948,2.37125237582906
4.47,2.52739671020488,2.57021411927951,-0.0428174090746305,5.44428510188489,2.37945012753301
4.48,2.5279014096651,2.57339301983701,-0.0454916101719074,5.42259965113494,2.38724638115027
4.49,2.52539499907715,2.57642644230038,-0.0510314432232293,5.33059303958515,2.39468584974168
4.5,2.51368448885218,2.57936230793887,-0.0656778190866918,5.14239510138129,2.40188606022009
4.51,2.48925743977364,2.58222406530111,-0.0929666255274708,4.89844084563549,2.40890452015097
4.52,2.45084915960547,2.58501600957502,-0.134166849969557,4.59338852014294,2.41575176348274
4.53,2.397933313055,2.5877367076012,-0.189803394546197,4.22723246539792,2.42242427539194
4.54,2.33037706778212,2.59038216728549,-0.260005099503374,3.79812321755742,2.42891226526768
4.55,2.24837943460639,2.59294644731081,-0.344567012704414,3.30559515341893,2.43520116202976
4.56,2.15260134684871,2.59542062873147,-0.442819281882758,2.75268218987257,2.44126909196393
4.57,2.04481957288591,2.59778743271377,-0.552967859827858,2.15550413706822,2.44707367873052
4.58,1.93284382643244,2.59998022266645,-0.66713639623401,1.65412616354521,2.45245149608948
4.59,1.84601930159228,2.60175506782288,-0.755735766230597,1.78953851980332,2.45680430383561
4.6,1.80519228712791,2.60295320308346,-0.797760915955556,1.84390537560012,2.45974273056219
4.61,1.79626249519109,2.60370984941075,-0.807447354219655,1.870438410639,2.46159840567986
4.62,1.80934626633507,2.60411720597717,-0.794770939642097,1.85946574093102,2.46259744765901
4.63,1.83671748859,2.60424415404733,-0.767526665457334,1.82987157720837,2.46290878780108
4.64,1.87299121934348,2.60413640362794,-0.731145184284463,1.78508610618624,2.46264452989753
4.65,1.91424212769547,2.60382521432556,-0.68958308663009,1.73174154829031,2.46188133813345
4.66,1.95772109872876,2.6033306646185,-0.645609565889739,1.67290251984195,2.46066845497688
4.67,2.00149182428885,2.60266533942125,-0.601173515132395,1.61138900969968,2.45903674493061
4.68,2.04425753292015,2.60183624659826,-0.557578713678114,1.54894743007462,2.45700339478223
4.69,2.08514668190162,2.60084690634807,-0.515700224446448,1.48683875612798,2.45457703781865
4.7,2.12363518505698,2.59969823383061,-0.476063048773633,1.42588193263367,2.45175991846958
4.71,2.15941519070506,2.59838976744922,-0.438974576744159,1.36660023651947,2.44855090466921
4.72,2.19236300074188,2.59691996267051,-0.404556961928628,1.30921617611149,2.44494620844942
4.73,2.22245551883386,2.59528702976688,-0.372831510933012,1.25397136745585,2.44094144050326
4.74,2.24975012307973,2.59348904550796,-0.343738922428224,1.20083173148206,2.43653188410826
4.75,2.2743537549369,2.59152422704367,-0.317170472106769,1.14978997189339,2.4317131668246
4.76,2.29640586943326,2.58939105820053,-0.292985188767266,1.10075393543767,2.4264815702368
4.77,2.31606358679157,2.58708839049725,-0.271024803705676,1.05361872815047,2.4208342776945
4.78,2.3334923484894,2.58461549351463,-0.251123145025228,1.00825734108123,2.41476949784462
4.79,2.34885892993409,2.58197208342458,-0.233113153490487,0.964538756881827,2.40828653459878
4.8,2.36232687311559,2.57915833060641,-0.216831457490814,0.922330514637646,2.40138580581221
4.81,2.37405352628044,2.57617485416715,-0.202121327886704,0.881507650988598,2.39406882984493
4.82,2.3841882478331,2.57302270830956,-0.18883446047646,0.841948996853308,2.38633819212919
4.83,2.39287112254023,2.56970336545572,-0.176832242915496,0.803539599111535,2.37819750378016
4.84,2.4002323116357,2.56621869576216,-0.165986384126458,0.766175320951206,2.36965135135669
4.85,2.40639215510103,2.56257094257054,-0.156178787469509,0.729762572513339,2.36070523665425
4.86,2.41146129369811,2.55876269938245,-0.14730140568434,0.694219779083407,2.35136552023545
4.87,2.41553635399266,2.5547970403513,-0.139260686358639,0.659532453891231,2.34163974146156
4.88,2.41872262417503,2.55067685485846,-0.131954230683429,0.625436794592405,2.33153498654038
4.89,2.42109963976082,2.54640580884718,-0.125306169086359,0.592127408358708,2.32106024619771
4.9,2.42274599812374,2.54198765602861,-0.119241657904862,0.559387208299994,2.31022472641016
4.91,2.42373209634064,2.53742640650228,-0.113694310161641,0.527252684002992,2.29903826194685
4.92,2.42412254590498,2.53272629014972,-0.108603744244738,0.495652366238949,2.28751122659219
4.93,2.42397523604724,2.52789175383067,-0.103916517783434,0.464572781220754,2.27565452626972
4.94,2.42334323271321,2.52292743471788,-0.0995842020046758,0.433984750512358,2.26347953364561
4.95,2.42227467619711,2.51783815154247,-0.0955634753453576,0.403872755738065,2.25099806665791
4.96,2.42081345446161,2.51262888989523,-0.0918154354336211,0.374222262161394,2.23822235246805
4.97,2.4189995152747,2.50730479123018,-0.0883052759554883,0.345024260231974,2.22516500049203
4.98,2.41686965060653,2.50187113868987,-0.0850014880833356,0.316273227645925,2.2118389676369
4.99,2.41446035228565,2.4963333281946,-0.0818729759089494,0.28796843751598,2.19825748739727
5,2.41179957859107,2.49069692482066,-0.0788973462295925,0.260100447821924,2.18443420812267
5.01,2.40891370633441,2.48496768384861,-0.0760539775142015,0.232725399351865,2.17038324463872
5.02,2.40582761363605,2.47915120962572,-0.0733235959896694,0.205695386880772,2.15611834160707
5.03,2.40256312441849,2.47325346111381,-0.0706903366953235,0.179217981259045,2.14165411338162
5.04,2.39914413659928,2.46728037261673,-0.0681362360174491,0.153172079725359,2.12700511384252
5.05,2.39558927105939,2.46123799187209,-0.0656487208126957,0.12762301844944,2.11218617506629
5.06,2.39191717536245,2.45513242857444,-0.0632152532119905,0.102560964817649,2.09721228107882
5.07,2.38814457893514,2.44896986524759,-0.0608252863124568,0.0780083612774551,2.08209859451973
5.08,2.38428741130155,2.44275654085003,-0.0584691295484872,0.0539746368542073,2.06686041643471
5.09,2.38036029552619,2.43649875033682,-0.0561384548106325,0.030476579917901,2.05151318520105
5.1,2.3763767628521,2.43020283688378,-0.0538260740316758,0.00752974763355496,2.03607245745746
5.11,2.37234932381825,2.42387518495685,-0.0515258611385945,-0.0148484840947329,2.02055389110667
5.12,2.36828948606701,2.41752221412062,-0.0492327280536169,-0.0366394395440461,2.00497323013083
5.13,2.36420725063905,2.41115037734678,-0.0469431267077263,-0.0578367077136481,1.98934630044298
5.14,2.36011328225421,2.40476613345698,-0.0446528512027635,-0.0784050330430497,1.97368894230323
5.15,2.35601479649727,2.39878198933723,-0.0427671928399675,-0.0995817865956083,1.95801710513276
5.16,2.35200370535801,2.39398928055775,-0.0419855751997456,-0.121992881734302,1.94234494742385
5.17,2.34833752097542,2.38919975486686,-0.0408622338914446,-0.13943227436429,1.92668319841464
5.18,2.34504722798917,2.38441822580829,-0.0393709978191157,-0.158541584818753,1.9110475983931
5.19,2.3420124943968,2.37965043756262,-0.037637943165826,-0.17642076825565,1.89545693082978
5.2,2.33919662821753,2.37490153789773,-0.0357049096802036,-0.194125819856704,1.87992802892559
5.21,2.33655134993748,2.37017670084779,-0.0336253509103108,-0.211102559646442,1.86447781177227
5.22,2.33405098028449,2.36548091143164,-0.0314299311471538,-0.227483886616628,1.84912258038148
5.23,2.33167522381122,2.3608190760119,-0.0291438522006797,-0.243155437320017,1.83387837855892
5.24,2.32941467244829,2.35619600331446,-0.0267813308661702,-0.258070120985187,1.81876093083829
5.25,2.32726522001801,2.35161641444713,-0.0243511944291273,-0.272221428088401,1.80378567524213
5.26,2.32519382201222,2.34708510024942,-0.0218912782372067,-0.285640294456492,1.78896827781561
5.27,2.32321229444808,2.34260661212029,-0.0193943176722087,-0.298155165205894,1.77432362163334
5.28,2.3213200092461,2.33818548810765,-0.0168654788615581,-0.30985314718235,1.75986654611203
5.29,2.31951514383338,2.33382621540654,-0.0143110715731583,-0.320656775595312,1.74561172437937
5.3,2.3177994074978,2.32953319678703,-0.0117337892892251,-0.33060313761021,1.73157355349358
5.31,2.31616759885635,2.32531081077225,-0.00914321191590384,-0.339638897290133,1.71776635122526
5.32,2.31462422927618,2.32116329935519,-0.00653907007900756,-0.347763668628947,1.70420398889147
5.33,2.31316750846004,2.3170948776107,-0.00392736915065361,-0.354956350565053,1.69090024978698
5.34,2.31179635220861,2.31310967270618,-0.00131332049756772,-0.361221321451263,1.67786862974919
5.35,2.31052984067551,2.30921160002278,0.00131824065273101,-0.366497633353722,1.66512193207448
5.36,2.30934971673097,2.30540471695751,0.00394499977346241,-0.370884634228492,1.65267342445105
5.37,2.30826893003581,2.30169280735863,0.00657612267717278,-0.374238058669445,1.64053548006273
5.38,2.30738037127242,2.29807904586399,0.00930132540842887,-0.376558552916451,1.62871847997526
5.39,2.30646335851545,2.29456843942267,0.0118949190927862,-0.37830353225647,1.61723879691212
5.4,2.30561319851576,2.29116395740123,0.0144492411145216,-0.37863548111457,1.60610614070204
5.41,2.30481208658785,2.28786917211193,0.0169429144759183,-0.378141217988049,1.59533219280601
5.42,2.30427397402799,2.28468602192439,0.0195879521036009,-0.376311827017884,1.58492329169275
5.43,2.30391586125256,2.28161822652601,0.0222976347265482,-0.373959937997492,1.57489160074005
5.44,2.30350371695192,2.2786704453512,0.0248332716007251,-0.370692517475033,1.56525235629842
5.45,2.30327554036316,2.27584402708612,0.027431513277044,-0.366027268556205,1.55600996857161
5.46,2.3031725524233,2.27314219874062,0.0300303536826827,-0.360640353330798,1.54717498988182
5.47,2.30322879358278,2.27056742707176,0.0326613665110158,-0.353301295520925,1.53875548652467
5.48,2.30375034531161,2.26812021637324,0.0356301289383727,-0.335457503419589,1.53075310754048
5.49,2.30697242501105,2.26578849118884,0.0411839338222162,-0.251724300055613,1.52312836618749
5.5,2.31906174911523,2.26353515454804,0.0555265945671852,-0.0689804969090653,1.5157599553721
5.51,2.34375176061317,2.26134060953671,0.0824111510764589,0.169933448728248,1.50858379318504
5.52,2.38237284848507,2.25920124372706,0.12317160475801,0.470065449462509,1.50158806698749
5.53,2.43547977530297,2.25711815424233,0.178361621060639,0.831317126011711,1.49477636437241
5.54,2.50322239661573,2.25509447202779,0.248127924587937,1.25557310739477,1.48815892353088
5.55,2.58541934541445,2.25313482735961,0.332284518054839,1.74338540148191,1.48175088546592
5.56,2.68143989059743,2.25124607259245,0.430193818004982,2.29201400361234,1.4755746573773
5.57,2.78960078043416,2.24944114162829,0.540159638805865,2.88659673366351,1.46967253312452
5.58,2.90279223984655,2.2477674911567,0.655024748689849,3.40483448736667,1.46419969608242
5.59,2.99241937655249,2.2464108014467,0.746008575105783,3.28989082751435,1.45976332073072
5.6,3.03628256929542,2.24550374451871,0.790778824776706,3.22585362149978,1.45679724457619
5.61,3.04736503710194,2.24494733446613,0.802417702635812,3.20047844048945,1.45497778370425
5.62,3.036059215679,2.24466552573286,0.791393689946145,3.21001942757896,1.45405626914645
5.63,3.01011391998131,2.24460397700041,0.765509942980905,3.24033398333148,1.45385500479133
5.64,2.97503847261145,2.24472593157802,0.730312541033423,3.28572436518214,1.45425379626014
5.65,2.93478724736829,2.24500666245673,0.689780584911563,3.34028126794481,1.4551717862335
5.66,2.89217054217817,2.24543003527404,0.646740506904135,3.40056744112722,1.45655621534611
5.67,2.84913323892461,2.24598613319676,0.603147105727851,3.46373617747996,1.45837465555342
5.68,2.80699790179137,2.24666929044043,0.560328611350946,3.52802763713211,1.46060857974019
5.69,2.76663230756556,2.24747673448682,0.519155573078741,3.59213308646972,1.46324892177191
5.7,2.72857820173958,2.2484075734788,0.480170628260777,3.65524425276839,1.46629276527567
5.71,2.69314281650283,2.24946208736909,0.443680729133739,3.71682512802714,1.46974102569692
5.72,2.66046685830547,2.25064121896256,0.409825639342908,3.77657547640608,1.47359678600757
5.73,2.63057553008184,2.25194620799427,0.37862932208757,3.83434349220209,1.47786410014126
5.74,2.60341531856568,2.25337834066944,0.350036977896237,3.89008658584969,1.48254717398908
5.75,2.57888304142685,2.25493875389834,0.323944287528509,3.94381877977236,1.48764972524758
5.76,2.55683588579244,2.25662842831562,0.300207457476827,3.9956603819187,1.49317496059206
5.77,2.53712079134543,2.2584479536266,0.278672837718829,4.04566025759894,1.49912480835898
5.78,2.51957274456579,2.26039760785612,0.259175136709671,4.09396948277432,1.50550017768951
5.79,2.50402599327329,2.26247730000528,0.241548693268009,4.14070073534369,1.51230077101727
5.8,2.49031733150052,2.26468657622882,0.225630755271701,4.18598294208461,1.51952510426825
5.81,2.47828963431159,2.26702462369939,0.211265010612192,4.22993407666691,1.52717051949702
5.82,2.46779519009414,2.26949027512064,0.198304914973499,4.27266611223891,1.53523319964449
5.83,2.45869165604113,2.27208205926149,0.186609596779638,4.31428441291306,1.54370833378506
5.84,2.45084841555463,2.27479818245615,0.176050233098477,4.35488500754149,1.55259005663162
5.85,2.44414451202276,2.27763656399855,0.166507948024211,4.39455210328409,1.56187156427525
5.86,2.43846844180738,2.28059485724011,0.157873584567267,4.43336076726488,1.57154518317516
5.87,2.43371786918019,2.28367046965058,0.150047399529615,4.47137684303362,1.58160243575739
5.88,2.42979915301204,2.28686058259554,0.142938570416505,4.50865671625475,1.59203410508741
5.89,2.42662681464684,2.29016217005809,0.136464644588756,4.5452485040354,1.60283029608995
5.9,2.42412299005673,2.29357201613972,0.130550973917008,4.58119241029531,1.61398049277688
5.91,2.42221686659833,2.2970867314501,0.125130135148224,4.61652146643493,1.62547361184184
5.92,2.42084641902072,2.30070274919982,0.120143669820903,4.6512591216919,1.63729798988341
5.93,2.41995024865951,2.30441640182991,0.115533846829599,4.68542911190529,1.64944163398381
5.94,2.41947609583638,2.30822386505936,0.111252230777019,4.71904952553174,1.6618920387441
5.95,2.41937584540769,2.31212118192529,0.107254663482398,4.75211458784607,1.67463626489569
5.96,2.41961161007178,2.31610432276379,0.103507287307989,4.78469691913208,1.68766113543759
5.97,2.4201381499901,2.32016913675902,0.0999690132310795,4.81667628483506,1.70095307720199
5.98,2.42091465301877,2.32431141927874,0.0966032337400291,4.84814818264888,1.71449834104147
5.99,2.42191301338377,2.32852682878745,0.0933861845963242,4.87908148503941,1.72828273013495
6,2.42310576979434,2.3328109189754,0.0902948508189323,4.90943164585561,1.74229170504957
6.01,2.42446703113428,2.33715933821564,0.087307692918642,4.93932602760851,1.75651103596514
6.02,2.42597475671385,2.3415675222614,0.0844072344524485,4.93932602760851,1.77092579779478
6.03,2.42760582886318,2.34603092828126,0.0815749005819235,4.99727998619229,1.78552113547971
6.04,2.42934167857863,2.35054495459597,0.0787967239826588,5.02538160842582,1.80028200152883
6.05,2.43116447658373,2.35510497025148,0.0760595063322471,5.05288441254347,1.81519325272236
6.06,2.43305853264253,2.3597063105893,0.0733522220532257,5.05288441254347,1.83023963562703
6.07,2.43500949658662,2.36434428695259,0.0706652096340319,5.10601252720894,1.84540581833495
6.08,2.43700435982235,2.36901419110202,0.0679901687203355,5.13160605936911,1.86067640490359
6.09,2.43903130189236,2.37371130044084,0.0653200014515227,5.15653209114137,1.87603595244154
6.1,2.44107951480577,2.37843088345649,0.0626486313492804,5.15653209114137,1.89146898890271
6.11,2.44313553887372,2.38316815439558,0.0599673844781381,5.20425296414197,1.90695986487356
6.12,2.44519751431795,2.38791848286628,0.0572790314516776,5.22717330038873,1.92249343897272
6.13,2.44725694092159,2.39267706330809,0.0545798776134978,5.24922255799234,1.93805399701746
6.14,2.44930414725043,2.39743918827822,0.0518649589722047,5.24922255799234,1.95362614566978
6.15,2.45133452336136,2.40293351547485,0.0484010078865115,5.27057632966872,1.96919444670208
6.16,2.45346750885793,2.4092724477696,0.044195061088339,5.30694174501981,1.98474067815493
6.17,2.45593392970349,2.41559440881943,0.0403395208840611,5.32649119166019,2.00024528762965
6.18,2.45867198022082,2.42189370917663,0.0367782710441928,5.34362376823894,2.01569432175568
6.19,2.46157520498336,2.42816514102101,0.0334100639623445,5.34362376823894,2.03107500835403
6.2,2.4645993038468,2.43440296839954,0.0301963354472616,5.37551580888797,2.04637327999987
6.21,2.46767398669939,2.44060160818481,0.0270723785145783,5.38988737242464,2.06157544407325
6.22,2.47080360589977,2.44675516690383,0.0240484389959423,5.40342957977063,2.07666704683164
6.23,2.47394247802301,2.45285793568016,0.0210845423428465,5.40342957977063,2.0916340872556
6.24,2.4770661129035,2.45890418074465,0.0181619321588515,5.42748036064676,2.10646250327626
6.25,2.47997472909465,2.3883641622249,0.0916105668697469,5.60041993337049,1.92395081047542
6.26,2.37557931812222,2.39432966810839,-0.0187503499861661,3.12932071412158,1.94345801471444
6.27,2.25017744255924,2.40021035937019,-0.150032916810952,3.12932071412158,1.96251590635539
6.28,2.19190430840386,2.4073241145601,-0.215419806156242,4.00635374510651,1.97996239095864
6.29,2.14894566762094,2.41409860910619,-0.265152941485247,4.25174447251067,1.99657683883293
6.3,2.13079552745259,2.42049879650954,-0.28970326905695,4.20865520531048,2.01227329843965
6.31,2.12458115165851,2.42660986839687,-0.302028716738352,4.20865520531048,2.02726070224332
6.32,2.12868110102956,2.43245211348064,-0.30377101245108,4.24203977312806,2.04158880831127
6.33,2.13884287220329,2.4380571846196,-0.299214312416307,4.2386027188703,2.05533524527957
6.34,2.15325338237272,2.44344205564202,-0.290188673269299,4.22102380418215,2.06854164146205
6.35,2.17004104939316,2.44862280839186,-0.278581758998697,4.22102380418215,2.08124743758103
6.36,2.18809735044053,2.45361054202644,-0.26551319158591,4.1785229212586,2.09347985431984
6.37,2.20654666392311,2.45841453723613,-0.251867873313021,4.15378617510559,2.10526165257161
6.38,2.22482217022002,2.46304194974524,-0.238219779525216,4.12770928538437,2.11661038175019
6.39,2.24253150616418,2.46749864866299,-0.224967142498809,4.12770928538437,2.12754043584598
6.4,2.25942109148221,2.47178957016865,-0.212368478686439,4.10119546234629,2.13806392083862
6.41,2.27536322721521,2.47591858648398,-0.200555359268771,4.04798712710344,2.14819033335196
6.42,2.29027879211022,2.47988931587979,-0.189610523769577,4.02181564032134,2.1579285471952
6.43,2.3041547224536,2.48370482189973,-0.179550099446129,3.99605447231657,2.16728607570909
6.44,2.31699746661837,2.48736791773079,-0.170370451112421,3.99605447231657,2.17626981823476
6.45,2.3288458651248,2.49088111738131,-0.162035252256512,3.94600529146893,2.18488594037766
6.46,2.33974542708501,2.49424677604161,-0.154501348956593,3.92147526378795,2.19314021824204
6.47,2.3496667086692,2.4974674750311,-0.147800766361896,3.89424007327836,2.20103898251377
6.48,2.35778226293312,2.50054950372443,-0.142767240791314,3.89424007327836,2.20859765788417
6.49,2.35981878550572,2.5035150128948,-0.143696227389081,3.69136250817064,2.2158705691245
6.5,2.35052164050037,2.5063897041951,-0.15586806369473,3.47601675644288,2.22292074953849
6.51,2.32777434559678,2.50918369562954,-0.181409350032763,3.2042281982261,2.22977301353145
6.52,2.29070861546147,2.51190109695023,-0.221192481488759,3.2042281982261,2.23643744027043
6.53,2.23897409422925,2.51454367133437,-0.275569577105123,2.48378610880237,2.24291835394755
6.54,2.17255035326503,2.5171118091608,-0.344561455895762,2.03180559031333,2.24921671196685
6.55,2.09174842524061,2.51960457757707,-0.427856152336459,1.51812258471093,2.25533022650775
6.56,1.99742472447185,2.52201880123355,-0.524594076761698,1.51812258471093,2.26125111002527
6.57,1.89201554146068,2.52434444581835,-0.632328904357665,0.345598206972518,2.2669547533695
6.58,1.78830732353275,2.52652516002577,-0.73821783649302,-0.01435228962154,2.27230295496319
6.59,1.7174978341777,2.5284240127089,-0.810926178531198,0.16522021659947,2.27695989116858
6.6,1.69074693849855,2.52999902904699,-0.839252090548437,0.16522021659947,2.28082261873774
6.61,1.69248125137443,2.53132716555034,-0.838845914175909,0.213627747189946,2.28407987351222
6.62,1.71446904146246,2.53244934888941,-0.817980307426947,0.197176710226941,2.28683202815127
6.63,1.74930481016864,2.53340101521734,-0.784096205048695,0.170493737482447,2.28916598982053
6.64,1.79212597108012,2.5342049920988,-0.742079021018673,0.170493737482447,2.2911377431223
6.65,1.83924522514925,2.53487812019751,-0.695632895048259,0.129065916033877,2.29278858978439
6.66,1.88810902057942,2.53543169416392,-0.647322673584503,0.0300861690734213,2.29414622993701
6.67,1.93691033064155,2.53587339034142,-0.598963059699876,-0.0230597582010237,2.29522948981234
6.68,1.98441377051722,2.5362081632603,-0.551794392743076,-0.0763145500613889,2.29605052039589
6.69,2.02981990856653,2.53643894240123,-0.506619033834696,-0.0763145500613889,2.29661650623902
6.7,2.07263667215157,2.53656727416074,-0.463930602009165,-0.178638867541097,2.29693123987922
6.71,2.11261625662451,2.53659358007955,-0.423977323455045,-0.226615823653958,2.29699575514511
6.72,2.1496430414142,2.53651776632511,-0.386874724910912,-0.271991014806187,2.29680982191234
6.73,2.18371757413041,2.53633924453577,-0.35262167040536,-0.271991014806187,2.29637199722398
6.74,2.214921535069,2.53605711954274,-0.32113558447374,-0.354673644066931,2.29568008567858
6.75,2.24337966996627,2.53567035124463,-0.29229068127836,-0.392000788804048,2.29473153642746
6.76,2.26924623171268,2.53517781715476,-0.265931585442075,-0.426752730362546,2.29352359657204
6.77,2.29269491559587,2.53457836183548,-0.241883446239611,-0.426752730362546,2.29205343240152
6.78,2.31390215654046,2.53387085961798,-0.219968703077519,-0.489059928468818,2.29031828321309
6.79,2.33304474500245,2.53305422652908,-0.200009481526633,-0.516890657006971,2.28831549056258
6.8,2.3502941517172,2.53212744213221,-0.181833290415006,-0.542701015743267,2.28604255182924
6.81,2.36581020123022,2.53108956763023,-0.165279366400011,-0.542701015743267,2.28349716461315
6.82,2.37974460200739,2.52993973678736,-0.150195134779965,-0.588835461289961,2.28067720447099
6.83,2.39225433002102,2.52867712297412,-0.136422792953105,-0.609400592187091,2.27758064409404
6.84,2.4034580275223,2.52730107099948,-0.123843043477179,-0.628510881926974,2.27420587662621
6.85,2.41347748489217,2.52581094572175,-0.112333460829577,-0.628510881926974,2.27055134438259
6.86,2.42241439653351,2.52420633825641,-0.101791941722896,-0.662656305898657,2.26661604457384
6.87,2.43038767273972,2.52248648681057,-0.0920988140708552,-0.677991308035478,2.26239810890293
6.88,2.43747214754558,2.52065116711013,-0.0831790195645534,-0.692190778464273,2.2578969873376
6.89,2.44374896024219,2.51870005881256,-0.0749510985703721,-0.692190778464273,2.25311189423781
6.9,2.4492889057387,2.51663292575179,-0.0673440200130904,-0.705413188223428,2.24804225040626
6.91,2.45415393423629,2.51444966235495,-0.0602957281186605,-0.729127723921646,2.24268779692552
6.92,2.45840686567143,2.51215005000562,-0.0537431843341882,-0.739770889616206,2.23704799763878
6.93,2.46209466496308,2.50973414428159,-0.0476394793185069,-0.749664512058515,2.2311229888506
6.94,2.46526209280179,2.50720201094259,-0.0419399181407943,-0.749664512058515,2.2249129318367
6.95,2.46794893569732,2.50455379702074,-0.0366048613234171,-0.767430198376648,2.21841818719337
6.96,2.47019196964522,2.5017897276098,-0.0315977579645801,-0.775386304847766,2.21163930696304
6.97,2.47202108273709,2.49891012668868,-0.0268890439515901,-0.782778645364259,2.204577085704
6.98,2.47346787736842,2.4959154129257,-0.0224475355572759,-0.782778645364259,2.19723255020028
6.99,2.47455544644775,2.49280635652859,-0.018250910080841,-0.795954957750174,2.18960758938637
7,2.47530856765017,2.48958331896319,-0.0142747513130206,-0.801864672527204,2.18170308975722
7.01,2.47574487424854,2.48624696118261,-0.0105020869340726,-0.807319794287042,2.17352067230035
7.02,2.47587838767968,2.48279800515965,-0.00691961747997402,-0.807319794287042,2.16506210765405
7.03,2.47572990945899,2.47923767225134,-0.00350776279235143,-0.816978744380386,2.15633039119641
7.04,2.47530607848556,2.47556681741028,-0.000260738924712456,-0.821272246050852,2.1473276196987
7.05,2.47463738868107,2.4717870906669,0.00285029801417114,-0.825080711811542,2.13805783986058
7.06,2.47372312309753,2.46789957748722,0.00582354561030859,-0.825080711811542,2.12852371378741
7.07,2.4725597905947,2.46390563958972,0.00865415100497735,-0.831908086296164,2.1187285810938
7.08,2.47116501154166,2.45980711505352,0.011357896488144,-0.834789871456557,2.10867694966875
7.09,2.46955549393742,2.45560595316959,0.0139495407678289,-0.837349638673111,2.09837360014841
7.1,2.46773925262199,2.4513042301899,0.016435022432084,-0.837349638673111,2.08782362454074
7.11,2.46572870619171,2.44690428375751,0.0188244224341974,-0.841573428456885,2.07703275591529
7.12,2.46356116177983,2.44240883351348,0.0211523282663459,-0.843201922263888,2.06600766419182
7.13,2.46116550901678,2.43782004243189,0.0233454665848938,-0.844765852289693,2.05475365406421
7.14,2.45863782845714,2.43314140389665,0.0254964245604861,-0.844765852289693,2.04327929305653
7.15,2.45588292376283,2.42837547965511,0.0275074441077148,-0.845746350159181,2.03159086385416
7.16,2.45296094086132,2.42352595668292,0.0294349841783959,-0.847314427007902,2.01969740876486
7.17,2.44988577900052,2.41859644954511,0.0312893294554142,-0.847674563536773,2.00760779250938
7.18,2.44665888863559,2.41359090283147,0.0330679858041236,-0.847718258650711,1.99533168919417
7.19,2.44328761834431,2.40851349883407,0.0347741195102403,-0.847718258650711,1.98287935589055
7.2,2.43977705928175,2.4033687024757,0.0364083568060551,-0.847040488981629,1.97026174282165
7.21,2.43613326346701,2.39862093761958,0.0375123258474299,-0.847707598101965,1.95749046601603
7.22,2.43245063352972,2.39467168806905,0.0377789454606674,-0.848728146041562,1.9445764199858
7.23,2.42893673152805,2.39068184765876,0.0382548838692868,-0.848728146041562,1.93152964184415
7.24,2.42560558778707,2.3866556353293,0.038949952457763,-0.846102203129602,1.91836392752682
7.25,2.42234866982065,2.38259792099212,0.0397507488285349,-0.844889338424415,1.90509520164422
7.26,2.41914790972213,2.37851346458177,0.0406344451403617,-0.84373760436686,1.8917390291824
7.27,2.41596376853344,2.37440726773062,0.0415565008028164,-0.84373760436686,1.87831176547913
7.28,2.4128373062873,2.37028436226049,0.0425529440268022,-0.840730986846708,1.86482986459181
7.29,2.40961916223774,2.36615024666114,0.0434689155765988,-0.839092601985256,1.85131130658194
7.3,2.40660919234566,2.36200972840574,0.0445994639399214,-0.836644335156788,1.83777181188678
7.31,2.40333254884366,2.35786942066717,0.0454631281764883,-0.836644335156788,1.82423300558165
7.32,2.4001204182208,2.35373421962531,0.0463861985954885,-0.831784653188218,1.81071089817478
7.33,2.39705350274908,2.3496096450226,0.0474438577264853,-0.828836223255387,1.79722353922389
7.34,2.39378412723795,2.34550275502878,0.0482813722091699,-0.825847759904094,1.78379400894411
7.35,2.39074519828988,2.34141812320521,0.0493270750846658,-0.825847759904094,1.77043726288104
7.36,2.38756145916675,2.33736319553627,0.0501982636304796,-0.818242995528732,1.7571776494036
7.37,2.38440304581975,2.33334353575246,0.0510595100672893,-0.813622822125287,1.74403336191055
7.38,2.38128883346453,2.3293652641366,0.051923569327927,-0.80894121725589,1.73102441372669
7.39,2.37828481033318,2.32543432631788,0.0528504840152988,-0.80894121725589,1.71817024705946
7.4,2.37529866075196,2.32155737116177,0.0537412895901918,-0.803734979052905,1.70549260369898
7.41,2.37224537791357,2.31774106118687,0.0545043167267028,-0.792449018799879,1.69301327008105
7.42,2.36923446010239,2.31399106266669,0.0552433974357038,-0.785999014308277,1.68075077492006
7.43,2.36632296862521,2.31031318447145,0.0560097841537526,-0.779130884269548,1.66872411322166
7.44,2.36341517612041,2.3067139991282,0.0567011769922132,-0.779130884269548,1.65695477714922
7.45,2.36058296650254,2.3031990470094,0.05738391949314,-0.764096297952207,1.64546088372074
7.46,2.35783380912108,2.29977409497778,0.0580597141433028,-0.755805049508544,1.63426129057735
7.47,2.35520305283011,2.29644459294877,0.0587584598813411,-0.745803080508381,1.62337381894247
7.48,2.35311517390138,2.29321368269765,0.0599014912037313,-0.745803080508381,1.61280874242132
7.49,2.35450770464252,2.29007067849942,0.0644370261430938,-0.619921353096763,1.60253111869312
7.5,2.36560516300832,2.28698735688713,0.0786178061211853,-0.427051627178723,1.59244865702092
7.51,2.38959479827757,2.28395282068816,0.105641977589413,-0.178726794972663,1.58252572365027
7.52,2.42764484315032,2.28096714861353,0.146677694536789,-0.178726794972663,1.57276257596624
7.53,2.48023887638899,2.27803377636298,0.202205100026004,0.500204269778192,1.56317044870696
7.54,2.5474810584279,2.2751576903619,0.272323368066003,0.932883238870521,1.55376564748342
7.55,2.62914298758599,2.27234511946177,0.356797868124222,1.42861405898024,1.54456854063998
7.56,2.72451118590613,2.26960434601052,0.454906839895608,1.42861405898024,1.53560621145441
7.57,2.83164118464042,2.26694976598317,0.564691418657251,2.58024435112005,1.52692573476496
7.58,2.94143330958646,2.26443475577995,0.676998553806504,3.04359539472445,1.51870165140045
7.59,3.02356146147828,2.26222864665676,0.761332814821519,2.87974696080345,1.5114876745676
7.6,3.05975430300288,2.26042588467733,0.799328418325545,2.87974696080345,1.50559264289487
7.61,3.06509952519572,2.25893450015088,0.806165025044846,2.8032373267848,1.50071581549337
7.62,3.0488708303234,2.25769874550526,0.791172084818148,2.8128459989681,1.49667489780219
7.63,3.01872899748877,2.2566745496189,0.762054447869866,2.83780644213163,1.49332577725381
7.64,2.97991147359605,2.25583311326919,0.724078360326863,2.83780644213163,1.49057428039025
7.65,2.93628934111139,2.2551544360839,0.681134905027495,2.87827596512893,1.48835500599434
7.66,2.89055612353004,2.25462573095426,0.635930392575778,2.97993132881515,1.48662614022043
7.67,2.84462142974225,2.25423886918059,0.59038256056166,3.03578015436,1.48536110222053
7.68,2.79976280286468,2.25398926424739,0.545773538617288,3.09240542016041,1.48454489408897
7.69,2.75683990484013,2.25387449854306,0.502965406297066,3.09240542016041,1.48416961023581
7.7,2.71637183185738,2.25389375128092,0.462478080576461,3.20330705023518,1.48423256668861
7.71,2.6786430292009,2.25404712372173,0.424595905479165,3.25629067096842,1.48473409457007
7.72,2.64378562672502,2.25433514748094,0.389450479244079,3.30716557533319,1.48567593226268
7.73,2.61180468784321,2.25475859484383,0.357046092999378,3.30716557533319,1.48706060513934
7.74,2.58263644783088,2.25531816651686,0.327318281314016,3.40208871260448,1.48889040451014
7.75,2.55617542646184,2.25601430498712,0.300161121474719,3.44609584657749,1.4911667773079
7.76,2.53225275861921,2.25684746383313,0.275405294786075,3.48795900344602,1.49389120673435
7.77,2.51071203341059,2.25781749272949,0.252894540681108,3.48795900344602,1.49706320122542
7.78,2.49138028753458,2.25892397173967,0.232456315794913,3.56542085702501,1.50068138758872
7.79,2.47408411724547,2.26016610487723,0.213918012368242,3.60129078586015,1.50474316294855
7.8,2.45865256292946,2.2615427297242,0.197109833205261,3.63541819082071,1.50924472619814
7.81,2.44492185926198,2.26305231735554,0.18186954190644,3.63541819082071,1.5141810777526
7.82,2.43273681925168,2.26469299032501,0.168043828926665,3.69889411672879,1.51954607836279
7.83,2.42195208730689,2.26646254076872,0.155489546538168,3.7284570752888,1.52533250831373
7.84,2.41243250510418,2.26835845212992,0.144074052974259,3.75669359931024,1.53153213846485
7.85,2.40405323505198,2.27037792167654,0.133675313375448,3.75669359931024,1.53813580388228
7.86,2.39669980646047,2.27251788223007,0.124181924230397,3.8095229202583,1.54513347489233
7.87,2.39026860737458,2.27477502227853,0.115493585096049,3.83425876193385,1.55251432285078
7.88,2.38466811365083,2.27714569899089,0.107522414659941,3.8579033919087,1.5602664357002
7.89,2.37980203115386,2.27962643806382,0.100175593090037,3.8579033919087,1.56837845246871
7.9,2.37559502611976,2.28221322089203,0.0933818052277302,3.9023726640748,1.57683723231694
7.91,2.37196925433574,2.28490202140916,0.0870672329265756,3.92320202062957,1.58562961000795
7.92,2.3688650096176,2.28768862886846,0.0811763807491332,3.94314060516122,1.59474181639988
7.93,2.36622765727172,2.29056869019008,0.0756589670816368,3.94314060516122,1.60415961692157
7.94,2.36400152569097,2.29353787105099,0.0704636546399815,3.96220668441973,1.61386883833674
7.95,2.36214048450083,2.29659164392397,0.0655488405768572,3.9978389023906,1.62385467563139
7.96,2.36060151495818,2.29972544673075,0.0608760682274281,4.01441524075364,1.63410221080956
7.97,2.35934654463752,2.30293465706982,0.0564118875677022,4.03017562504726,1.64459632861832
7.98,2.35834128356163,2.30621460981241,0.0521266737492189,4.03017562504726,1.65532177408659
7.99,2.35755530176438,2.30956060752072,0.0479946942436569,4.05927967754273,1.66626318659275
8,2.35695950750243,2.31296792383338,0.0439915836690532,4.07261952075492,1.67740511093514
8.01,2.35652810716524,2.31643176738138,0.0400963397838576,4.08513400017857,1.68873187933711
8.02,2.35624684535417,2.31994758912668,0.0362992562274931,4.09693420228566,1.70022861644424
8.03,2.35609098828168,2.3235105851095,0.0325804031721795,4.10784056265939,1.71187961330805
8.04,2.35604116929468,2.32711607735921,0.0289250919354666,4.10784056265939,1.72366957296463
8.05,2.35608338715936,2.33075940244604,0.0253239847133186,4.12729378090097,1.73558324599854
8.06,2.35620400276683,2.33443594299886,0.0217680597679646,4.13580467469608,1.74760553360628
8.07,2.35639156398689,2.338141125916,0.0182504380708872,4.1435003610985,1.75972148174533
8.08,2.35663586485674,2.34187043350906,0.0147654313476751,4.15038248901132,1.77191631757464
8.09,2.35692187454733,2.34561939800808,0.0113024765392584,4.15643133398003,1.78417543148641
8.1,2.35725406205684,2.3493836512276,0.00787041082924,4.1617119398416,1.79648453951424
8.11,2.35761942437812,2.35315886241261,0.00446056196550737,4.16612717681526,1.80882948008923
8.12,2.35802111821012,2.35694082080922,0.00108029740090743,4.16977171960065,1.82119648404614
8.13,2.35843947024796,2.36072533302356,-0.0022858627755958,4.16977171960065,1.83357183898704
8.14,2.35888178510859,2.36450835664784,-0.00562657153925361,4.17455622412465,1.84594232623845
8.15,2.35931523083248,2.36828585588657,-0.00897062505408952,4.17566676414748,1.85829474874908
8.16,2.3597991881629,2.37205406696761,-0.0122548788047117,4.1761714958136,1.87061679898408
8.17,2.36030155730948,2.37580916306124,-0.0155076057517571,4.17570017257647,1.88289596321024
8.18,2.3608208755316,2.3795474940386,-0.0187266185070007,4.17451492064295,1.89512030550622
8.19,2.36136609221435,2.38326548826911,-0.0218993960547569,4.17250969681801,1.90727814663999
8.2,2.36195199931722,2.38695968919607,-0.0250076898788478,4.16975913434701,1.91935818367114
8.21,2.36243235972802,2.39062677245058,-0.0281944127225682,4.1660378509279,1.93134954591341
8.22,2.36294596767284,2.39426343190117,-0.0313174642283299,4.1660378509279,1.94324142231683
8.23,2.36358932338058,2.39786646365092,-0.0342771402703357,4.1570146188761,1.9550233361385
8.24,2.36403239956362,2.40191091001536,-0.0378785104517365,4.1495386357554,1.96668650681266
8.25,2.36466705756919,2.40661331231225,-0.0419462547430562,4.14193136603776,1.97821914844579
8.26,2.36554935848574,2.41125810633073,-0.0457087478449907,4.13522990399801,1.98961050577611
8.27,2.36668037286379,2.41584190288975,-0.0491615300259589,4.12686621474606,2.00085226683711
8.28,2.36792936025069,2.4203618908844,-0.0524325306337103,4.1179569878796,2.01193753739399
8.29,2.36938156874497,2.42481476746384,-0.0554331987188679,4.1179569878796,2.02285821720507
8.3,2.37090923728787,2.42919788051495,-0.0582886432270802,4.09774552773188,2.0336078019629
8.31,2.37254085189576,2.43350827787196,-0.0609674259761923,4.08666127879012,2.04417905148098
8.32,2.37423380401311,2.43774331609085,-0.0635095120777427,4.07490083503482,2.05456548271282
8.33,2.37597405750749,2.44190040054116,-0.0659263430336741,4.06259916935367,2.0647607323272
8.34,2.37775353038172,2.4459770398186,-0.0682235094368786,4.04975913920945,2.07475869015511
8.35,2.3795388564231,2.4499709546619,-0.0704320982387978,4.03640866659106,2.08455376630831
8.36,2.38137697646459,2.4538797285506,-0.0725027520860082,4.02263078619729,2.09414003427035
8.37,2.38321762818485,2.45770140177413,-0.0744837735892832,4.00837059905879,2.10351268785105
8.38,2.3850996424636,2.46143382438617,-0.076334181922579,4.00837059905879,2.11266645430709
8.39,2.38699964622808,2.46507518798692,-0.0780755417588397,3.97868944682772,2.12159689853793
8.4,2.3888889137595,2.46862382630237,-0.0797349125428748,3.96331237649862,2.13029993400657
8.41,2.39080276222315,2.47207793681002,-0.0812751745868692,3.9476399852979,2.13877114002657
8.42,2.39274286731376,2.47543595525657,-0.0826930879428098,3.93163975240621,2.14700668026673
8.43,2.3946911558053,2.47869650126005,-0.0840053454547469,3.91539586167853,2.15500316934028
8.44,2.39669637849927,2.48185801294442,-0.0851616344451482,3.89888102477141,2.16275677674619
8.45,2.39871432214666,2.48491941070636,-0.0862050885596961,3.88212859066161,2.17026485475734
8.46,2.40074271690638,2.48787952818708,-0.0871368112806947,3.86511069332762,2.1775245428788
8.47,2.40274939726749,2.49073742546996,-0.0879880282024675,3.86511069332762,2.18453353596508
8.48,2.40436445518477,2.49349385091474,-0.0891293957299686,3.81546627292091,2.1912936693684
8.49,2.40271061319081,2.4961614232844,-0.0934508100935862,3.70804961589062,2.19783589060499
8.5,2.39149367837333,2.49876833714595,-0.10727465877262,3.50785016803044,2.20422934685045
8.51,2.36742499212509,2.50132767772832,-0.133902685603229,3.25237323899948,2.2105061296287
8.52,2.32931413552467,2.50384250105308,-0.174528365528413,2.9361477742749,2.21667373383268
8.53,2.27666644124953,2.50631277460665,-0.229646333357123,2.55901034844074,2.22273207972281
8.54,2.20937229633855,2.50873695723617,-0.299364660897623,2.55901034844074,2.22867738762172
8.55,2.12765503442469,2.51111229622447,-0.383457261799777,1.61622146590949,2.23450290649052
8.56,2.03221959510861,2.51343418198191,-0.481214586873299,1.05363518962578,2.24019733131064
8.57,1.92498435335911,2.51569286281891,-0.590708509459801,0.449371554686067,2.24573674606338
8.58,1.81486588225818,2.51784710689885,-0.702981224640669,-0.0278790290178987,2.25102002966942
8.59,1.73214328368864,2.51975985761717,-0.787616573928533,0.127707518758633,2.25571105080611
8.6,1.69558310892418,2.52135175417087,-0.825768645246685,0.171092419870357,2.25961517710406
8.61,1.69056173945578,2.52269531657712,-0.832133577121337,0.202557049925763,2.26291026390538
8.62,1.70765475973495,2.52383646915716,-0.816181709422208,0.193921469428804,2.26570894060793
8.63,1.73913049145651,2.52481156871817,-0.78568107726166,0.193921469428804,2.26810037228132
8.64,1.77969227104046,2.5256447439675,-0.745952472927045,0.132272170735561,2.2701437345803
8.65,1.8253724172755,2.5263533845636,-0.700980967288102,0.0866678458509971,2.27188167564224
8.66,1.8733910544824,2.52694905848115,-0.653558003998748,0.0361152606277839,2.27334256592502
8.67,1.92176561975644,2.5274394785279,-0.605673858771461,-0.0164827146635851,2.27454532108967
8.68,1.96916027734265,2.52782931584054,-0.558669038497895,-0.0695053190854322,2.27550139709894
8.69,2.01467089359834,2.52812125082481,-0.51345035722647,-0.12167599560751,2.27621736764784
8.7,2.05774340661339,2.52831640585476,-0.470572999241371,-0.12167599560751,2.2766959853588
8.71,2.09806732969945,2.52841486275147,-0.430347533052022,-0.220515885733566,2.27693745089798
8.72,2.13549447776812,2.52841604266614,-0.392921564898012,-0.220515885733566,2.2769403446387
8.73,2.1700069561226,2.52831887487924,-0.358311918756643,-0.309569623707517,2.27670204064135
8.74,2.20166196778898,2.5281220405974,-0.326460072808428,-0.35010255603323,2.27621930456513
8.75,2.23057068773671,2.52782407084409,-0.297253383107376,-0.387981135772243,2.27548853374513
8.76,2.25688285616318,2.52742342101905,-0.27054056485587,-0.423296918150299,2.27450594004922
8.77,2.28076267449365,2.52691856596635,-0.246155891472704,-0.456155571128124,2.27326778303248
8.78,2.30237326202654,2.5263080966236,-0.223934834597058,-0.486662078220122,2.27177060696938
8.79,2.32191292580926,2.52559044133906,-0.203677515529801,-0.486662078220122,2.27001055738405
8.8,2.33953824746559,2.52476437347633,-0.185226126010734,-0.541350751850183,2.26798462595069
8.81,2.35541179917774,2.52382867416783,-0.168416874990087,-0.565782087081404,2.2656898233966
8.82,2.36968044513509,2.52278224776835,-0.153101802633258,-0.588443407450908,2.26312346265188
8.83,2.38250383334893,2.52162403924711,-0.139120205898184,-0.609457148933663,2.26028295625355
8.84,2.39400193353735,2.5203532318075,-0.126351298270147,-0.628976872358377,2.25716630100788
8.85,2.40430352238093,2.51896893149201,-0.114665409111086,-0.647129364453781,2.25377130448416
8.86,2.4135146154342,2.51747048792429,-0.103955872490093,-0.663974503960338,2.25009637163433
8.87,2.42172756987306,2.51585743411562,-0.0941298642425616,-0.679607070622315,2.24614035716856
8.88,2.42905102604015,2.51412898115759,-0.0850779551174392,-0.679607070622315,2.24190132628898
8.89,2.43555344855539,2.51228486964158,-0.0767314210861887,-0.707757021857196,2.23737864279596
8.9,2.44130882389668,2.51032476660805,-0.0690159427113768,-0.720377959232942,2.23257149010625
8.91,2.44638098303527,2.50824844296182,-0.0618674599265474,-0.732116835332174,2.22747930636387
8.92,2.45082511204209,2.50605586101302,-0.0552307489709292,-0.743019202070214,2.22210199913443
8.93,2.45470347028679,2.50374668725731,-0.0490432169705195,-0.753229559871179,2.21643875049855
8.94,2.45805365099771,2.50132109426531,-0.0432674432675952,-0.76268729000004,2.21048998368567
8.95,2.46091730078698,2.49877918834788,-0.0378618875608959,-0.76268729000004,2.20425595942317
8.96,2.46332766413221,2.4961214162918,-0.03279375215959,-0.77965452340098,2.19773777345565
8.97,2.46532585600911,2.49334772648783,-0.0280218704787227,-0.77965452340098,2.19093529921141
8.98,2.46693602688718,2.49045854315146,-0.0235225162642783,-0.794384784236128,2.18384957707895
8.99,2.46818082517803,2.48745438614095,-0.0192735609629193,-0.800961195536749,2.17648188201069
9,2.46908821946707,2.48433600191703,-0.0152477824499591,-0.807018580356289,2.16883404470151
9.01,2.46967280724465,2.48110394054748,-0.0114311333028301,-0.812673255346105,2.16090741419271
9.02,2.46996018104874,2.47775929003189,-0.00779910898314595,-0.817818066377331,2.1527046588032
9.03,2.46995630122191,2.47430268325497,-0.00434638203306159,-0.822655828034493,2.14422733068282
9.04,2.4696892030418,2.47073561735463,-0.00104641431283404,-0.822655828034493,2.13547910156224
9.05,2.46915188272784,2.4670587937126,0.00209308901523242,-0.831082667100336,2.12646169158016
9.06,2.46836600201513,2.46327389843776,0.005092103577371,-0.834687215862715,2.1171792359186
9.07,2.46734583176438,2.45938245576522,0.00796337599916086,-0.838008744800525,2.1076354727642
9.08,2.4660992182372,2.45538618782804,0.0107130304091569,-0.840973391063919,2.09783462564828
9.09,2.46463561447004,2.4512869797263,0.0133486347437328,-0.84362686787071,2.08778131777876
9.1,2.46296294916058,2.44708690713511,0.0158760420254702,-0.845964341102822,2.07748063974887
9.11,2.46109422311745,2.44278830154388,0.0183059215735653,-0.847983724752358,2.06693830953637
9.12,2.45906605073545,2.43839388134012,0.0206721693953273,-0.849663880899943,2.05616099398666
9.13,2.45680927291736,2.43390577963568,0.0229034932816875,-0.849663880899943,2.0451539245565
9.14,2.45441975592493,2.42932750798011,0.0250922479448188,-0.852269594781938,2.03392571332123
9.15,2.45180233834005,2.42466157690462,0.0271407614354309,-0.853359011080822,2.02248251735859
9.16,2.44901690459087,2.41991166958678,0.0291052350040868,-0.85385651263847,2.01083336966159
9.17,2.44607726297339,2.41508137775087,0.0309958852225112,-0.854210865226596,1.99898707893402
9.18,2.44298493828988,2.41017461804293,0.0328103202469512,-0.854239727515264,1.98695325075029
9.19,2.43974720868055,2.40519554122859,0.0345516674519621,-0.854013934226426,1.97474206486311
9.2,2.43636909866652,2.40014857616097,0.0362205225055542,-0.854013934226426,1.96236438303477
9.21,2.43285653703433,2.39627881417354,0.0365777228607831,-0.856524848625373,1.94983172234749
9.22,2.42945926352217,2.3924013692183,0.0370578943038672,-0.856524848625373,1.93715247734385
9.23,2.42629035654594,2.38848273603625,0.0378076205096955,-0.853700857231383,1.92433854683853
9.24,2.42317676942341,2.38452765392923,0.0386491154941777,-0.852566281155259,1.91140542834859
9.25,2.42012543694097,2.3805406097594,0.0395848271815713,-0.851572791030179,1.89836779391324
9.26,2.41709262288978,2.37652637669378,0.040566246196005,-0.850324318830789,1.88524125178866
9.27,2.414061613004,2.372489830601,0.0415717824030022,-0.848923718628553,1.87204174606528
9.28,2.41107555114701,2.36843595033982,0.0426396008071839,-0.847208778478462,1.85878555761122
9.29,2.40799183036449,2.36437013395798,0.043621696406506,-0.847208778478462,1.84549033804259
9.3,2.40508197385939,2.36029722380773,0.0447847500516603,-0.84296453408175,1.83217192185128
9.31,2.40207816182754,2.35622326080347,0.0458549010240663,-0.84089707818793,1.81885006282734
9.32,2.39886774704623,2.35215417894897,0.046713568097255,-0.838189485198877,1.80554416516313
9.33,2.3957479824163,2.34809492799233,0.0476530544239764,-0.834811618563894,1.79227041453491
9.34,2.39263615950062,2.344051621125,0.0485845383756192,-0.831439586081724,1.77904880107874
9.35,2.3895235506535,2.34003028869479,0.0494932619587098,-0.827585458541064,1.76589904403196
9.36,2.38662925809111,2.3360361926851,0.0505930654060065,-0.823260425886619,1.75283835008028
9.37,2.38356825508707,2.33207688994724,0.0514913651398352,-0.819166966623087,1.73989143012747
9.38,2.38052701562551,2.32815783304535,0.0523691825801652,-0.819166966623087,1.72707611405828
9.39,2.37753565566446,2.32428507164589,0.0532505840185711,-0.808836529687875,1.71441218428205
9.4,2.37455128115156,2.3204650028706,0.0540862782809577,-0.80314273520368,1.70192055938686
9.41,2.37166581328673,2.31670336569189,0.0549624475948343,-0.796996025174034,1.68962000581249
9.42,2.36871811214096,2.31300711131175,0.0557110008292052,-0.790587482908443,1.67753325398942
9.43,2.36582149300316,2.30938177506297,0.0564397179401843,-0.78348821017965,1.66567840445592
9.44,2.36299585187471,2.30583324650543,0.0571626053692831,-0.776047807798765,1.65407471607276
9.45,2.36023836334359,2.30236744539003,0.057870917953564,-0.776047807798765,1.6427415464254
9.46,2.35755549188984,2.29899011878282,0.058565373107025,-0.759678307512567,1.63169768841981
9.47,2.35498486463326,2.2957066841773,0.0592781804559513,-0.759678307512567,1.62096085725979
9.48,2.35294870334128,2.29252028061692,0.0604284227243528,-0.725371677908464,1.61054131761734
9.49,2.35437379854353,2.28942025686909,0.06495354167444,-0.623777161551508,1.60040423996192
9.5,2.36548790337931,2.28637834003898,0.0791095633403236,-0.430875916017993,1.59045717192747
9.51,2.38948902393105,2.28338356941083,0.106105454520214,-0.182528258203543,1.58066427197342
9.52,2.42754821767956,2.28043601865198,0.14711219902758,0.126498455558884,1.57102578099196
9.53,2.48015025549906,2.27753913379199,0.202611121707068,0.496474616614553,1.56155296749981
9.54,2.5474001415577,2.27469791806139,0.272702223496311,0.496474616614553,1.55226219206074
9.55,2.62907016425644,2.27191862101055,0.357151543245889,1.42496865740589,1.54317389070449
9.56,2.72444810526179,2.26920954630031,0.455238558961474,1.98030035490937,1.53431521640202
9.57,2.83159346131131,2.26658510092613,0.565008360385187,2.57680071304791,1.52573328002844
9.58,2.94143757574646,2.26409853875856,0.6773390369879,3.04120451463946,1.51760222174049
9.59,3.02367097501547,2.26191919585824,0.761751779157231,2.87793854930805,1.51047577045645
9.6,3.06005324017739,2.26014130699519,0.799911933182201,2.83328390221027,1.50466207387428
9.61,3.06544393443405,2.2586743372329,0.806769597201149,2.80124681434181,1.49986508275159
9.62,3.04924118783253,2.25746174753168,0.791779440300854,2.81099380910293,1.49589991442858
9.63,3.01911670768756,2.25645940675373,0.762657300933824,2.81099380910293,1.49262226008471
9.64,2.98031156066687,2.25563855010578,0.724673010561088,2.87661246466431,1.4899380588459
9.65,2.9366974911971,2.25497920112268,0.681718290074416,2.92486342750115,1.48778198767117
9.66,2.89096775857817,2.25446861631798,0.636499142260192,2.97845034841494,1.48611237535978
9.67,2.8450334123317,2.25409870409294,0.590934708238759,3.03438926567377,1.48490276238392
9.68,2.80017254980769,2.25386492171964,0.546307628088055,3.09110530667872,1.48413829402322
9.69,2.75724545929207,2.25376489601289,0.503480563279182,3.14729684314755,1.48381120996215
9.7,2.71677164558746,2.25379785210824,0.462973793479216,3.14729684314755,1.48391897639395
9.71,2.67903580086021,2.25396393789032,0.425071862969884,3.25523866867103,1.48446207690136
9.72,2.64417040553278,2.25426373065283,0.389906674879952,3.25523866867103,1.48544239923474
9.73,2.61218062808714,2.2546980489836,0.357482579103539,3.35486667296418,1.48686262017638
9.74,2.58300288411873,2.2552676386562,0.327735245462539,3.40125274805096,1.48872517840576
9.75,2.55652168985262,2.2559730758763,0.300548613976314,3.44535222486554,1.49103195811551
9.76,2.53259898443975,2.25681458910267,0.27578439533708,3.48722151152998,1.49378370636573
9.77,2.51104664608147,2.25779234348495,0.253254302596517,3.52702851541389,1.49698096319579
9.78,2.4917043551933,2.25890585938452,0.232798495808779,3.56481597562027,1.50062216018739
9.79,2.47439712544238,2.26015438953539,0.214242735906993,3.56481597562027,1.50470485378072
9.8,2.45895457918001,2.26153680724102,0.197417771938991,3.63491413006645,1.50922535967813
9.81,2.44521276454308,2.26305162217266,0.182161142370427,3.66745578969061,1.51417880450459
9.82,2.43301663573758,2.26469699232834,0.168319643409234,3.69847574397908,1.51955916491368
9.83,2.42222084146301,2.26647074461847,0.155750096844536,3.7280771795695,1.5253593349024
9.84,2.41269027449829,2.26837039560434,0.144319878893947,3.75634911035216,1.53157119362619
9.85,2.40430012565453,2.27039317436954,0.133906951284988,3.78337838811044,1.53818568018839
9.86,2.39693596497817,2.27253604408151,0.124399920896658,3.80924241068417,1.54519286414654
9.87,2.39049400060667,2.27479572300721,0.115698277599464,3.8340064616477,1.55258201423357
9.88,2.3848826000155,2.27716861394242,0.107713986073086,3.8340064616477,1.5603413675917
9.89,2.38000666370706,2.27965122903395,0.10035543467311,3.88045675805054,1.56845951894102
9.9,2.37578971233012,2.28223959728221,0.0935501150479121,3.90219538440399,1.57692348311282
9.91,2.37215442115433,2.28492971389783,0.0872247072564973,3.92304329797956,1.58572016444592
9.92,2.36904078713157,2.28771739182835,0.0813233953032153,3.94300143669043,1.59483587127872
9.93,2.36639453871938,2.29059829177471,0.0757962469446727,3.96208154430682,1.60425641410329
9.94,2.36415943300484,2.29356811354578,0.0705913194590568,3.98034279991331,1.6139677312947
9.95,2.36228979494533,2.296622340303,0.0656674546423294,3.98034279991331,1.62395505279081
9.96,2.36074248665051,2.29975642821377,0.0609860584367334,4.01433632710327,1.63420352025904
9.97,2.3594794954095,2.3029657710584,0.0565137243511028,4.01433632710327,1.64469807136095
9.98,2.35846650939919,2.30624571923815,0.0522207901610372,4.04507349483654,1.65542350190874
9.99,2.35767310827074,2.30959158965822,0.0480815186125172,4.05923290421887,1.66636449818239
10,2.35707020679062,2.31299866970864,0.0440715370819817,4.07258161854815,1.67750564994725
10.01,2.35663202856113,2.31646217831868,0.0401698502424517,4.0851031601699,1.68883132310208
10.02,2.35634423171448,2.31997758147909,0.0363666502353919,4.09691116191816,1.70032669143663
10.03,2.35618215924864,2.32354008424633,0.0326420750023053,4.10782341634722,1.71197607548551
10.04,2.35612640897931,2.32714501869588,0.0289813902834363,4.10782341634722,1.72376421113551
10.05,2.35616298675787,2.33078773047942,0.0253752562784459,4.12728708200046,1.7356758786677
10.06,2.35627824263625,2.3344636106601,0.021814631976147,4.13580226161461,1.74769600685854
10.07,2.35646072008323,2.3381680938456,0.0182926262376313,4.14350165822983,1.75980966687511
10.08,2.35670020531807,2.34189666941795,0.0148035359001213,4.1503870126228,1.77200210899668
10.09,2.35698167433811,2.34564487618899,0.0113367981491219,4.1564387002035,1.784258745138
10.1,2.35730956627752,2.34940835156873,0.00790121470878624,4.16172156697625,1.79656530962976
10.11,2.35767086778379,2.35318277031436,0.00448809746942835,4.16613881333338,1.80890765892795
10.12,2.35806874393396,2.35696392644657,0.00110481748738305,4.16613881333338,1.8212720394803
10.13,2.35848350077273,2.36074763090994,-0.00226413013721312,4.16978507080748,1.83364475307551
10.14,2.35892242526891,2.36452984522184,-0.00560741995293679,4.17457197869985,1.84601259387543
10.15,2.35935302415614,2.36830653760731,-0.00895351345116779,4.17568438796232,1.85836237797589
10.16,2.35983399343138,2.37207394644666,-0.0122399530152788,4.17618788623863,1.87068180488057
10.17,2.36033350067812,2.37582824812797,-0.0154947474498544,4.1757177746067,1.88295837137847
10.18,2.36085018044915,2.37956579467089,-0.0187156142217377,4.17453259801145,1.89518014857381
10.19,2.36139293960897,2.38328301668707,-0.0218900770780985,4.17252766471485,1.90733546456672
10.2,2.36197657525139,2.38697645943645,-0.0249998841850604,4.17252766471485,1.9194130223572
10.21,2.36245484465702,2.39064280002306,-0.0281879553660369,4.16605576584873,1.93140195607541
10.22,2.3629662353792,2.39427873384946,-0.031312498470264,4.16197307786869,1.94329145968774
10.23,2.36360781508758,2.39788105780642,-0.0342732427188408,4.15703252158223,1.95507105902701
10.24,2.36404933544814,2.40192944999159,-0.0378801145434458,4.14954171248304,1.96673197610437
10.25,2.36468328323436,2.40663095515539,-0.0419476719210299,4.14195451099679,1.9782624175186
10.26,2.36556527983552,2.41127487793065,-0.0457095980951254,4.13524270207163,1.98965163812491
10.27,2.36669558062245,2.41585783371955,-0.049162253097101,4.12688117809186,2.00089133719721
10.28,2.36794344735113,2.42037701015928,-0.0524335628081469,4.11796986450229,2.01197461741563
10.29,2.36939489606283,2.42482910318556,-0.0554342071227292,4.11796986450229,2.02289337556257
10.3,2.3709223223438,2.42921146020676,-0.0582891378629604,4.09775661214583,2.03364110615707
10.31,2.37254633122344,2.4335211495591,-0.0609748183356649,4.08667065778813,2.0442106192937
10.32,2.37423989676518,2.43775548324692,-0.0635155864817336,4.07491968341816,2.05459532266306
10.33,2.37598065828859,2.44191189167342,-0.0659312333848332,4.06261151880269,2.06478891432906
10.34,2.3777602406511,2.4459878845273,-0.0682276438762019,4.04977173082605,2.0747852868032
10.35,2.3795455504041,2.44998118056922,-0.0704356301651257,4.03641910385746,2.08457884534602
10.36,2.38138347342102,2.45388936292389,-0.072505889502879,4.02264058453564,2.09416366257085
10.37,2.38322404839376,2.45771047002988,-0.0744864216361206,4.02264058453564,2.10353492774828
10.38,2.3851056752487,2.46144235280918,-0.0763366775604749,4.00837907881385,2.11268737026451
10.39,2.38700527476019,2.46508320102302,-0.0780779262628331,3.97869676475035,2.12161655050897
10.4,2.38889415918885,2.46863134750579,-0.07973718831694,3.96331909521243,2.13031837975796
10.41,2.39080744572494,2.47208498980417,-0.0812775440792364,3.94764702041123,2.13878843749473
10.42,2.39274831895334,2.47544255696284,-0.0826942380095006,3.93164242678111,2.14702287095137
10.43,2.39473047007635,2.47870253591476,-0.0839720658384082,3.91537550209965,2.15501796933095
10.44,2.39672697340386,2.48186367788027,-0.0851367044764064,3.89884820362419,2.16277067000136
10.45,2.39873764174603,2.48492471747681,-0.0861870757307764,3.89884820362419,2.17027786961187
10.46,2.40076067151175,2.48788448599608,-0.0871238144843356,3.86509679270779,2.17753670190539
10.47,2.40276316762156,2.49074204672876,-0.0879788791072027,3.84677510414258,2.18454486960229
10.48,2.40437521889123,2.49349814760102,-0.0891229287097905,3.815466548163,2.1913042069915
10.49,2.40271978325968,2.49616540565423,-0.0934456223945492,3.70806529938096,2.197845657367
10.5,2.39150217009574,2.4987720171122,-0.107269847016458,3.50786875708583,2.20423837196767
10.51,2.36743307135055,2.50133106962497,-0.133897998274426,3.25239498080209,2.21051444825524
10.52,2.32932185749476,2.50384561959566,-0.174523762100902,2.93617330621519,2.21668138205836
10.53,2.27667391739743,2.50631563364003,-0.229641716242592,2.5590358248529,2.22273909150216
10.54,2.2093795755279,2.50873957034409,-0.299359994816194,2.5590358248529,2.22868379626888
10.55,2.12766216906263,2.51111467364773,-0.383452504585102,1.61624944345751,2.23450873712107
10.56,2.032226521377,2.51343633909744,-0.481209817720439,1.05366514783665,2.24020262163647
10.57,1.92499085571065,2.51569481356132,-0.590703957850667,0.44940071720154,2.24574153025913
10.58,1.81487034531158,2.51784887049456,-0.702978525182983,-0.0278893052718141,2.25102435488792
10.59,1.73214404150331,2.51976145344776,-0.787617411944443,0.127687643025776,2.25571496458062
10.6,1.69572201288735,2.52135250524263,-0.825630492355284,0.171199799760403,2.25961701910755
10.61,1.69066893741383,2.52269605256621,-0.832027115152384,0.202304107991944,2.26291206891864
10.62,1.70772998447629,2.52383719546228,-0.816107210985987,0.202304107991944,2.26571072187124
10.63,1.73918573515735,2.52481223593572,-0.785626500778363,0.193884498556119,2.26810200863234
10.64,1.77973091744843,2.52564534278813,-0.745914425339704,0.132234424446446,2.2701452031879
10.65,1.82539938477138,2.52635389900348,-0.700954514232098,0.0866315225341898,2.27188293730603
10.66,1.87340908549069,2.52694948270237,-0.653540397211682,0.0360943368881603,2.27334360632757
10.67,1.92177718581039,2.52743980795267,-0.605662622142281,-0.0164980357283606,2.27454612900393
10.68,1.96916708079083,2.52782954935238,-0.558662468561554,-0.069514199982077,2.27550196978671
10.69,2.01467427060618,2.52812138884334,-0.513447118237155,-0.121681167829075,2.27621770613829
10.7,2.05774433062116,2.52831645028022,-0.470572119659052,-0.121681167829075,2.27669609431223
10.71,2.09806653055761,2.52841481638248,-0.430348285824865,-0.220516006851484,2.27693733717803
10.72,2.13549249405478,2.52841590894435,-0.392923414889572,-0.266359171626372,2.27694001668601
10.73,2.17000418397196,2.5283186576512,-0.358314473679236,-0.309567354334646,2.27670150788956
10.74,2.20165869494242,2.52812174395472,-0.326463049012296,-0.350099662492382,2.27621857704895
10.75,2.23056712454957,2.52782369898082,-0.297256574431256,-0.387977899301151,2.27548762175046
10.76,2.25687915143689,2.52742297816119,-0.270543826724296,-0.423293521002054,2.27450485394031
10.77,2.28075893274739,2.52691805629831,-0.246159123550915,-0.456152141909075,2.27326653307159
10.78,2.30236955725685,2.5263075242138,-0.223937966956945,-0.486658719736516,2.27176920313434
10.79,2.32190930186623,2.52558981020177,-0.203680508335538,-0.486658719736516,2.27000900951984
10.8,2.33953473424099,2.52476368745275,-0.185228953211761,-0.541347679057695,2.26798294347788
10.81,2.35540841433288,2.52382793694813,-0.168419522615256,-0.5657791987883,2.26568801536529
10.82,2.36967719516734,2.52278146289227,-0.153104267724931,-0.588440739299602,2.26312153774328
10.83,2.38250071830971,2.52162321009353,-0.139122491783817,-0.609454690351735,2.26028092275438
10.84,2.39399893171893,2.52035236183,-0.126353430111068,-0.628974575025637,2.25716416738808
10.85,2.40430065462314,2.51896802348685,-0.114667368863707,-0.647127329211953,2.2537690776015
10.86,2.41351187105297,2.51746954482199,-0.103957673769016,-0.663972667098562,2.25009405867592
10.87,2.42172493961117,2.51585645869817,-0.094131519086995,-0.663972667098562,2.24613796495726
10.88,2.42904850103633,2.51412797605478,-0.085079475018446,-0.679605438642532,2.24189886127435
10.89,2.43555101954527,2.51228383736179,-0.0767328178165214,-0.70775577568729,2.2373761111298
10.9,2.44130648210338,2.51032370953709,-0.0690172274337062,-0.720376892463162,2.23256889763971
10.91,2.44637872019451,2.50824736337677,-0.0618686431822644,-0.732115935451081,2.22747665868153
10.92,2.45082292593266,2.50605476095815,-0.055231835025491,-0.743018490376931,2.22209930124986
10.93,2.45470134684055,2.50374556891734,-0.0490442220767933,-0.7532289762066,2.21643600776978
10.94,2.4580515849613,2.50131995960633,-0.043268374645034,-0.762686862001842,2.21048720093453
10.95,2.46091528659337,2.49877803925353,-0.0378627526601556,-0.762686862001842,2.20425314126927
10.96,2.46332569644427,2.4961202545205,-0.0327945580762266,-0.779654378262974,2.19773492421153
10.97,2.46532392888486,2.4933465548237,-0.0280226259388439,-0.787306414147,2.19093242570513
10.98,2.46693409422062,2.49045735052347,-0.0235232563028509,-0.794386695040207,2.18384665215881
10.99,2.46817890233012,2.48745318561181,-0.0192742832816908,-0.80096057797111,2.17647893771297
11,2.46908637504104,2.48433479530738,-0.015248420266341,-0.807019076393999,2.16883108549136
11.01,2.46967099904793,2.48110272908224,-0.0114317300343081,-0.812673570563236,2.16090444307418
11.02,2.46995841128396,2.47775807509846,-0.00779966381450059,-0.817818620721071,2.15270167917898
11.03,2.4699545629247,2.47430146631379,-0.0043469033890946,-0.822656429049307,2.14422434613457
11.04,2.46968749449486,2.47073439974701,-0.00104690525214769,-0.822656429049307,2.13547611537953
11.05,2.46915020119361,2.46705757677593,0.00209262441767422,-0.831083468925462,2.12645870704298
11.06,2.46836434615369,2.46327268344668,0.00509166270700989,-0.834688107796397,2.11717625615298
11.07,2.46734420032158,2.45938124395726,0.00796295636431843,-0.838009715346749,2.10763250080517
11.08,2.4660976105434,2.45538498040304,0.0107126301403633,-0.840974438245949,2.09783166443846
11.09,2.46463403011821,2.45128577784975,0.0133482522684534,-0.843627986165556,2.08777837017652
11.1,2.46296138804307,2.44708571193927,0.0158756761038035,-0.845965526724093,2.07747770853106
11.11,2.46109268524105,2.44278711412801,0.0183055711130402,-0.847984973596255,2.06693539739893
11.12,2.45906453558766,2.43839270276107,0.0206718328265932,-0.847984973596255,2.05615810352152
11.13,2.45680778162212,2.43390461094285,0.0229031706792759,-0.851261232461235,2.04515105833733
11.14,2.45441828901248,2.42932635017295,0.025091938839521,-0.85227100746999,2.03392287379917
11.15,2.45180089670674,2.42466043097457,0.0271404657321677,-0.853360471347024,2.02247970696514
11.16,2.44901548894009,2.4199105364851,0.0291049524549831,-0.853858016547412,2.01083059072972
11.17,2.4460758739766,2.41508025839821,0.030995615578385,-0.854212409364315,1.99898433372161
11.18,2.44298357666092,2.41017351332939,0.0328100633315378,-0.854241307986086,1.98695054144032
11.19,2.43974587516385,2.40519445201269,0.0345514231511581,-0.854015547412417,1.97473939356113
11.2,2.4363677940231,2.40014750326886,0.0362202907542459,-0.854015547412417,1.96236175176687
11.21,2.43285526202667,2.39627802234174,0.0365772396849247,-0.856527327123593,1.9498291330575
11.22,2.42945807287932,2.39240059054402,0.0370574823353045,-0.854020140022155,1.93714993107893
11.23,2.42628924625801,2.38848197099455,0.0378072752634586,-0.853702818689418,1.92433604515219
11.24,2.42317572672293,2.38452690317221,0.0386488235507145,-0.852568041644326,1.91140297337314
11.25,2.42012446131151,2.38053987379638,0.0395845875151259,-0.851574704618537,1.89836538731416
11.26,2.41709170020261,2.37652565603874,0.0405660441638709,-0.850326228980911,1.88523889524669
11.27,2.41406073529045,2.37248912570529,0.0415716095851595,-0.848925670326445,1.87203944105629
11.28,2.411074721505,2.3684352616057,0.0426394598992963,-0.847210723508193,1.85878330545064
11.29,2.40799103923618,2.36436946176729,0.043621577468888,-0.847210723508193,1.84548813997904
11.3,2.40508121814114,2.36029656849274,0.0447846496484057,-0.842966494452331,1.83216977897126
11.31,2.40207744746703,2.35622262263816,0.0458548248288664,-0.840899023649083,1.81884797602679
11.32,2.39886706506391,2.35215355820348,0.0467135068604341,-0.838191440829227,1.80554213532538
11.33,2.39574733035723,2.3480943248849,0.0476530054723314,-0.834813547997193,1.79226844237363
11.34,2.39263553882596,2.3440510358212,0.0485845030047587,-0.831441498066756,1.77904688713532
11.35,2.38952295580757,2.34002972134588,0.0494932344616936,-0.827587343097438,1.76589718880103
11.36,2.38662870746986,2.33603564332662,0.0505930641432388,-0.823262272072353,1.75283655367805
11.37,2.38356773269794,2.33207635869013,0.0514913740078174,-0.823262272072353,1.73988969291672
11.38,2.38052652005991,2.32815731991374,0.0523692001461633,-0.814062132901545,1.72707443611794
11.39,2.37753518595752,2.32428457662026,0.0532506093372609,-0.808838301397223,1.71441056554824
11.4,2.37455083845983,2.32046452589289,0.0540863125669357,-0.803144476450238,1.70191899966975
11.41,2.3716653967841,2.31670290667609,0.0549624901080099,-0.796997726641343,1.68961850483082
11.42,2.36871772246523,2.31300667012447,0.0557110523407673,-0.790589146387497,1.67753181130701
11.43,2.36582113051614,2.30938135153925,0.0564397789768836,-0.78348983286237,1.66567701953336
11.44,2.36299551608785,2.30583284045378,0.0571626756340713,-0.776049389250168,1.65407338828385
11.45,2.3602380531119,2.30236705659052,0.0578709965213749,-0.776049389250168,1.64274027505101
11.46,2.35755520630783,2.29898974698468,0.0585654593231468,-0.75967980839295,1.6316964726399
11.47,2.35498460282688,2.29570632910194,0.0592782737249404,-0.749557799227387,1.62095969616336
11.48,2.35294846328888,2.29251994196616,0.0604285213227191,-0.725373139045809,1.61054021022934
11.49,2.35437357292497,2.28941993434406,0.0649536385809131,-0.623778717454732,1.60040318530507
11.5,2.36548768544546,2.28637803330417,0.0791096521412911,-0.430877489702853,1.59045616890464
11.51,2.38948881144776,2.28338327808378,0.10610553336398,-0.182529852249383,1.58066331933397
11.52,2.42754800965672,2.280435742328,0.147112267328724,0.126496844788033,1.57102487741256
11.53,2.48015005141964,2.27753887205134,0.202611179368306,0.496472991670715,1.56155211160788
11.54,2.54739994135354,2.27469767047238,0.272702270881159,0.496472991670715,1.55226138244469
11.55,2.62906996785245,2.27191838713254,0.357151580719909,1.42496700936286,1.5431731259234
11.56,2.72444800878664,2.26920932332606,0.455238685460579,1.98029874999271,1.53431448727621
11.57,2.83159343276799,2.26658489076398,0.565008542004012,2.57679960317532,1.52573259279822
11.58,2.94143684589435,2.26409834514177,0.677338500752584,3.04118356339267,1.51760158861357
11.59,3.02366827758792,2.26191902515825,0.761749252429669,2.87792249795104,1.51047521226748
11.6,3.05988359155686,2.26014223304247,0.799741358514394,2.83318431291604,1.50466510204887
11.61,3.06531048926964,2.25867506018806,0.806635429081574,2.80154848635478,1.49986744681496
11.62,3.04914621274447,2.25746226490362,0.791683947840843,2.80154848635478,1.49590160623485
11.63,3.01905999964548,2.256459730637,0.76260026900848,2.83615254192794,1.49262331918299
11.64,2.98027410002969,2.25563879189993,0.724635308129758,2.87662970660347,1.48993884951277
11.65,2.9366699991524,2.25497941359192,0.681690585560479,2.92489140921761,1.48778268244557
11.66,2.89094751677905,2.25446881329053,0.636478703488519,2.97846586776757,1.48611301946003
11.67,2.84501946583653,2.25409889115729,0.590920574679237,3.03441173987905,1.48490337408434
11.68,2.80016365666964,2.25386510479678,0.546298551872867,3.09111577778289,1.48413889268546
11.69,2.75724016910054,2.25376508159974,0.503475087500802,3.14730536875915,1.48381181683113
11.7,2.71676901705713,2.25379804352866,0.462970973528474,3.14730536875915,1.48391960233871
11.71,2.67903504213449,2.253964137462,0.425070904672492,3.25524106029269,1.48446272950073
11.72,2.64417097798095,2.2542639392301,0.389907038750843,3.30619099479863,1.48544308128244
11.73,2.61218210056279,2.25469826680607,0.357483833756724,3.35486624465044,1.48686333245585
11.74,2.58300493379392,2.25526786539978,0.327737068394141,3.40125165588351,1.48872591985729
11.75,2.55652409327813,2.25597331074951,0.300550782528617,3.44535069540535,1.49103272615091
11.76,2.53260199819335,2.25681482661864,0.275787171574711,3.48721826990004,1.49378448304297
11.77,2.51104958649133,2.25779258768134,0.25325699880999,3.52702676194328,1.49698176171797
11.78,2.49170723264769,2.25890610855392,0.232801124093771,3.56481368943644,1.50062297497133
11.79,2.4743998906361,2.26015464240855,0.21424524822755,3.56481368943644,1.50470568067595
11.8,2.45895721559543,2.26153706249698,0.197420153098454,3.63491226176803,1.50922619436512
11.81,2.44521525601518,2.26305187861695,0.182163377398234,3.66745413201884,1.51417964307742
11.82,2.43301897598265,2.2646972488408,0.168321727141843,3.69847423704219,1.51956000370943
11.83,2.42222302804848,2.26647100017232,0.15575202787616,3.72807584696835,1.52536017056349
11.84,2.4126923072675,2.26837064927574,0.144321657991769,3.75634780712945,1.53157202313165
11.85,2.40430200766315,2.27039342532007,0.13390858234309,3.78337731650388,1.53818650079661
11.86,2.39693770688729,2.27253629153503,0.12440141535226,3.80924147109371,1.54519367331955
11.87,2.39049561302796,2.27479596628564,0.115699646742321,3.80924147109371,1.55258280975405
11.88,2.38488411205053,2.27716885083288,0.107715261217657,3.85768472942887,1.56034214222351
11.89,2.3800080123675,2.2796514610661,0.100356551301394,3.88045659476518,1.56846027768615
11.9,2.37579095602215,2.28223982359954,0.093551132422605,3.90219472520237,1.5769242231705
11.91,2.37215554182005,2.28492993425004,0.0872256075700033,3.92304298147991,1.58572088499765
11.92,2.36904180672876,2.2877176058552,0.0813242008735662,3.94300110697505,1.59483657114649
11.93,2.36639542176419,2.29059850048817,0.0757969212760186,3.96208184220678,1.60425709659631
11.94,2.36416025178235,2.29356831538287,0.0705919363994885,3.98034249179898,1.61396839130197
11.95,2.36229053971262,2.29662253522193,0.0656680044906905,3.98034249179898,1.62395569017571
11.96,2.36074316860497,2.29975661610074,0.0609865525042386,4.01433626078083,1.6342041346494
11.97,2.35948011558302,2.30296595188917,0.0565141636938482,4.03010835702769,1.64469866267759
11.98,2.3584670725764,2.30624589300285,0.0522211795735443,4.04507351877806,1.65542407011933
11.99,2.35767361724667,2.30959175638674,0.0480818608599276,4.05923296427912,1.66636504338465
12,2.35707069942395,2.31299883015018,0.0440718692737736,4.07258202888307,1.67750617459109
