t_s,T_s_Nm,T_d_ref_Nm,e_T_Nm,T_a_Nm,a_y_mps2
0,0,0,0,0,0
0.01,0.0152152147381627,2.1,-2.08478478526184,-6.096,6.78860532757664e-07
0.02,0.315734642030781,-2.1,2.41573464203078,6.096,-0.00555715098511979
0.03,0.399859536795772,-2.1,2.49985953679577,4.09413451930098,-0.00540405006976829
0.04,0.0453494753996462,2.1,-2.05465052460035,-6.096,0.00480261826188776
0.05,0.0911985920660941,2.1,-2.00880140793391,-2.02793743113134,0.00641104350100236
0.06,0.480842189486993,2.1,-1.61915781051301,-1.53438888728858,0.00127595087428209
0.07,0.789622523053705,-2.1,2.88962252305371,6.096,-0.00118292924522435
0.08,0.723626121786423,2.1,-1.37637387821358,-6.096,0.00527008536191001
0.09,0.849517766811788,2.1,-1.25048223318821,0.250206850314087,0.00778302534614243
0.1,1.16877816933716,2.1,-0.931221830662841,-0.954700299747952,0.00675750767012168
0.11,1.48026400520691,2.1,-0.619735994793091,0.153014214402202,0.00660139167776781
0.12,1.80661324238521,2.1,-0.293386757614788,0.97620957976928,0.00679103766019917
0.13,2.10237779054074,2.1,0.00237779054073739,0.673263696920063,0.00829223358767871
0.14,2.32673335758522,2.1,0.226733357585217,0.462758255728301,0.0119099844821357
0.15,2.4966412125018,2.1,0.396641212501803,0.304770742469876,0.0171815213942591
0.16,2.62573126333507,2.1,0.525731263335068,0.209853278102364,0.0237480944801137
0.17,2.72463140430573,2.1,0.624631404305735,0.149582542460982,0.0313408179921133
0.18,2.80099652424838,2.1,0.700996524248377,0.121335344053996,0.0397730863055004
0.19,2.86065371093575,2.1,0.760653710935749,0.113754295350462,0.0489105521254471
0.2,2.90786882827359,2.1,0.807868828273588,0.123123986157458,0.058661469749517
0.21,2.94584838970697,2.1,0.845848389706971,0.144305694686371,0.0689629726207843
0.22,2.97696468790148,2.1,0.876964687901476,0.174682983583425,0.0797740926339031
0.23,3.00299374753634,2.1,0.902993747536343,0.21171593186913,0.0910690372256961
0.24,3.02525457902013,2.1,0.925254579020125,0.253771345707685,0.102833018959993
0.25,3.0447320421316,2.1,0.9447320421316,0.29952799039649,0.115058755895717
0.26,3.06216013229381,2.1,0.962160132293812,0.348040503518708,0.127744050906722
0.27,3.07808631377402,2.1,0.97808631377402,0.398542608423663,0.140889961653523
0.28,3.09292489280659,2.1,0.99292489280659,0.450549765288033,0.154499358710369
0.29,3.10697777465913,2.1,1.00697777465913,0.503572989612302,0.168576170902283
0.3,3.12047061236721,2.1,1.02047061236721,0.557398521242637,0.183124521091789
0.31,3.13357887896131,2.1,1.03357887896131,0.61170826476892,0.198148072608912
0.32,3.14643145317682,2.1,1.04643145317682,0.666356717355347,0.213649880095919
0.33,3.15912125305651,2.1,1.05912125305651,0.721156238742272,0.229632124651254
0.34,3.1717200663547,2.1,1.0717200663547,0.776018935151137,0.246095810493472
0.35,3.18428245650515,2.1,1.08428245650515,0.830822631418338,0.263040687712663
0.36,3.19684686770822,2.1,1.09684686770822,0.885502574373129,0.2804652491415
0.37,3.20944628268383,2.1,1.10944628268383,0.939970414902594,0.298366547593206
0.38,3.22209404556858,2.1,1.12209404556858,0.994164536693739,0.316740522072807
0.39,3.23481234852365,2.1,1.13481234852365,1.04803941170625,0.335581448239818
0.4,3.24761114057624,2.1,1.14761114057624,1.10152157272399,0.354882441333363
0.41,3.26049553830424,2.1,1.16049553830424,1.15456749562973,0.374635342606591
0.42,3.27346860335982,2.1,1.17346860335982,1.20712583439662,0.394830717613578
0.43,3.28653106979122,2.1,1.18653106979122,1.25915247862756,0.415457916997505
0.44,3.29968181111599,2.1,1.19968181111599,1.31059940218365,0.436505122891801
0.45,3.31291809485546,2.1,1.21291809485546,1.36142306981614,0.457959400065447
0.46,3.3262359177039,2.1,1.2262359177039,1.41157871158871,0.47980674540124
0.47,3.33962985856037,2.1,1.23962985856037,1.46102278975584,0.502032146822806
0.48,3.35308914134892,2.1,1.25308914134892,1.50971008020899,0.524619713220637
0.49,3.36661064602026,2.1,1.26661064602026,1.55761082141331,0.547552476568937
0.5,3.38018735809404,2.1,1.28018735809404,1.60467011900939,0.570812678838174
0.51,3.39382079768762,2.1,1.29382079768762,1.65085161225239,0.594381558626908
0.52,3.40749269880223,2.1,1.30749269880223,1.69609894766201,0.618240033632688
0.53,3.42119413122488,2.1,1.32119413122488,1.74039508922885,0.642368094899425
0.54,3.43491621662285,2.1,1.33491621662285,1.78368887423392,0.666745075786336
0.55,3.44864937273006,2.1,1.34864937273006,1.82594784344608,0.691349718608404
0.56,3.46238196190222,2.1,1.36238196190222,1.86713265785454,0.716160254833282
0.57,3.47610596669571,2.1,1.37610596669571,1.90721022699164,0.741154329758691
0.58,3.48981105682211,2.1,1.38981105682211,1.94614042127177,0.766309183158601
0.59,3.50348633035462,2.1,1.40348633035462,1.9838923307911,0.791601657913799
0.6,3.51712128702064,2.1,1.41712128702064,2.020434187042,0.817008225319657
0.61,3.53070522439155,2.1,1.43070522439155,2.05573240365856,0.842505044757735
0.62,3.5442286709961,2.1,1.4442286709961,2.08975557661764,0.868067976450744
0.63,3.55767910933746,2.1,1.45767910933746,2.12247727167423,0.893672722306064
0.64,3.57104593503019,2.1,1.47104593503019,2.15386909981961,0.919294756059628
0.65,3.58431857300824,2.1,1.48431857300824,2.18390558247149,0.944909408939692
0.66,3.59748651421908,2.1,1.49748651421908,2.21256165094958,0.970491909871424
0.67,3.61053932553331,2.10459248478479,1.50594684074852,2.22570725516392,0.996017425246266
0.68,3.62433959682001,2.11236768510454,1.51197191171547,2.24903223916422,1.02144233029183
0.69,3.63965005645813,2.12009977229242,1.51955028416571,2.27308256271722,1.0467262553962
0.7,3.65611002739404,2.12778392725491,1.52832610013914,2.29189030476598,1.07185344212355
0.71,3.67333787940805,2.13541527188119,1.53792260752686,2.30916450349528,1.09680793905149
0.72,3.69105177758037,2.14298802044991,1.54806375713046,2.32344150611111,1.1215708268712
0.73,3.70912987846701,2.1504956537567,1.5586342247103,2.3361595356574,1.14612078778442
0.74,3.72738257946621,2.15793173178935,1.56945084767687,2.34647842125362,1.17043676295116
0.75,3.74568077004879,2.16528954785842,1.58039122219038,2.35519070486114,1.19449682149702
0.76,3.76395666626653,2.17256209760516,1.59139456866138,2.36209364331252,1.21827805916886
0.77,3.78208709427464,2.17974265096735,1.60234444330729,2.36728719502708,1.24175846866322
0.78,3.80010504363514,2.18682387559018,1.61328116804497,2.37105771009691,1.26491407317987
0.79,3.81791645989339,2.19379906339952,1.62411739649387,2.37302636278597,1.28772293731642
0.8,3.83547995936218,2.20066138207177,1.6348185772904,2.37357417633617,1.3101627193747
0.81,3.85276678649857,2.2074040441978,1.64536274230077,2.37254530857959,1.33221122452681
0.82,3.86974884282203,2.21402039474836,1.65572844807367,2.37005061731163,1.35384669082714
0.83,3.88640311576713,2.22050388958325,1.66589922618388,2.36606637635858,1.37504771893724
0.84,3.90270664591119,2.22684813321211,1.67585851269908,2.3606380293352,1.39579339560361
0.85,3.91864144092258,2.23304685928071,1.68559458164187,2.3537565371547,1.41606322984793
0.86,3.93419126219185,2.2390939545201,1.69509730767175,2.34547748137542,1.43583723128073
0.87,3.94927303562313,2.24498385636785,1.70428917925529,2.33575874711253,1.45509721032285
0.88,3.96402534559622,2.2507099027569,1.71331544283932,2.32482451984316,1.47382138201506
0.89,3.97833684639455,2.25626705353704,1.72206979285752,2.31224747651651,1.49199326506612
0.9,3.99221486322724,2.26164974635045,1.73056511687679,2.29851559366847,1.50959467056598
0.91,4.00559548610875,2.26685306009287,1.73874242601587,2.2832794693141,1.5266095065037
0.92,4.01852107125357,2.27187159221481,1.74664947903876,2.26693545800318,1.54302010654244
0.93,4.03096654825967,2.27670055654335,1.75426599171633,2.24918821767681,1.55881081989675
0.94,4.04292710351251,2.28133525022881,1.7615918532837,2.23022045160887,1.57396626824821
0.95,4.05439176932033,2.28577118529357,1.76862058402675,2.20998104435339,1.58847177590998
0.96,4.06534345187357,2.29000411210653,1.77533933976704,2.18851265155103,1.60231344658834
0.97,4.07575917334638,2.29403005329228,1.78172912005409,2.16588344351132,1.61547827426577
0.98,4.08566717319191,2.29784488255806,1.78782229063385,2.14095111536178,1.62795276596487
0.99,4.09390779504301,2.3014524584544,1.79245533658862,2.06596816212831,1.63974953914588
1,4.08917987283033,2.3049222606399,1.78425761219043,1.75587889499822,1.65109579229248
1.01,4.07640347135118,2.30831360134625,1.76808987000493,1.50273373001594,1.66218547640225
1.02,4.06728700228733,2.3116402609448,1.75564674134253,1.36717556468307,1.6730636532895
1.03,4.0598347675661,2.31490616397945,1.74492860358665,1.28748679924995,1.6837431562128
1.04,4.05331871836805,2.31810773777254,1.73521098059551,1.2385946616859,1.6942123025162
1.05,4.04740774289119,2.32123980210976,1.72616794078143,1.20555830531638,1.70445415289893
1.06,4.04194007998131,2.32429714325711,1.7176429367242,1.18088506824441,1.71445165845074
1.07,4.03683167410241,2.32727503483241,1.70955663927,1.16076030042364,1.72418936390197
1.08,4.0320355922238,2.33016942530661,1.7018661669172,1.14326219135542,1.73365402075261
1.09,4.02752309351624,2.33297699304725,1.69454610046899,1.12741514861858,1.7428347672645
1.1,4.02327448247683,2.33569512469633,1.6875793577805,1.11272656446518,1.751723057757
1.11,4.01927457532359,2.33832191243101,1.68095266289258,1.09894163306519,1.7603126536494
1.12,4.01551065226138,2.34085603167596,1.67465462058542,1.08592408133677,1.76859922358039
1.13,4.01197132438998,2.34329671213832,1.66867461225166,1.07359759046084,1.77658024869231
1.14,4.0086459726883,2.3456437126189,1.6630022600694,1.06191507716081,1.78425494026381
1.15,4.00552456979716,2.34789720271292,1.65762736708423,1.05084420380998,1.79162385287126
1.16,4.00259747728598,2.3500577648728,1.65253971241318,1.04035886888209,1.79868889113405
1.17,3.9998554378421,2.35212631899278,1.64772911884932,1.03043705333587,1.80545306310638
1.18,3.99728950577906,2.35410409126316,1.6431854145159,1.02105801656942,1.81192037843053
1.19,3.99489104058358,2.35599257124484,1.63889846933875,1.01220175212027,1.81809570797062
1.2,3.99265168620574,2.35779347516435,1.63485821104139,1.00384848705683,1.82398466378742
1.21,3.99056339858424,2.35950871186829,1.63105468671595,0.995978912529556,1.8295934878093
1.22,3.98861840382071,2.36114035412547,1.62747804969524,0.988573659011895,1.83492895799028
1.23,3.98680920720664,2.36269061017106,1.62411859703557,0.981613564027701,1.83999829525938
1.24,3.98512860220578,2.36416178533917,1.62096681686661,0.97507969071022,1.84480903805909
1.25,3.98356964623859,2.365556294431,1.61801335180759,0.968953804298034,1.84936908278936
1.26,3.98212561327097,2.36687662887802,1.61524898439295,0.963217215074817,1.85368657643113
1.27,3.98079016731788,2.36812527450046,1.61266489281742,0.957852165680869,1.85776964761649
1.28,3.97955706944256,2.36930481815501,1.61025225128755,0.952840368080955,1.8616267553669
1.29,3.97842046532881,2.37041781199105,1.60800265333775,0.948166196412051,1.86526624521075
1.3,3.97737469540374,2.37146681965325,1.60590787575049,0.943811056548209,1.86869650026612
1.31,3.97641435045474,2.37245440033917,1.60395995011557,0.939759307625121,1.87192588910909
1.32,3.97553421240696,2.37338312936355,1.6021510830434,0.935995820628544,1.87496283301883
1.33,3.97472936013728,2.37425551196307,1.60047384817421,0.932504279984693,1.87781552411924
1.34,3.97399507711994,2.37507403002021,1.59892104709973,0.929270583425492,1.8804920781661
1.35,3.97332685310698,2.37584112819149,1.59748572491549,0.926280161585391,1.88300048918618
1.36,3.97272072529686,2.37655884424773,1.59616188104912,0.923520769816818,1.88534742069009
1.37,3.9721720032285,2.3772302162624,1.59494178696611,0.920976250004129,1.88754280717804
1.38,3.97167712406823,2.37785717744575,1.59381994662248,0.918635643109531,1.88959297024759
1.39,3.97123260013988,2.37844171045049,1.59279088968939,0.916487543367276,1.89150439317311
1.4,3.97083455032679,2.37898646538171,1.59184808494508,0.914518200825312,1.8932857417982
1.41,3.97048010425962,2.37949298494948,1.59098711931014,0.912719150231403,1.89494206078479
1.42,3.97016588542066,2.37996360756748,1.59020227785318,0.91107756768036,1.89648099674564
1.43,3.96988893889592,2.38040028661645,1.58948865227946,0.909583910220555,1.8979089372358
1.44,3.96964623563176,2.38080522791473,1.58884100771703,0.908226983276954,1.89923309528116
1.45,3.96943542007939,2.38117989816796,1.58825552191143,0.906999418197366,1.90045826700924
1.46,3.9692540103181,2.38152604256314,1.58772796775496,0.905892126284918,1.90159015918148
1.47,3.96909981287682,2.38184515488251,1.5872546579943,0.904897571800573,1.90263365646582
1.48,3.968970495845,2.38213900549948,1.58683149034552,0.904007285317159,1.9035945479833
1.49,3.96886382480096,2.38240935456955,1.58645447023141,0.903212499336994,1.90447858944244
1.5,3.96877824364158,2.3826571927938,1.58612105084778,0.902508945454154,1.90528902043573
1.51,3.96871159046394,2.38288434362855,1.58582724683539,0.901886949217526,1.90603180366537
1.52,3.96866249106539,2.38309174743527,1.58557074363012,0.901343126004782,1.90671001411334
1.53,3.96862904355948,2.38328108608857,1.58534795747092,0.900869334675499,1.90732915150961
1.54,3.96861006020231,2.38345317136797,1.58515688883434,0.900461157470407,1.90789187037326
1.55,3.96860397292542,2.38360940062292,1.58499457230249,0.900113009120846,1.90840274003696
1.56,3.96860952585589,2.38375083287411,1.58485869298178,0.899819879487401,1.90886522349833
1.57,3.9686253422265,2.38387873941065,1.58474660281586,0.899576211278621,1.90928347787281
1.58,3.96865058990788,2.38399371711494,1.58465687279294,0.899379111588612,1.90965945496586
1.59,3.96868409090126,2.38409690115314,1.58458718974812,0.899223751081736,1.90999686677077
1.6,3.96872485028946,2.38418928118837,1.58453556910109,0.899105916533051,1.91029894948598
1.61,3.96877215151001,2.38427135752563,1.58450079398438,0.899023446837872,1.9105673391088
1.62,3.96882511434931,2.38434409140841,1.5844810229409,0.898972223157481,1.91080517890551
1.63,3.96888282907571,2.38440840010511,1.5844744289706,0.89894835807586,1.91101546834372
1.64,3.96894486293723,2.38446458456224,1.58448027837499,0.898950551468843,1.91119919151852
1.65,3.96901044723001,2.38451350676315,1.58449694046686,0.898975272996557,1.91135916711551
1.66,3.9690791096673,2.38455556230835,1.58452354735895,0.899020862485342,1.91149668874832
1.67,3.96915015220226,2.38459168587819,1.58455846632407,0.899083765690528,1.91161481282167
1.68,3.96922321091619,2.38462211790291,1.58460109301328,0.899163056437527,1.91171432554252
1.69,3.96929787306278,2.38464730782364,1.58465056523913,0.899256461828667,1.91179669658332
1.7,3.96937368336213,2.38466781816586,1.58470586519627,0.899362155833154,1.91186376540238
1.71,3.96945027949047,2.38468413288231,1.58476614660816,0.89947830621052,1.91191711452517
1.72,3.96952729306092,2.384696715239,1.58483057782192,0.899603258967266,1.91195825883153
1.73,3.96960448285306,2.38470572873574,1.58489875411732,0.899736230573874,1.91198773296587
1.74,3.96968154399709,2.38471163830404,1.58496990569305,0.899875418253781,1.9120070572542
1.75,3.96975830791248,2.38471478498975,1.58504352292273,0.900019958096552,1.91201734691647
1.76,3.9698344948711,2.38471543214212,1.58511906272898,0.900168558047963,1.91201946310473
1.77,3.96990993404811,2.38471386684461,1.5851960672035,0.900320356775981,1.91201434458188
1.78,3.96998450813035,2.38471034618584,1.58527416194451,0.900474625522868,1.91200283202769
1.79,3.97005806470189,2.38470511705846,1.58535294764342,0.900630442965655,1.91198573278117
1.8,3.97013044833815,2.38469835891428,1.58543208942386,0.900787098638364,1.91196363364971
1.81,3.97020152753846,2.3846902788017,1.58551124873676,0.900943898411164,1.91193721168156
1.82,3.9702712277356,2.38468106472768,1.58559016300792,0.901100365366491,1.91190708165953
1.83,3.97033953470115,2.38467088605238,1.58566864864878,0.901256142769099,1.91187379739127
1.84,3.97040634775459,2.38465989137482,1.58574645637977,0.901410616942141,1.91183784479566
1.85,3.97047157687753,2.38464821433881,1.58582336253872,0.9015632874557,1.91179966088791
1.86,3.97053518051045,2.38463598386461,1.58589919664584,0.90171387735916,1.91175966723728
1.87,3.97059723573344,2.38462331556307,1.58597392017036,0.901862438018936,1.91171824189126
1.88,3.97065754676978,2.38461031065328,1.58604723611651,0.902007906669422,1.91167571583622
1.89,3.97071629394278,2.384597066041,1.58611922790178,0.902151079986467,1.91163240595406
1.9,3.9707733864348,2.38458366276762,1.58618972366718,0.902291122215446,1.91158857725011
1.91,3.9708287198352,2.38457017682819,1.58625854300701,0.902427713709991,1.91154447822817
1.92,3.97088249567602,2.38455667494069,1.58632582073533,0.902561537536533,1.91150032705605
1.93,3.97093462304015,2.38454321641657,1.58639140662358,0.902691711431882,1.9114563176822
1.94,3.97098511684892,2.38452985458035,1.58645526226858,0.90281846884639,1.91141262447773
1.95,3.97103391986016,2.38451663824127,1.5865172816189,0.902941374178905,1.91136940704894
1.96,3.97108122039734,2.38450360405367,1.58657761634367,0.903061166619364,1.9113267852555
1.97,3.97112697186526,2.38449078935903,1.58663618250623,0.903177279310474,1.91128488120404
1.98,3.97117112377478,2.384478226707,1.58669289706777,0.903289603984235,1.9112438013319
1.99,3.97121384396363,2.38446593797656,1.58674790598707,0.903398669909728,1.91120361718335
2,3.97125506947442,2.38445394777498,1.58680112169944,0.90350394038206,1.91116440922419
2.01,4.55173641518777,2.3844543630785,2.16728205210926,4.91366743195931,1.91116576726671
2.02,4.95440662659178,2.3855995104384,2.56880711615338,4.32949823586514,1.91491039913356
2.03,5.05184358106646,2.38863968723784,2.66320389382862,2.42636092048751,1.92485177726774
2.04,5.02394254012647,2.39233631697506,2.63160622315141,2.8989720696995,1.93693975650845
2.05,4.97714655088153,2.39600094953368,2.58114560134785,2.52796700237846,1.94892310497513
2.06,4.9190616757745,2.39960052304322,2.51946115273128,2.74231716553012,1.96069371035133
2.07,4.87138904887282,2.40402385948396,2.46736518938887,2.71195373592193,1.9718685153844
2.08,4.83203580482143,2.40838545791808,2.42365034690336,2.82160979801211,1.98256533554408
2.09,4.80368600505699,2.41255703462979,2.3911289704272,2.85425941283548,1.99279612742955
2.1,4.78345334025624,2.41658726575229,2.36686607450395,2.91394132422279,2.00268026925749
2.11,4.77040825691164,2.42050445483121,2.34990380208043,2.94672618147042,2.01228717547354
2.12,4.76261009363687,2.42434185207174,2.33826824156513,2.98141412950015,2.02169839220595
2.13,4.75896059517299,2.42812252130996,2.33083807386302,3.00508607793818,2.03097048351268
2.14,4.75833737248982,2.43186703069157,2.32647034179824,3.02613371845677,2.04015389277109
2.15,4.75996745120712,2.43559044930295,2.32437700190417,3.04187865649823,2.04928557691548
2.16,4.76322800783853,2.43930467535296,2.32392333248557,3.05498390103628,2.05839471630314
2.17,4.7676862748436,2.44301824574774,2.32466802909586,3.06510718485861,2.06750224769633
2.18,4.77299187825299,2.44673736441527,2.32625451383772,3.07318066522782,2.07662338622845
2.19,4.77891564188227,2.45046606683816,2.32844957504411,3.07939973042201,2.0857680289206
2.2,4.78526351441586,2.4542066806704,2.33105683374545,3.08402583899115,2.09494188434416
2.21,4.79189409398862,2.45796005001921,2.33393404396941,3.08730258373316,2.10414702267212
2.22,4.79872569970331,2.46172579968767,2.33699990001565,3.08941773997462,2.113382523734
2.23,4.80561514165818,2.46550247362345,2.34011266803473,3.09033130154956,2.12264481656152
2.24,4.81268181142339,2.46928785702707,2.34339395439633,3.09063733914697,2.13192846935888
2.25,4.81977216202392,2.47307899526937,2.34669316675456,3.08951953213599,2.14122623589812
2.26,4.82684059850883,2.47687229171883,2.34996830679,3.08780227887583,2.15052929544044
2.27,4.8338906221014,2.48066350512367,2.35322711697773,3.08517944503039,2.15982724631581
2.28,4.84081718186592,2.48444804928923,2.35636913257668,3.08175454985677,2.16910884088185
2.29,4.84781051717259,2.48822074174835,2.35958977542424,3.07783988833086,2.17836136913783
2.3,4.85472346174982,2.49197649395201,2.36274696779782,3.07277592188762,2.18757235141729
2.31,4.86151287910277,2.49570982629184,2.36580305281092,3.06722279998675,2.19672834898075
2.32,4.86834180081654,2.49941463673102,2.36892716408551,3.06099072590549,2.20581439658284
2.33,4.87507637725537,2.50308533181623,2.37199104543914,3.05381225722531,2.2148167762793
2.34,4.88170122166643,2.50671589295644,2.37498532870999,3.04610140970053,2.22372072747568
2.35,4.8881659202988,2.51030027717385,2.37786564312495,3.03765015515189,2.23251142976888
2.36,4.89460420558101,2.51383187237125,2.38077233320976,3.02867795760355,2.2411726669905
2.37,4.9009290883525,2.51730477107677,2.38362431727573,3.01884756184482,2.24968995106578
2.38,4.9071334534967,2.5207127942531,2.3864206592436,3.00847409611116,2.25804812790572
2.39,4.91321442309741,2.52404975230181,2.3891646707956,2.99740345981988,2.26623201752019
2.4,4.91916422855768,2.52730954427995,2.39185468427773,2.98573276625665,2.27422665734657
2.41,4.92497287028752,2.53048614612143,2.39448672416609,2.97342062373631,2.2820172733628
2.42,4.93061306537063,2.53357371822958,2.39703934714105,2.96049910034297,2.28958954395805
2.43,4.93609022390907,2.53656636667611,2.39952385723296,2.94700296828909,2.29692901427316
2.44,4.94142209183345,2.53945824985811,2.40196384197535,2.93289336331159,2.304021357777
2.45,4.94654758561145,2.54224412075423,2.40430346485722,2.91820373378256,2.31085370614975
2.46,4.95151581481576,2.54491823603525,2.40659757878052,2.90280708893834,2.31741197387644
2.47,4.95623417096705,2.54747597851746,2.40875819244959,2.88519445914737,2.32368483731407
2.48,4.96018123087394,2.54991659106563,2.41026463980831,2.84996471792561,2.32967043958846
2.49,4.959942132936,2.55226370012361,2.40767843281239,2.73157428937123,2.33542672455316
2.5,4.94940081779561,2.55456232784837,2.39483848994723,2.53838456966811,2.34106410904814
2.51,4.92564189624301,2.55682884771677,2.36881304852624,2.30511320178068,2.34662274902537
2.52,4.88750886456178,2.55906478273731,2.32844408182447,2.03249507344682,2.35210637966324
2.53,4.83448507358019,2.56126683852688,2.27321823505331,1.72476464212629,2.35750692148717
2.54,4.76637864509182,2.56342979096019,2.20294885413163,1.38423061231562,2.36281156232987
2.55,4.68323610077069,2.5655472662742,2.11768883449649,1.01356995713811,2.36800467053748
2.56,4.58535313051041,2.56761171327513,2.01774141723528,0.616423521400022,2.37306772680725
2.57,4.47341307125678,2.56961322918187,1.90379984207492,0.199358042758347,2.37797644456853
2.58,4.34901148479524,2.57153524907064,1.7774762357246,-0.220671310210341,2.38269019834575
2.59,4.21758794683182,2.57333004187798,1.64425790495384,-0.553388434719766,2.38709192770574
2.6,4.09751952915952,2.57484347243935,1.52267605672017,-0.470078923575998,2.39080361615751
2.61,4.00581052981537,2.57594185705001,1.42986867276536,-0.374782192019178,2.39349740441515
2.62,3.93728957679479,2.57668067863093,1.36060889816386,-0.313391678397779,2.39530936434236
2.63,3.88591352837343,2.57711864987688,1.30879487849655,-0.272297910121986,2.39638348882306
2.64,3.84728098052979,2.57729716749651,1.26998381303328,-0.248713595536307,2.39682130328519
2.65,3.81819640938225,2.57724497833867,1.24095143104358,-0.236938213259585,2.39669330937558
2.66,3.79580285346193,2.57698657610878,1.21881627735315,-0.235167200065527,2.39605957790678
2.67,3.77853906546317,2.57653412199799,1.20200494346518,-0.239345502140041,2.39494993420007
2.68,3.76500712836932,2.5758979526476,1.18910917572173,-0.24912757663447,2.39338972886823
2.69,3.75419621206913,2.5750846714512,1.17911154061793,-0.262478741959307,2.39139515673407
2.7,3.74535563799457,2.57409854949092,1.17125708850365,-0.278800391184319,2.38897669262648
2.71,3.73791493022758,2.57294233618892,1.16497259403867,-0.297234898112491,2.38614107950332
2.72,3.73144932904111,2.57161765894979,1.15983167009133,-0.317274254411462,2.38289230857435
2.73,3.72563835462685,2.5701254601402,1.15551289448665,-0.338509931634469,2.37923269099384
2.74,3.72024485893751,2.56846623738049,1.15177862155702,-0.360606247442604,2.37516344717564
2.75,3.71509328890956,2.56664025957126,1.14845302933829,-0.383343204336221,2.37068523659853
2.76,3.71003524320952,2.56464792330655,1.14538731990296,-0.406534148859349,2.36579903190932
2.77,3.70499703247734,2.56248913390588,1.14250789857147,-0.430118528677945,2.36050460090417
2.78,3.69988412279942,2.56016448502349,1.13971963777593,-0.453879998872535,2.35480339952011
2.79,3.69464009788989,2.55767452330862,1.13696557458128,-0.477807561223999,2.34869676841438
2.8,3.68922144636117,2.55502001818563,1.13420142817554,-0.501794323782346,2.34218659460026
2.81,3.68359613617531,2.55220196975256,1.13139416642275,-0.525805332421998,2.33527533081816
2.82,3.67773977420187,2.549221634725,1.12851813947687,-0.54978557878857,2.32796605916305
2.83,3.6716342793311,2.54608052985624,1.12555374947485,-0.573702113735112,2.32026249947244
2.84,3.66526628770402,2.54278043663719,1.12248585106683,-0.597511989211855,2.31216902085272
2.85,3.65862604866207,2.53932340176736,1.11930264689471,-0.621193151369638,2.30369064283445
2.86,3.6517090736307,2.53571171425524,1.11599735937545,-0.644718417058984,2.29483297921098
2.87,3.64450025653061,2.53194815393987,1.11255210259074,-0.668005470150242,2.28560284753753
2.88,3.63701630508627,2.52803512780069,1.10898117728558,-0.691207945135835,2.2760061509312
2.89,3.62924539120606,2.52397591072758,1.10526948047848,-0.714075834490961,2.26605092105939
2.9,3.62119222510907,2.51977376428557,1.1014184608235,-0.736738909660425,2.25574515691036
2.91,3.61285771618182,2.51543221770437,1.09742549847744,-0.759106197955847,2.24509751391998
2.92,3.60424525082702,2.51095500669566,1.09329024413136,-0.781192251224084,2.2341171539211
2.93,3.59535840635101,2.50634608348373,1.08901232286728,-0.802958697379796,2.22281376974386
2.94,3.58620194512529,2.50160959897225,1.08459234615304,-0.824394659264547,2.21119754147944
2.95,3.57678117941549,2.4967498988828,1.0800312805327,-0.845475776573463,2.19927912701006
2.96,3.56710339024251,2.49177150466989,1.07533188557262,-0.866183938139235,2.18706961520291
2.97,3.55717503427209,2.48667912446821,1.07049590980388,-0.88650143517884,2.17458055275827
2.98,3.54700246594209,2.48147763811898,1.06552482782311,-0.906410440803681,2.1618239074868
2.99,3.53659302293597,2.47617208052322,1.06042094241275,-0.925889352045937,2.14881202748321
3,3.52595467963097,2.47076763564335,1.05518704398762,-0.944920415381271,2.13555762641531
3.01,3.51509588742431,2.46526962920466,1.04982625821965,-0.963484454523714,2.12207376562443
3.02,3.50402544156994,2.45968352110102,1.04434192046892,-0.981563123198163,2.10837383550026
3.03,3.49275372909235,2.45401488831747,1.03873884077488,-0.999138709338584,2.09447151359859
3.04,3.4812920576657,2.4482694212776,1.0330226363881,-1.01619370303194,2.08038075568332
3.05,3.46965081444824,2.44245292862168,1.02719788582656,-1.03271415455268,2.06611580744467
3.06,3.45784071804884,2.43657131916014,1.0212693988887,-1.04868164490891,2.05169116024025
3.07,3.44587289148348,2.43063059290112,1.01524229858236,-1.06408057724733,2.03712152909
3.08,3.43376118814349,2.42463681641987,1.00912437172361,-1.07889149248284,2.02242179226974
3.09,3.42151630841781,2.4185961634978,1.00292014492001,-1.09310754468034,2.00760709097837
3.1,3.4091529108861,2.41251488747556,0.996638023410544,-1.10668503019422,1.99269276153381
3.11,3.39668567716237,2.40639928259994,0.990286394562429,-1.11964169425472,1.97769424057636
3.12,3.38410805259353,2.40025561746627,0.983852435127256,-1.13204267774064,1.96262690183603
3.13,3.37144436354171,2.39556773351075,0.975876630030952,-1.14820395259473,1.94750648858016
3.14,3.35899126229364,2.39093049655337,0.968060765740267,-1.15707850996865,1.93234272372953
3.15,3.34682712901955,2.38628451300071,0.960542616018843,-1.16903883129896,1.91715035751232
3.16,3.33482007214844,2.38163562699711,0.953184445151334,-1.1788575222766,1.90194850028054
3.17,3.32296173783083,2.37698886287373,0.945972874957104,-1.18905323764257,1.8867535815971
3.18,3.31120464614168,2.37234947658488,0.938855169556801,-1.198233136187,1.87158278843254
3.19,3.29953846957262,2.36772246554353,0.931816004029091,-1.20702813590443,1.85645246232733
3.2,3.28794483861539,2.36311285398774,0.924831984627652,-1.21505117960811,1.84137903253991
3.21,3.27642555190355,2.35852552899823,0.917900022905311,-1.22242986971415,1.82637847982422
3.22,3.26499359204173,2.35396530519017,0.911028286851558,-1.22903814112503,1.81146654797185
3.23,3.25361945977207,2.34943712154308,0.904182338228986,-1.23502062408739,1.79665938744588
3.24,3.24233978501255,2.34494563571269,0.897394149299859,-1.24009910554948,1.7819722287805
3.25,3.23113903717231,2.34049565250523,0.890643384667083,-1.24455708192698,1.76742078369209
3.26,3.22006317650493,2.3360917089998,0.883971467505122,-1.24805987722072,1.75301988842935
3.27,3.20905807424377,2.33173867223233,0.877319402011446,-1.251018046499,1.73878545819971
3.28,3.19823739436511,2.32744065386123,0.870796740503879,-1.25284227158755,1.72473093812623
3.29,3.18752394806515,2.32320253910944,0.864321408955706,-1.25424568279786,1.71087230288787
3.3,3.17685414124663,2.31902912745674,0.857825013789892,-1.25469941692677,1.69722524678354
3.31,3.16632448108219,2.31492436364479,0.851400117437407,-1.2541723258646,1.68380266911846
3.32,3.15592613217181,2.31089265263701,0.845033479534798,-1.25290990018337,1.67061897412303
3.33,3.14577492964192,2.30693768279691,0.838837246845005,-1.25065200169848,1.6576862227459
3.34,3.13562332855691,2.30306498805602,0.832558340500893,-1.24804821699711,1.64502251094317
3.35,3.12602864128219,2.2992756177819,0.82675302350029,-1.24353561606729,1.6326312701468
3.36,3.11650734226292,2.29557628258557,0.820931059677345,-1.23976973313693,1.62053444405483
3.37,3.10723412718885,2.29196990480507,0.815264222383775,-1.23401467063208,1.60874158871258
3.38,3.09819603049026,2.28846035544574,0.809735675044517,-1.22814383173354,1.59726536230757
3.39,3.0894090923258,2.28505125054019,0.804357841785605,-1.22110146308558,1.58611758926642
3.4,3.08086907331019,2.28174620958517,0.799122863725017,-1.21347705536622,1.57531010534351
3.41,3.07263228997527,2.27854835187603,0.794083938099243,-1.20491718508422,1.56485311063462
3.42,3.06460020334321,2.27546167927836,0.789138524064849,-1.19571198531385,1.55475969124024
3.43,3.05684050040164,2.27248901345722,0.784351486944423,-1.18555246503192,1.5450390740051
3.44,3.04936358109901,2.26963342148307,0.779730159615939,-1.17469261954086,1.53570128824964
3.45,3.04217593978034,2.2668978746027,0.775278065177644,-1.16300698327248,1.52675604995083
3.46,3.0353179629179,2.2642849647454,0.771032998172497,-1.15037630726257,1.51821183471746
3.47,3.02881137200113,2.26179731077437,0.767014061226758,-1.13501990649594,1.51007720623219
3.48,3.0233318784839,2.2594330847297,0.763898793754201,-1.09807204850218,1.50234618706613
3.49,3.02265856967553,2.25717024031601,0.765488329359524,-0.973277673212105,1.49494668583334
3.5,3.03271175796788,2.25497393391274,0.777737824055137,-0.780107215493723,1.48776476389467
3.51,3.05613450919123,2.25283197028069,0.803302538910534,-0.546536658828063,1.48076054281787
3.52,3.09400160416977,2.25074239329066,0.843259210879116,-0.274338526194657,1.47392762606044
3.53,3.14679601491054,2.24870666431073,0.89808935059981,0.0327762808776821,1.4672707922961
3.54,3.21468974931217,2.24672766603789,0.967962083274273,0.372472368950015,1.46079946794391
3.55,3.29762145654846,2.24480914746924,1.05281230907922,0.742074307019335,1.45452591222442
3.56,3.39527745499987,2.24295582988336,1.1523216251165,1.13786918526872,1.4484655637186
3.57,3.50694349386862,2.24117434888137,1.26576914498724,1.55301695330206,1.44264012084209
3.58,3.63093304387565,2.23947695160792,1.39145609226773,1.96934974851254,1.43708963175789
3.59,3.76132877471386,2.23790266118802,1.52342611352584,2.2851017373108,1.43194170208482
3.6,3.87918972054142,2.23657367998707,1.64261604055435,2.18266793768673,1.42759593355772
3.61,3.96853708671765,2.23558561023338,1.73295147648427,2.09488126664262,1.42436494546315
3.62,4.03532998800393,2.23488880381036,1.80044118419357,2.03214091811126,1.42208638845986
3.63,4.08533575326996,2.23443826725469,1.85089748601527,1.99394852902743,1.42061313392284
3.64,4.12293287088304,2.23420090225103,1.88873196863201,1.97111007032917,1.41983695036086
3.65,4.15145618493759,2.23415229235828,1.91730389257932,1.96137026473307,1.41967799601157
3.66,4.17322532774957,2.23427618840726,1.93894913934231,1.96029133361284,1.42008313609175
3.67,4.19012320384949,2.23455991914261,1.95556328470689,1.96646557060088,1.42101093559632
3.68,4.20340049357367,2.23499567853732,1.96840481503635,1.97746697595396,1.42243586881702
3.69,4.21405061704873,2.2355776132933,1.97847300375543,1.99257053210184,1.4243387954691
3.7,4.22282765003819,2.23630156563883,1.98652608439936,2.01048860679577,1.42670611963898
3.71,4.23027933530029,2.23716477456009,1.9931145607402,2.03065866167586,1.4295288128115
3.72,4.23681797904042,2.23816527895781,1.99865270008261,2.05245792393946,1.43280046219203
3.73,4.24274379457772,2.23930170825067,2.00344208632705,2.07549660109505,1.43651658597969
3.74,4.2482901610521,2.24057297607674,2.00771718497537,2.09950727432895,1.44067363177093
3.75,4.25362540756921,2.24197820481288,2.01164720275632,2.12420327017898,1.44526872973813
3.76,4.2588803262561,2.24351652776279,2.0153637984933,2.14944903307912,1.45029904578434
3.77,4.26415521263749,2.24518700410816,2.01896820852933,2.17502017078735,1.45576150343368
3.78,4.26949059731435,2.24698898588385,2.0225016114305,2.20096878924911,1.46165398384018
3.79,4.27496437788995,2.24892116219642,2.02604321569353,2.22703914514868,1.4679722003823
3.8,4.28061392680814,2.25098228031489,2.02963164649326,2.25322076854485,1.47471205662968
3.81,4.28644895191303,2.25317116436834,2.03327778754469,2.27952369708475,1.48186970748446
3.82,4.29250291874516,2.25548609011275,2.03701682863241,2.30576986595643,1.4894395146687
3.83,4.29878799975242,2.25792530415187,2.04086269560054,2.33200332564229,1.49741574457662
3.84,4.30531374247253,2.26048685156602,2.0448268909065,2.35813865065372,1.50579200462089
3.85,4.31208515949746,2.26316859677488,2.04891656272258,2.38416173370199,1.51456131145385
3.86,4.3191049906308,2.26596821732489,2.05313677330591,2.41002890879769,1.52371607065238
3.87,4.32637357765325,2.26888321343629,2.05749036421696,2.43571357552745,1.53324810793668
3.88,4.33388945882173,2.27191091293662,2.06197854588511,2.46117473138212,1.54314868530274
3.89,4.34164983172324,2.27504847672319,2.06660135500006,2.48639609202616,1.55340851888483
3.9,4.34964818010015,2.27829292317553,2.07135525692462,2.51134300907911,1.564017858784
3.91,4.35789042974491,2.28164093059086,2.07624949915405,2.53593696846787,1.57496584303212
3.92,4.36635711782176,2.28508938592848,2.08126773189329,2.56026428603978,1.58624229198611
3.93,4.37503888890662,2.2886349872167,2.08640390168992,2.58428144765351,1.5978364081986
3.94,4.38393464730908,2.29227402651052,2.09166062079856,2.60784200505927,1.60973606668939
3.95,4.39303485422571,2.29600283242106,2.09703202180465,2.63104046238591,1.62192926201687
3.96,4.40233192897748,2.29981760344779,2.10251432552969,2.65379169993433,1.63440356327426
3.97,4.4118166165255,2.3037144392434,2.1081021772821,2.67610282791343,1.64714621632592
3.98,4.42147992067722,2.30768933561647,2.11379058506075,2.69793493071053,1.66014412746587
3.99,4.43131005426417,2.31173820919658,2.11957184506758,2.71927148588181,1.67338394407283
4,4.44129894412321,2.31585686828948,2.12544207583373,2.74009414161991,1.68685195930661
4.01,4.45143729485145,2.32004104872611,2.13139624612534,2.76037602923396,1.70053422933438
4.02,4.46171533558951,2.32428641611367,2.13742891947584,2.78009798443985,1.71441658069169
4.03,4.4721231224688,2.32858857062267,2.14353455184613,2.79923790353342,1.72848462593612
4.04,4.48265058822351,2.3329430531654,2.14970753505811,2.81777713799413,1.74272378385084
4.05,4.4932845140779,2.33734536841119,2.15593914566671,2.83569425864061,1.75711935470458
4.06,4.50401405854933,2.34179096008839,2.16222309846094,2.85297781425611,1.77165643948904
4.07,4.51482840047777,2.34627523115807,2.1685531693197,2.86960728269034,1.78632000588687
4.08,4.5257165612313,2.35079355100489,2.17492301022641,2.88556790967558,1.80109491178599
4.09,4.53666463647661,2.35534127608287,2.18132336039374,2.90084067114314,1.81596597279098
4.1,4.54766312557106,2.35991371102876,2.1877494145423,2.91541893309335,1.83091783506405
4.11,4.55870160646992,2.36450615729608,2.19419544917384,2.92928223100463,1.84593513435817
4.12,4.56977049575351,2.36911389595917,2.20065659979435,2.94242381176454,1.86100243978647
4.13,4.58085912972485,2.37373221077221,2.20712691895263,2.9548184525698,1.87610432922514
4.14,4.59195592642244,2.37835639225228,2.21359953417016,2.96646712209069,1.89122540266495
4.15,4.60304952513721,2.38298173510008,2.22006779003713,2.97735585339314,1.90635027377728
4.16,4.6141293252887,2.38760353748808,2.22652578780063,2.98747431912729,1.92146356758601
4.17,4.62518506069339,2.39221711091509,2.2329679497783,2.99680817209437,1.93654995269235
4.18,4.63620751472261,2.39681778067792,2.23938973404469,3.00536349639156,1.95159414281681
4.19,4.64715946792221,2.40186796596285,2.24529150195935,3.01162212752642,1.9665811865239
4.2,4.65817509876754,2.4079484939783,2.25022660478924,3.01621309722135,1.98149368148177
4.21,4.66943968625328,2.41399076574913,2.25544892050415,3.02343679379777,1.99631235299975
4.22,4.68088587702105,2.4199891643139,2.26089671270715,3.02745235517904,2.01102342547983
4.23,4.69245559571588,2.42593843517028,2.2665171605456,3.03162224362484,2.02561401225511
4.24,4.70406298015378,2.4318331321453,2.27222984800848,3.03405607593455,2.04007075658634
4.25,4.71569636565239,2.43766759301831,2.27802877263409,3.03602906792054,2.0543797718774
4.26,4.72720758260846,2.44343678356523,2.28377079904323,3.0366531077322,2.06852871169373
4.27,4.73868262841878,2.44913454618003,2.28954808223875,3.036886216102,2.08250247450653
4.28,4.75014342575953,2.45475508217172,2.29538834358781,3.03600439496061,2.09628683902614
4.29,4.76154249234491,2.46029307368827,2.30124941865664,3.03426121174508,2.10986876322048
4.3,4.7726672428391,2.46574424900825,2.30692299383084,3.03142345076621,2.12323777069274
4.31,4.78379733297312,2.47110143290745,2.31269590006568,3.02840443193532,2.13637626420551
4.32,4.79469286862874,2.47636079346908,2.31833207515965,3.02377729526246,2.14927484598293
4.33,4.80525192745485,2.4815177866707,2.32373414078415,3.01882755706797,2.1619223718099
4.34,4.81557772814553,2.48656659288804,2.32901113525749,3.01315546543545,2.17430456905791
4.35,4.82568003484468,2.49150216839096,2.33417786645372,3.00675385820306,2.18640906797883
4.36,4.83549655613639,2.49632011258399,2.3391764435524,2.99958258077423,2.19822507611224
4.37,4.84518094822234,2.50101457424201,2.34416637398033,2.99182944016607,2.20973824332852
4.38,4.85457618040591,2.50558212913712,2.34899405126879,2.98305458856942,2.22094017170878
4.39,4.86378118700137,2.5100175480641,2.35376363893727,2.97379028425685,2.23181803662721
4.4,4.87272844965207,2.51431700417576,2.35841144547631,2.96359655527074,2.24236245274104
4.41,4.8814083857965,2.51847636765119,2.36293201814531,2.95281221324845,2.25256329166454
4.42,4.88981706273541,2.52249159988368,2.36732546285173,2.94129380390138,2.26241064871473
4.43,4.8979436485316,2.52635886534128,2.37158478319031,2.92911881945685,2.2718951172495
4.44,4.90576436307971,2.53007460105126,2.37568976202846,2.91625728128865,2.28100795907821
4.45,4.91326790307768,2.5336353004259,2.37963260265177,2.90279294854225,2.28974057429453
4.46,4.92050462290585,2.53703702946532,2.38346759344053,2.88849235576923,2.29808331476369
4.47,4.92734375207653,2.54027761243947,2.38706613963706,2.87135959557261,2.3060308445078
4.48,4.93315048220464,2.54335923430914,2.3897912478955,2.83204310812979,2.31358852214317
4.49,4.93402715183779,2.54631149857385,2.38771565326394,2.70374830576821,2.32082895025237
4.5,4.92408965787479,2.54917915724898,2.37491050062581,2.50855359233303,2.32786188315312
4.51,4.90075014600832,2.55197765789297,2.34877248811535,2.27288684831973,2.33472520598252
4.52,4.86295117404556,2.55470957412735,2.30824159991821,1.99875424713883,2.34142523054733
4.53,4.81021747543535,2.55737313858922,2.25284433684613,1.68978030411932,2.34795762239007
4.54,4.7423815971786,2.55996475017279,2.18241684700581,1.34830516402268,2.35431354979878
4.55,4.6595090394717,2.56247966260755,2.09702937686414,0.977022704320624,2.36048137254503
4.56,4.5619182714808,2.56491185781044,1.99700641367037,0.579672448698235,2.3664463312801
4.57,4.45033372618444,2.56725276006955,1.88308096611489,0.163192440220957,2.37218739407058
4.58,4.3264714881303,2.56948640101931,1.756985087111,-0.253836008786564,2.37766539849985
4.59,4.1964130051155,2.57156122902964,1.62485177608585,-0.565651345071366,2.3827539141952
4.6,4.07928249718138,2.57331863074329,1.50596386643809,-0.458468228940085,2.38706394189793
4.61,3.99076184856073,2.57463796436388,1.41612388419685,-0.37292318431621,2.39029960760241
4.62,3.92466219982236,2.57558440543903,1.34907779438333,-0.309385981366066,2.39262075433923
4.63,3.87530498649435,2.57621455958896,1.29909042690539,-0.271312962731353,2.39416620739193
4.64,3.83830179892377,2.57657068082424,1.26173111809953,-0.247559250101677,2.39503959472146
4.65,3.81037233718849,2.57668339488943,1.23368894229907,-0.236943663645288,2.39531602596632
4.66,3.78921710217658,2.57657317315611,1.21264392902047,-0.234704132310651,2.39504570716537
4.67,3.77293415863193,2.57625632903722,1.19667782959471,-0.2396263784987,2.39426864696378
4.68,3.76025306057036,2.57574289505402,1.18451016551634,-0.249246706003722,2.39300945011997
4.69,3.75017974568356,2.57504029408089,1.17513945160267,-0.262794466038628,2.39128632123338
4.7,3.74197594531778,2.57415356399673,1.16782238132105,-0.279068419216746,2.38911161570198
4.71,3.73509243754848,2.57308610699407,1.16200633055442,-0.297487200910606,2.38649367740296
4.72,3.72911467178254,2.57184027982063,1.15727439196191,-0.317464780261639,2.38343828626009
4.73,3.72373931517655,2.57041767290413,1.15332164227242,-0.338600001320906,2.37994934279738
4.74,3.71873229143044,2.56881946865829,1.14991282277215,-0.360632627511366,2.37602974688446
4.75,3.71392054123796,2.56704658854986,1.1468739526881,-0.383296585246383,2.37168175841852
4.76,3.70916340189329,2.56510002233315,1.14406337956013,-0.406407723751896,2.36690780477206
4.77,3.70439393274406,2.56298022482717,1.14141370791689,-0.429894699530289,2.36170900138863
4.78,3.6995210366346,2.56068834673923,1.13883268989537,-0.45359441724288,2.35608817037797
4.79,3.69449069034996,2.55822545992103,1.13626523042893,-0.477447151607669,2.35004794045633
4.8,3.68926212271129,2.55559282256159,1.1336693001497,-0.501374127116075,2.34359139733229
4.81,3.68380519758747,2.55279189852115,1.13101329906631,-0.525326864708319,2.33672213112312
4.82,3.67809754563881,2.54982437658284,1.12827316905597,-0.549256759534909,2.32944428356943
4.83,3.67212289582589,2.54669217823422,1.12543071759167,-0.573126528701076,2.32176256711943
4.84,3.66586959654938,2.54339746293842,1.12247213361096,-0.59690145012801,2.31368227785648
4.85,3.65932962926344,2.53994262862824,1.1193870006352,-0.620551683021522,2.30520929671077
4.86,3.6524977987457,2.53633031027401,1.1161674884717,-0.644049596033163,2.296350085947
4.87,3.64536619375002,2.53256348821124,1.11280270553878,-0.667336846060867,2.28711195483807
4.88,3.63794584545913,2.52864502011508,1.10930082534404,-0.69049335386521,2.27750191183224
4.89,3.63021913048673,2.52457856695355,1.10564056353317,-0.713309317063767,2.26752893545359
4.9,3.6222145555318,2.52036719714072,1.10184735839108,-0.736025568303321,2.25720055098762
4.91,3.61391771547204,2.5160149212532,1.09790279421884,-0.758366367627146,2.24652659437347
4.92,3.60533475524201,2.51152566386922,1.09380909137279,-0.780469839072521,2.23551669063926
4.93,3.59646909298513,2.50690357457818,1.08956551840695,-0.802236038708648,2.22418101665298
4.94,3.58732650795797,2.50215297579516,1.08517353216281,-0.823684653840229,2.21253017313764
4.95,3.5779127387797,2.49727837483896,1.08063436394074,-0.844771262165,2.20057521429254
4.96,3.56823457668475,2.49228444668673,1.07595012999802,-0.86549264536435,2.18832760549921
4.97,3.5582991250505,2.48717603173684,1.07112309331366,-0.885820518355406,2.1757992178346
4.98,3.54811404938633,2.4819580964547,1.06615595293162,-0.905750437697705,2.16300223155516
4.99,3.53768968791835,2.47663582754243,1.06105386037592,-0.925219096510942,2.14994936704781
5,3.52703679480562,2.47121458132127,1.05582221348435,-0.944226134808821,2.13665376069041
5.01,3.51615912079328,2.46569957578667,1.05045954500661,-0.96287418550201,2.12312820961682
5.02,3.50506931502036,2.46009660033399,1.04497271468637,-0.980872131456868,2.10938691231911
5.03,3.49378090769746,2.45441105868689,1.03936984901056,-0.998541896808853,2.09544312142961
5.04,3.48229664124043,2.44864876023907,1.03364788100137,-1.01561757515057,2.08131108448632
5.05,3.47063134789581,2.44281562122983,1.02781572666598,-1.03215746811082,2.06700531106617
5.06,3.4587960044153,2.4369176023171,1.0218784020982,-1.04814497150395,2.05254041968269
5.07,3.44680165234432,2.43096075034264,1.01584090200168,-1.06356580044241,2.03793124021533
5.08,3.43465978719163,2.42495118833371,1.00970859885792,-1.078399447215,2.02319278938842
5.09,3.4223823852709,2.41889510760161,1.00348727766929,-1.09263221608339,2.00834025139295
5.1,3.40998176795796,2.41279876092087,0.997183007037089,-1.10624869449894,1.99338896115844
5.11,3.39748020246563,2.40666849427191,0.990811708193717,-1.11918873342026,1.97835448220186
5.12,3.38488032395511,2.40051061632382,0.984369707631284,-1.131571452252,1.96325228653418
5.13,3.37218413266299,2.39574862798522,0.976435504677773,-1.14765031397159,1.94809801351165
5.14,3.35968775705367,2.39110145355544,0.968586303498227,-1.15677881896784,1.93290175312629
5.15,3.34747899085059,2.38644587149589,0.961033119354704,-1.16862116874948,1.91767799979155
5.16,3.33543571595948,2.38178769500448,0.953648020955,-1.17849505071866,1.90244576266466
5.17,3.32354106092533,2.37713198076316,0.946409080162168,-1.18867970555241,1.88722157709554
5.18,3.31175182934517,2.37248397441971,0.939267854925469,-1.19788367317181,1.87202259635244
5.19,3.30005229967799,2.36784868414426,0.932203615533728,-1.20669810790343,1.85686519715174
5.2,3.28843597391296,2.36323110859604,0.925204865316922,-1.2147083544097,1.84176572510904
5.21,3.27689303789145,2.35863617133275,0.918256866558696,-1.22212734642635,1.82674028025809
5.22,3.26542043296942,2.35406874246294,0.91135169050649,-1.22877651272027,1.8118047878538
5.23,3.25402081085319,2.34953364527477,0.904487165578421,-1.23471224541804,1.79697502004849
5.24,3.24270941019436,2.34503559343044,0.897673816763924,-1.23986038153684,1.78226639051753
5.25,3.23149124151812,2.34057931737272,0.890911924145397,-1.24426513760889,1.76769436780881
5.26,3.22036733292922,2.33616951559042,0.884197817338795,-1.24788868935532,1.75327431598068
5.27,3.20940444206316,2.33181056197721,0.877593880085948,-1.250619466463,1.73902053766548
5.28,3.19849226975034,2.32750752556813,0.870984744182217,-1.25285453839222,1.72494960860778
5.29,3.18779516332425,2.32326418539969,0.864530977924563,-1.25382559877017,1.71107388625698
5.3,3.17711936713343,2.31908594566672,0.858033421466705,-1.25461253677243,1.69741104233018
5.31,3.16657172692998,2.31497669929589,0.851595027634088,-1.25395359778767,1.68397380669756
5.32,3.15616140196147,2.31094073713,0.845220664831467,-1.25277137988894,1.67077621041511
5.33,3.14598841366744,2.30698182370721,0.839006589960229,-1.25050424200094,1.65783056352258
5.34,3.13582343903853,2.30310538760291,0.832718051435621,-1.24790968051017,1.6451546174615
5.35,3.12621449385265,2.29931251398902,0.826901979863621,-1.24341775547989,1.63275192074411
5.36,3.1167168847299,2.29560968132354,0.821107203406357,-1.23961889668405,1.62064365792797
5.37,3.1074600176668,2.29200006357344,0.815459954093356,-1.23396425229158,1.60884020788516
5.38,3.0984950742405,2.28848712682369,0.810007947416808,-1.22807935813149,1.59735290471346
5.39,3.08966814428984,2.28507549981389,0.804592644475945,-1.2212265745661,1.58619688439143
5.4,3.081121293282,2.28176790227477,0.799353391007237,-1.21344669127257,1.57538104043848
5.41,3.07279466851289,2.27856818599336,0.794226482519524,-1.20501125458192,1.5649179681983
5.42,3.06474157843373,2.27547938458908,0.789262193844659,-1.19561162907295,1.55481758760628
5.43,3.05696763231103,2.27250470921953,0.784462923091496,-1.18554780991591,1.54509039914788
5.44,3.04947689042645,2.26964725913517,0.779829631291284,-1.1746424303056,1.535746537372
5.45,3.04227851415866,2.26690997805161,0.775368536107054,-1.16297678375728,1.52679562822876
5.46,3.03538655295948,2.26429564712263,0.771090905836853,-1.15036684392788,1.518246766091
5.47,3.0288684099886,2.26180654670175,0.767061863286848,-1.13495564788683,1.51010740771472
5.48,3.02338193822835,2.25944097229487,0.763940965933482,-1.09801849610441,1.50237197940422
5.49,3.02270775691207,2.25717685540073,0.765530901511337,-0.973203597779673,1.4949683171604
5.5,3.03275950319148,2.25497939249424,0.77778011069724,-0.780036183584552,1.48778261345617
5.51,3.05618151347634,2.2528363727423,0.80334514073404,-0.546463282201744,1.48077493886732
5.52,3.09404812564128,2.25074583603116,0.843302289610112,-0.274255777948168,1.4739388838219
5.53,3.14684189123678,2.24870923935703,0.89813265187975,0.03285654609906,1.46727921269748
5.54,3.214735053141,2.24672945782867,0.968005595312329,0.37255572429331,1.46080532709974
5.55,3.29766606485223,2.2448102385445,1.05285582630773,0.742157232516063,1.45452948004052
5.56,3.3953213456199,2.24295629159904,1.15236505402086,1.13795037334952,1.44846707352885
5.57,3.50698639631882,2.24117425096733,1.26581214535149,1.55309693678371,1.44263980066317
5.58,3.63097476539301,2.23947635568261,1.39149840971039,1.96942325707041,1.43708768308215
5.59,3.76136809997797,2.23790163288358,1.52346646709439,2.28514006123314,1.43193833952931
5.6,3.87922286608969,2.23657229671428,1.64265056937542,2.18265403364874,1.42759141025568
5.61,3.96856308666957,2.23558392646196,1.73297916020761,2.09486201703179,1.4243594395306
5.62,4.03535008494077,2.23488685520415,1.80046322973663,2.03213020425015,1.42208001651756
5.63,4.08535114655802,2.23443608675444,1.85091505980358,1.99393754408967,1.42060600368702
5.64,4.12294430344626,2.23419852291503,1.88874578053123,1.97110194418874,1.41982916993213
5.65,4.15146520239007,2.23414973812722,1.91731546426285,1.96136605191122,1.419669643676
5.66,4.17323152090899,2.23427349477441,1.93895802613458,1.96028158567979,1.42007432791233
5.67,4.1901243789997,2.2345571293216,1.95556724967809,1.9664523259127,1.42100181288164
5.68,4.20339062263151,2.2349928785396,1.96839774409191,1.97748741859133,1.42242671282448
5.69,4.21404242624984,2.23557472712983,1.97846769912001,1.9925695428289,1.42432935771454
5.7,4.22282026298998,2.23629862167416,1.98652164131582,2.01049333277727,1.42669649287452
5.71,4.23027259317533,2.23716179403387,1.99311079914146,2.0306574140786,1.42951906649074
5.72,4.23681149723492,2.23816228205686,1.99864921517806,2.05245728225498,1.43279066232592
5.73,4.24273748750759,2.23929871144424,2.00343877606335,2.07549298743566,1.43650678642267
5.74,4.24828391696686,2.24056999407124,2.00771392289561,2.09950396458992,1.44066388061296
5.75,4.25361914666615,2.24197525039367,2.01164389627249,2.12419852672732,1.44525906878729
5.76,4.25887382495526,2.24351361427919,2.01536021067607,2.14944595070733,1.45028951869296
5.77,4.26414474559083,2.24518415911812,2.01896058647271,2.17501486493143,1.45575220031625
5.78,4.26948101888968,2.24698618994181,2.02249482894786,2.2009701986159,1.46164484110973
5.79,4.27495592068499,2.24891841826682,2.02603750241817,2.2270317630966,1.46796322773251
5.8,4.28060388518575,2.25097962442045,2.0296242607653,2.2532258263844,1.47470337185487
5.81,4.28643981297227,2.25316857615894,2.03327123681333,2.27951783397366,1.48186124403974
5.82,4.29249440848129,2.25548357542696,2.03701083305434,2.30576857803935,1.48943129164615
5.83,4.29878007085179,2.25792286659596,2.04085720425583,2.33199864217668,1.49740777376878
5.84,4.30530622522872,2.2604844947379,2.04482173049082,2.35813505537821,1.50578429779292
5.85,4.31207799842277,2.26316632281846,2.04891167560431,2.38415707660537,1.51455387561637
5.86,4.3190981055008,2.26596602791425,2.05313207758655,2.41002445949423,1.52370891127961
5.87,4.32636692589228,2.26888110944284,2.05748581644944,2.43570880389593,1.53324122787809
5.88,4.33388300386301,2.2719088946957,2.06197410916731,2.46117050491457,1.54314208565495
5.89,4.34164354129988,2.27504654412421,2.06659699717567,2.48639149005108,1.55340219928616
5.9,4.34964199049327,2.27829107589214,2.07135091460113,2.51133865827182,1.56401181816728
5.91,4.35788166980274,2.28163918861541,2.07624248118733,2.53592941120498,1.57496014677239
5.92,4.36634335398974,2.28508786607885,2.08125548791089,2.56032782216817,1.58623732207784
5.93,4.37502843936194,2.28863352858302,2.08639491077892,2.58425509232306,1.59783163846649
5.94,4.38392522238404,2.29227264240761,2.09165257997644,2.60785861039793,1.60973154067288
5.95,4.3930270047097,2.29600151728922,2.09702548742048,2.63103322151855,1.62192496153576
5.96,4.40232491865721,2.29981635980455,2.10250855885266,2.65379516802167,1.63439949656087
5.97,4.41181047901763,2.30371326442381,2.10809721459381,2.67609986130546,1.64714237466587
5.98,4.42147438368622,2.30768822880009,2.11378615488613,2.69793456389278,1.66014050817629
5.99,4.43130518764571,2.31173716740611,2.11956802023959,2.7192694833074,1.67338053741799
6,4.44129456769894,2.31585588995429,2.12543867774465,2.74009245694212,1.68684876015054
6.01,4.4514333372097,2.32004013155194,2.13139320565775,2.7603739433238,1.70053123017485
6.02,4.46171173165397,2.32428555775506,2.13742617389891,2.7603739433238,1.71441377385904
6.03,4.4721198381096,2.32858776855043,2.14353206955917,2.7992357630608,1.72848200315991
6.04,4.48264748527799,2.33294230542814,2.14970517984986,2.81777505322534,1.74272133875001
6.05,4.49328158465762,2.33734467235063,2.15593691230699,2.8356923438072,1.75711707858657
6.06,4.50401129741644,2.34179031309578,2.16222098432067,2.8356923438072,1.77165432382318
6.07,4.51482580110695,2.34627463069961,2.16855117040734,2.86960560409023,1.78631804238771
6.08,4.52571411762415,2.35079299461445,2.1749211230097,2.88556634009359,1.80109309238926
6.09,4.53666227440017,2.35534076172068,2.18132151267949,2.90083920473838,1.81596429082663
6.1,4.54766089362435,2.35991323605785,2.1877476575665,2.90083920473838,1.83091628190918
6.11,4.55869952480986,2.36450571932656,2.1941938054833,2.92928103953363,1.84593370219786
6.12,4.56976856194775,2.36911349283858,2.20065506910917,2.94242268280453,1.86100112158217
6.13,4.58085733604509,2.37373184045246,2.20712549559263,2.9548173905748,1.87610311827954
6.14,4.59195426267084,2.37835605277905,2.21359820989179,2.9548173905748,1.89122429258749
6.15,4.60304798034552,2.38298142460144,2.22006655574408,2.96646612162314,1.90634925844671
6.16,4.61412789040153,2.38760325415909,2.22652463624243,2.98747349121432,1.92146264110023
6.17,4.62518372312154,2.3922168530542,2.23296687006734,2.99680731136599,1.93654910948724
6.18,4.63620625425258,2.39681754670291,2.23938870754966,3.00536286868473,1.95159337771853
6.19,4.64715938184368,2.40186767705105,2.24529170479263,3.00536286868473,1.9665804779677
6.2,4.65817495131471,2.40794823442838,2.25022671688633,3.01620985365715,1.98149304493561
6.21,4.66943934955652,2.41399053398261,2.25544881557391,3.02343621019216,1.99631178459235
6.22,4.68088537268118,2.41998895777265,2.26089641490853,3.02745126214404,2.01102291893744
6.23,4.69245502542157,2.42593825154673,2.26651677387485,3.02745126214404,2.02561356191835
6.24,4.7040629481254,2.43183296691337,2.27222998121202,3.03405601869294,2.04007035135505
6.25,4.71553744943431,2.37370678985343,2.34183065958088,3.16479372465395,1.87602120282072
6.26,4.62838993938724,2.37948491387585,2.24890502551139,0.873064914822323,1.89491566837403
6.27,4.52296127770904,2.38513028798198,2.13783098972706,0.873064914822323,1.91337604170108
6.28,4.46701455553663,2.39036214597897,2.07665240955766,1.67105528701539,1.93048421735122
6.29,4.41583926919255,2.39538999955348,2.02044926963907,2.04894184770195,1.94692529853988
6.3,4.38454739394959,2.40021328412048,1.98433410982911,1.92373906934248,1.96252307930547
6.31,4.3597344376097,2.40631799733249,1.95341644027721,1.92373906934248,1.97749488845793
6.32,4.34426460704964,2.412161368245,1.93210323880464,2.0044359235835,1.99182575562087
6.33,4.33365610512622,2.41777709751692,1.9158790076093,2.03270224683479,2.00559833166024
6.34,4.32762545025402,2.42317405518709,1.90445139506693,2.02443818798146,2.01883437034634
6.35,4.32450162244192,2.42836750016497,1.89613412227695,2.02443818798146,2.03157129415459
6.36,4.3236755847788,2.43336646896793,1.89030911581087,2.01848434408137,2.04383126514386
6.37,4.32437984866499,2.43817994613736,1.88619990252762,2.01120754360111,2.05563631790188
6.38,4.32626213390027,2.44281413414031,1.88344799975997,1.9997704488889,2.0670016639791
6.39,4.32891390315401,2.44727522450583,1.88163867864818,1.9997704488889,2.07794248810055
6.4,4.33215432818654,2.4515676755224,1.88058665266414,1.98775695736804,2.08846972421869
6.41,4.33572742637552,2.45569626849928,1.88003115787624,1.95942205588533,2.09859509849448
6.42,4.33958896406418,2.45966413323575,1.87992483082843,1.94394088062574,2.10832628676068
6.43,4.34358864464491,2.46347496790634,1.88011367673856,1.92785664635202,2.11767235879031
6.44,4.34765630204189,2.46713177054875,1.88052453149314,1.92785664635202,2.12664066727082
6.45,4.35174099502927,2.47063725791812,1.88110373711115,1.89422048598935,2.13523787504419
6.46,4.35580417932654,2.47399391742709,1.88181026189945,1.87674390152253,2.14347008248994
6.47,4.35977925925714,2.477204223303,1.88257503595414,1.85751511649231,2.15134335765061
6.48,4.36317415593975,2.48027263390363,1.88290152203612,1.85751511649231,2.15886863464865
6.49,4.36266164234909,2.48321735478059,1.8794442875685,1.70457573056372,2.16609056259939
6.5,4.35200278620072,2.48606997486296,1.86593281133776,1.50982038873558,2.1730866133514
6.51,4.32817090168542,2.48884513252774,1.83932576915768,1.27525462267564,2.17989268752428
6.52,4.28998095258995,2.49154813669921,1.79843281589075,1.27525462267564,2.1865218052548
6.53,4.23690521003476,2.49418112942664,1.74272408060813,0.692098221024616,2.19297921991883
6.54,4.1687463157032,2.49674481489788,1.67200150080532,0.350213292632382,2.19926665853705
6.55,4.08554588030345,2.49923895778152,1.58630692252193,-0.0217953727007618,2.20538354395919
6.56,3.98759419009565,2.50166236936191,1.48593182073374,-0.0217953727007618,2.21132696086008
6.57,3.8755628282177,2.5040123116518,1.3715505165659,-0.838970710057779,2.21709019432604
6.58,3.75101464240077,2.50628211774983,1.24473252465094,-1.26124568073847,2.22265689378146
6.59,3.61921251665371,2.50844802066162,1.11076449599209,-1.60112888671697,2.22796877067263
6.6,3.49830997664286,2.51042636864831,0.987883607994546,-1.60112888671697,2.23282066910999
6.61,3.40582473551014,2.51214008278158,0.893684652728557,-1.42636624720664,2.23702355302184
6.62,3.33712755621181,2.51361751076318,0.823510045448629,-1.36157404206968,2.24064694514669
6.63,3.28616673726565,2.5148917908211,0.771274946444555,-1.31386183193104,2.24377211698874
6.64,3.24859272872386,2.51598649523271,0.732606233491149,-1.31386183193104,2.24645687955823
6.65,3.22106565280959,2.51691932990921,0.704146322900387,-1.28373625167167,2.24874465660233
6.66,3.20102685611782,2.51770370436408,0.683323151753739,-1.25422900978163,2.25066833495291
6.67,3.18668956872947,2.5183486514494,0.668340917280076,-1.25014682328246,2.25225006767964
6.68,3.17644718504902,2.51886246424585,0.657584720803171,-1.25123855063624,2.25351019356295
6.69,3.16941748987009,2.51924916028368,0.650168329586418,-1.25123855063624,2.25445856559572
6.7,3.16475492378752,2.51951279061322,0.645242133174301,-1.26243559636337,2.25510511897891
6.71,3.16185976875587,2.51965601560624,0.642203753149632,-1.27114760777605,2.25545637827431
6.72,3.16026976662965,2.5196808435846,0.640588923045052,-1.28121009511797,2.25551726889122
6.73,3.15968782340978,2.51958821359947,0.640099609810317,-1.28121009511797,2.25529009385269
6.74,3.15983126472449,2.51937919330387,0.640452071420617,-1.3037827550463,2.25477747157774
6.75,3.16050576949265,2.51905433647718,0.641451433015478,-1.3157292582994,2.25398076021028
6.76,3.16156377352145,2.51861396627946,0.642949807241987,-1.32786780031089,2.25290075230038
6.77,3.16289262298507,2.51805823932616,0.64483438365891,-1.32786780031089,2.2515378319474
6.78,3.16440611360284,2.51738719199271,0.647018921610124,-1.35221619056377,2.24989208836212
6.79,3.16603783602046,2.51660077701191,0.649437059008551,-1.3642468248623,2.24796340562172
6.8,3.16773612246559,2.5156988915351,0.652037230930488,-1.37609953255531,2.24575153148984
6.81,3.16946037751302,2.51468139801198,0.65477897950104,-1.37609953255531,2.24325612862437
6.82,3.17117832893054,2.51354814042962,0.657630188500922,-1.39910234830708,2.24047681440363
6.83,3.17286391646077,2.51229895732774,0.66056495913303,-1.41019289803259,2.23741319284629
6.84,3.17449573806094,2.51093369209258,0.663562045968355,-1.42098120218501,2.23406487985706
6.85,3.17605181835743,2.50945225785924,0.66659956049819,-1.42098120218501,2.2304316623998
6.86,3.1775259941195,2.5078544158272,0.669671578292306,-1.44158693158387,2.2265129548162
6.87,3.17890063519795,2.50614012746384,0.672760507734107,-1.45138639259343,2.22230866260507
6.88,3.18016370069044,2.50430933008655,0.675854370603886,-1.46083940792476,2.21781863203727
6.89,3.18130422590319,2.50236199948529,0.678942226417899,-1.46083940792476,2.21304280373767
6.9,3.18231205009027,2.5002981546465,0.682013895443773,-1.46994404933514,2.20798122427053
6.91,3.18317776347766,2.49811786211891,0.685059901358747,-1.48708321709692,2.20263405684664
6.92,3.18389250988312,2.49582124178599,0.688071268097136,-1.4951151611616,2.19700159548014
6.93,3.18444027260487,2.49340870835783,0.691031564247042,-1.50274844835233,2.19108485724758
6.94,3.18483254390651,2.49088001589736,0.693952528009153,-1.50274844835233,2.18488323898827
6.95,3.18504831544143,2.48823573344721,0.696812581994222,-1.51702319032999,2.17839813627927
6.96,3.18508358083969,2.48547625900522,0.699607321834476,-1.52361418194108,2.1716305252103
6.97,3.18492852274122,2.48260226127753,0.702326261463682,-1.52979397134062,2.16458204578315
6.98,3.1845799642835,2.4796138611372,0.704966103146299,-1.52979397134062,2.15725299443898
6.99,3.18403062853017,2.47651206514838,0.707518563381794,-1.54114780271712,2.14964583977639
7,3.18327192197601,2.47329737581949,0.709974546156526,-1.54632871399853,2.14176181419729
7.01,3.18230264555259,2.46997096826638,0.712331677286216,-1.55103611902637,2.13360379967329
7.02,3.18111043222354,2.46653345566542,0.714576976558117,-1.55103611902637,2.12517330001945
7.03,3.17970025023687,2.4629863731288,0.716713877108072,-1.55946966550993,2.11647408009839
7.04,3.17805176911677,2.45933040933098,0.718721359785786,-1.56325613005366,2.10750782888423
7.05,3.17616792320653,2.45556725617839,0.720600667028143,-1.5665105185062,2.09827869577749
7.06,3.17404789119104,2.4516984314438,0.722349459747238,-1.5665105185062,2.08879040311592
7.07,3.17168617155404,2.44772564182973,0.723960529724313,-1.57205700827047,2.07904713658742
7.08,3.16908036952887,2.44365074897868,0.725429620550187,-1.57428299747851,2.06905346187021
7.09,3.16623135348353,2.43947586526761,0.726755488215925,-1.576116544241,2.0588145595688
7.1,3.16316100795074,2.43520347378371,0.727957534167026,-1.576116544241,2.04833651945456
7.11,3.1598306529776,2.43083566682238,0.72899498615522,-1.57874447000566,2.03762447288189
7.12,3.15621886653707,2.42637492342321,0.729843943113868,-1.57952635992238,2.02668449969542
7.13,3.15237475749437,2.42182442440373,0.730550333090641,-1.57983541736313,2.01552440085015
7.14,3.14830489162843,2.41718728239001,0.731117609238415,-1.57983541736313,2.00415181006151
7.15,3.1439273467779,2.41246640681234,0.731460939965564,-1.57982990912509,1.99257386270726
7.16,3.13930068249982,2.40766558276833,0.731635099731489,-1.57871015388208,1.98079984173933
7.17,3.13442893943188,2.40278859132247,0.731640348109404,-1.57758171369229,1.96883902021836
7.18,3.12930880411445,2.39837962878309,0.730929175331355,-1.57766127364799,1.95670138612071
7.19,3.12405510515135,2.39461648783492,0.72943861731643,-1.57766127364799,1.9443959152202
7.2,3.11883241325003,2.3908047387794,0.728027674470621,-1.57423475452977,1.93193149580866
7.21,3.11361731072097,2.38694818224488,0.726669128476094,-1.57238532514191,1.91932055594075
7.22,3.10834294397393,2.38305102542137,0.725291918552558,-1.5697758251341,1.90657685312787
7.23,3.10298681306772,2.37911745605308,0.723869357014643,-1.5697758251341,1.89371408129358
7.24,3.09753711493287,2.37515188741314,0.722385227519728,-1.56417405597255,1.88074667184097
7.25,3.09194568893939,2.37115886222898,0.720786826710412,-1.56096033095826,1.86768947948877
7.26,3.08628062201598,2.36714303836117,0.719137583654809,-1.55722831685564,1.85455773544101
7.27,3.08041041358436,2.36310940740915,0.717301006175218,-1.55722831685564,1.84136776222791
7.28,3.07451842237485,2.35906275359766,0.715455668777195,-1.54877777139774,1.82813520426433
7.29,3.06855890256468,2.35500832703293,0.713550575531748,-1.54418511612201,1.81487722939767
7.3,3.06234002157455,2.35095186081617,0.711388160758379,-1.53917642047153,1.80161258486888
7.31,3.05602408007835,2.34689845405272,0.709125626025624,-1.53917642047153,1.78835794475241
7.32,3.04970600751713,2.34285347140294,0.70685253611418,-1.52744559191177,1.77513085148763
7.33,3.04318346341641,2.33882321926602,0.704360244150395,-1.52116251006119,1.76195192699988
7.34,3.03664956504751,2.33481295572116,0.701836609326351,-1.51413199128171,1.74883836520819
7.35,3.02994603145586,2.33082913168872,0.699116899767147,-1.51413199128171,1.7358112606221
7.36,3.02324662826189,2.32687714028063,0.696369487981267,-1.49903485090144,1.72288824871765
7.37,3.01641869834435,2.32296354579446,0.69345515254989,-1.49094788440319,1.71009079474789
7.38,3.00962863832997,2.31909378264847,0.690534855681496,-1.4820849621795,1.6974366692605
7.39,3.00274073471572,2.31527453804999,0.68746619666573,-1.4820849621795,1.68494773942346
7.4,2.9958461444778,2.3115115300954,0.684334614382401,-1.47304847758138,1.67264270341197
7.41,2.98896099357522,2.30781076303119,0.681150230544026,-1.45319256366295,1.660541195112
7.42,2.98209510348428,2.30417822557905,0.677916877905226,-1.44256228809132,1.64866279764349
7.43,2.97526237883961,2.30061981220107,0.674642566638539,-1.43151123168427,1.63702678589749
7.44,2.96847773574184,2.29714132431012,0.671336411431719,-1.43151123168427,1.6256521304941
7.45,2.9617797171472,2.29374828411726,0.668031433029938,-1.40795521379017,1.61455688906345
7.46,2.95514056259731,2.29044649669899,0.664694065898318,-1.39536217946421,1.6037600442057
7.47,2.94865792379374,2.28724088068046,0.661417043113288,-1.3801697588152,1.59327767982509
7.48,2.9430127113986,2.28413297469153,0.658879736707071,-1.3801697588152,1.58311482724131
7.49,2.94211877487787,2.28110645182849,0.661012323049372,-1.21570415209518,1.57321809747917
7.5,2.95199295134762,2.27813401478833,0.673858936559284,-1.02038603776798,1.56349822835785
7.51,2.97525875870106,2.27520769830776,0.7000510603933,-0.784572632596763,1.55392917346637
7.52,3.01297968553671,2.27232800405529,0.740651681481419,-0.784572632596763,1.5445125732608
7.53,3.06563095386389,2.2694982631419,0.796132690721997,-0.200906366116001,1.535259320474
7.54,3.13337778460982,2.26672297404537,0.866654810564451,0.140865284354416,1.52618412512837
7.55,3.21614992605917,2.2640073682354,0.952142557823765,0.512418448338017,1.51730409412977
7.56,3.31361976424237,2.26135748785119,1.05226227639117,0.512418448338017,1.5086389852734
7.57,3.42504212212,2.25878107364507,1.16626104847494,1.3262081121198,1.50021411081937
7.58,3.54863181267922,2.25629101369548,1.29234079898374,1.74172853701173,1.49207161478421
7.59,3.67791783508591,2.25392570064402,1.4239921344419,2.04108383834855,1.48433704110593
7.6,3.79331169676846,2.25179555767528,1.54151613909317,2.04108383834855,1.47737147359818
7.61,3.87977668837759,2.24998019378625,1.62979649459134,1.83708517100309,1.47143523368105
7.62,3.94394157275618,2.24843623461316,1.69550533814302,1.76907041574932,1.46638648718505
7.63,3.99126766099538,2.24712886878206,1.74413879221332,1.72887484455808,1.46211140091733
7.64,4.02615762345932,2.2460309728666,1.78012665059271,1.72887484455808,1.45852128127379
7.65,4.05166076864674,2.24512439224127,1.80653637640547,1.70112266763266,1.45555676262895
7.66,4.07053052731353,2.24439259515108,1.82613793216245,1.68116202112573,1.45316378614402
7.67,4.08428332369285,2.24382766187724,1.8404556618156,1.68172743444647,1.45131645433859
7.68,4.09434533500531,2.24342179249346,1.85092354251185,1.6875226030306,1.44998926145363
7.69,4.10168940104837,2.24317008865555,1.85851931239283,1.6875226030306,1.44916618990363
7.7,4.10704438515947,2.24306906064968,1.86397532450979,1.7088639035263,1.44883582832445
7.71,4.11096643482496,2.24311608776362,1.86785034706134,1.72293484463201,1.44898960698705
7.72,4.1138707177214,2.24330918928798,1.87056152843342,1.73853466905269,1.44962104897169
7.73,4.11606967426251,2.24364677047863,1.87242290378388,1.73853466905269,1.45072493946513
7.74,4.11779633563589,2.24412745880477,1.87366887683111,1.77267942500263,1.45229679029161
7.75,4.11922521626991,2.24474996540788,1.87447525086202,1.79069361613903,1.45433238688378
7.76,4.12048594431055,2.24551299536378,1.87497294894677,1.80906701663394,1.45682749483956
7.77,4.12167180827282,2.24641521047666,1.87525659779616,1.80906701663394,1.45977773825868
7.78,4.12287137178932,2.24745491637966,1.87541645540965,1.84631640875458,1.4631775765615
7.79,4.12410887161939,2.24863076360484,1.87547810801455,1.86502346525476,1.46702259698784
7.8,4.12543895612785,2.24994065045954,1.87549830566831,1.88360303253019,1.47130592700271
7.81,4.12688553990082,2.25138276685534,1.87550277304548,1.88360303253019,1.47602164761695
7.82,4.12846515344612,2.25295484005113,1.87551031339499,1.92040498219252,1.48116232696718
7.83,4.13019330203,2.25465441308499,1.87553888894501,1.93846832975963,1.48671993078793
7.84,4.13207807747337,2.25647886872437,1.875599208749,1.956243535266,1.49268590072869
7.85,4.13412327822539,2.25842540184105,1.87569787638434,1.956243535266,1.49905106402022
7.86,4.13633011667227,2.26049102155948,1.87583909511279,1.99081639908881,1.50580564049949
7.87,4.13869742184466,2.26267256191773,1.87602485992693,2.00754416849501,1.51293927747098
7.88,4.14122234495861,2.26496669000269,1.87625565495592,2.02385834151345,1.5204410763088
7.89,4.14390062372635,2.2673699165759,1.87653070715045,2.02385834151345,1.5282996272032
7.9,4.14672693148389,2.26987860628119,1.8768483252027,2.05513711953065,1.53650304253949
7.91,4.14969507906039,2.27248898862225,1.87720609043814,2.07004954493045,1.54503899279475
7.92,4.15279821357774,2.27519716889267,1.87760104468508,2.08444478041698,1.55389474227902
7.93,4.15602896068434,2.27799913930612,1.87802982137821,2.08444478041698,1.56305718553102
7.94,4.15937952890679,2.28089079020349,1.8784887387033,2.09829998353403,1.5725128839654
7.95,4.16284188801915,2.28386792069465,1.8789739673245,2.12430401294303,1.58224810067152
7.96,4.16640776082842,2.28692625012479,1.87948151070362,2.13641291868594,1.59224883790808
7.97,4.17006891034359,2.29006142907616,1.88000748126743,2.14790116286388,1.60250087307905
7.98,4.17381724662327,2.29326904803777,1.8805481985855,2.14790116286388,1.61298978708351
7.99,4.1776444959122,2.29654464932372,1.88109984658848,2.16894483699866,1.62370100328857
8,4.18154119273423,2.29988374590337,1.88165744683086,2.17846306898809,1.63461984910403
8.01,4.18549937972207,2.3032818092783,1.88221757044377,2.18730294507611,1.64573151634005
8.02,4.18950906777637,2.3067343025664,1.88277476520997,2.19544034170153,1.65702116939213
8.03,4.1935620225366,2.31023667609142,1.88332534644519,2.20287755089431,1.66847393081893
8.04,4.19765034726903,2.31378438112025,1.88386596614878,2.20287755089431,1.68007492626321
8.05,4.2017608030774,2.31737284550247,1.88438795757493,2.21555946507635,1.69180920479306
8.06,4.20589584855131,2.32099764471607,1.88489820383524,2.22085189247853,1.70366229822154
8.07,4.21004689233409,2.32465421562718,1.88539267670692,2.22535704086626,1.71561928510087
8.08,4.21419116694134,2.32833798914058,1.88585317780076,2.22908984304228,1.72766522448969
8.09,4.21834112272883,2.33204472929459,1.88629639343425,2.23215778369147,1.7397862647933
8.1,4.22248717422222,2.33577000051669,1.88671717370553,2.23441551114595,1.75196790168959
8.11,4.22660208022048,2.33950936387619,1.88709271634429,2.23591130191518,1.76419561987514
8.12,4.23072434823227,2.34325881423342,1.88746553399885,2.23675205100626,1.77645632254327
8.13,4.23477748510961,2.34701387234053,1.88776361276909,2.23675205100626,1.78873536255353
8.14,4.23885817906274,2.3507707652797,1.88808741378304,2.23611428216624,1.80102040246463
8.15,4.24291007764059,2.35452530465596,1.88838477298463,2.234519092374,1.81329774622498
8.16,4.2469303631196,2.3582735757941,1.8886567873255,2.23234350097365,1.82555459284672
8.17,4.25093366771735,2.36201171436968,1.88892195334767,2.22937160309261,1.83777830598885
8.18,4.25479306194026,2.36573582886822,1.88905723307204,2.22555712083855,1.84995616039907
8.19,4.25854544072684,2.36944225956596,1.88910318116089,2.2212852948894,1.86207618878068
8.2,4.26238737125273,2.37312746534591,1.88925990590683,2.21640166658921,1.87412681168112
8.21,4.26616220901144,2.37678801643534,1.8893741925761,2.21047107266683,1.88609681374355
8.22,4.26983228818804,2.38042057336015,1.88941171482789,2.21047107266683,1.8979752748877
8.23,4.27341867522728,2.38402184082841,1.88939683439887,2.19694461244286,1.9097514195089
8.24,4.27694733231327,2.38758864613673,1.88935868617654,2.18926561835708,1.92141487286712
8.25,4.28041003098394,2.39111795836755,1.88929207261639,2.18090079211534,1.9329557238619
8.26,4.28380971442728,2.3946068509567,1.88920286347058,2.17196254669465,1.94436440262843
8.27,4.28714406831727,2.39805250964033,1.88909155867694,2.16239713385069,1.95563170652389
8.28,4.29041137534173,2.40193630817725,1.88847506716448,2.15080473542057,1.9667487958047
8.29,4.29367094002163,2.40640413302347,1.88726680699816,2.15080473542057,1.97770613624005
8.3,4.29715134518688,2.4108025493001,1.88634879588678,2.12828964989451,1.9884932521585
8.31,4.30077930927967,2.41512873599825,1.88565057328142,2.11576584977279,1.99910322503571
8.32,4.30448151309234,2.41938010504478,1.88510140804756,2.10314851276932,2.00952970762233
8.33,4.30820658345775,2.42355400775041,1.88465257570733,2.08963824477322,2.01976620400789
8.34,4.31197539279129,2.42764771679118,1.88432767600011,2.07576849622694,2.02980602543037
8.35,4.31574239189151,2.43165881405461,1.88408357783689,2.06127457318727,2.03964324146893
8.36,4.31948868216337,2.43558491861659,1.88390376354677,2.04638857673019,2.0492720129072
8.37,4.3232074574342,2.43942371881822,1.88378373861598,2.03107796151931,2.05868667040169
8.38,4.326866872689,2.44317312193395,1.88369375075505,2.03107796151931,2.06788208154301
8.39,4.33048644513738,2.44683095662671,1.88365548851067,1.99938958668124,2.076852921127
8.4,4.334102623299,2.45039509827232,1.88370752502668,1.98302563550195,2.08559397851286
8.41,4.33767249836888,2.45386385509732,1.88380864327155,1.96635228724731,2.09410110462619
8.42,4.34119590399644,2.45723546882068,1.88396043517575,1.9494352079604,2.10236998728272
8.43,4.34467403562083,2.46050828166495,1.88416575395588,1.93227685542656,2.1103965607833
8.44,4.34810790579791,2.46368073952442,1.88442716627348,1.91490798221588,2.11817701368365
8.45,4.35149875299564,2.46675138522284,1.8847473677728,1.89734221345169,2.12570777225902
8.46,4.35484539023334,2.46971886722646,1.88512652300687,1.87950882975489,2.1329855218729
8.47,4.35811155026368,2.47258209725241,1.88552945301127,1.87950882975489,2.14000759351153
8.48,4.36086411640579,2.47534204087435,1.88552207553144,1.82593299740279,2.14677635524436
8.49,4.35994575540581,2.47801312718252,1.88193262822329,1.71226496059413,2.15332719441513
8.5,4.34907545015634,2.48062455086058,1.86845089929576,1.51842948444998,2.15973171098558
8.51,4.32510295427522,2.48318914042191,1.84191381385331,1.28480858222908,2.16602136688474
8.52,4.28680393604017,2.48571011764009,1.80109381840008,1.01135619608953,2.17220406351233
8.53,4.2336360664412,2.48818754805071,1.74544851839049,0.702693780665688,2.17827996159436
8.54,4.16539382619894,2.49062015391462,1.67477367228432,0.702693780665688,2.18424592747561
8.55,4.08211250454352,2.49300584005387,1.58910666448965,-0.010700897014801,2.19009682273212
8.56,3.98407597130466,2.49534165813803,1.48873431316662,-0.409208865356985,2.19582541658353
8.57,3.8719454920544,2.497623228984,1.3743222630704,-0.82804974689636,2.20142096908325
8.58,3.7472539224597,2.499842421676,1.2474115007837,-1.25114070652877,2.2068635391604
8.59,3.61511290057698,2.50197452559157,1.11313837498541,-1.59596140188653,2.21209252401333
8.6,3.49346689691147,2.5039347579675,0.989532138943974,-1.52867399959851,2.21689999391529
8.61,3.40014935418006,2.50564244857633,0.894506905603734,-1.42545865520844,2.22108810513344
8.62,3.33084864145991,2.50712340106767,0.823725240392236,-1.3612275398444,2.22472014111846
8.63,3.27940317358983,2.50841044480418,0.77099272878565,-1.3612275398444,2.22787661588226
8.64,3.2414653570055,2.50952633504159,0.731939021963915,-1.28245108549606,2.2306133366895
8.65,3.21366180130133,2.51048817641742,0.703173624883902,-1.26269667869442,2.23297225266373
8.66,3.19337052268556,2.51130897802004,0.682061544665529,-1.2526110992166,2.23498526859414
8.67,3.17875572458263,2.51199741827466,0.666758306307968,-1.248402018889,2.2366736683186
8.68,3.16847276913213,2.51255949263494,0.65591327649719,-1.24930776677694,2.2380521556872
8.69,3.16136955631137,2.51300023448299,0.64836932182838,-1.25372084859443,2.23913307506954
8.7,3.15665133316809,2.51332279760387,0.643328535564227,-1.25372084859443,2.23992416112348
8.71,3.15371996716174,2.51352930681017,0.640190660351565,-1.26956613756202,2.24043062495194
8.72,3.15211188799826,2.51362124163079,0.638490646367469,-1.26956613756202,2.24065609509952
8.73,3.15151955388098,2.51359922478179,0.637920329099181,-1.29078771748887,2.24060209877735
8.74,3.15166373751651,2.51346384731886,0.638199890197652,-1.30249737149175,2.2402700855495
8.75,3.1523477450703,2.51321529103896,0.639132454031334,-1.31455663386764,2.23966050127306
8.76,3.15342298102878,2.5128535329821,0.640569448046682,-1.32682428112221,2.2387732896386
8.77,3.15477557675138,2.51237841504602,0.642397161705367,-1.33914512712816,2.23760806290035
8.78,3.15631856861376,2.51178968556329,0.644528883050464,-1.35142881702496,2.23616420384398
8.79,3.15798465945441,2.51108703674904,0.646897622705375,-1.35142881702496,2.23444095762702
8.8,3.15972159371043,2.51027012886256,0.649451464847874,-1.37557990032132,2.23243749103543
8.81,3.16148825329959,2.50933861051647,0.652149642783126,-1.38734476406317,2.23015294229164
8.82,3.16325194580226,2.5082921329951,0.654959812807165,-1.39885328740623,2.22758645617048
8.83,3.16498625826625,2.50713036179255,0.657855896473694,-1.41007865846313,2.22473721229624
8.84,3.16666950793862,2.50585298528169,0.660816522656924,-1.42100080772117,2.22160444640335
8.85,3.16827553505894,2.50445982953488,0.663815705524062,-1.43158918680819,2.21818773193429
8.86,3.16980707578002,2.50295042777991,0.666856648000116,-1.44186783768761,2.21448592413022
8.87,3.1712407227408,2.50132468916172,0.669916033579083,-1.45178929595386,2.21049880016911
8.88,3.17256464099434,2.49958245374405,0.672982187250282,-1.45178929595386,2.20622596780729
8.89,3.17376768021009,2.49772361330764,0.676044066902446,-1.47059464056073,2.20166716163699
8.9,3.1748397358712,2.4957481124743,0.679091623396902,-1.47946289711914,2.19682224584322
8.91,3.17577134667645,2.49365595371723,0.682115392959223,-1.48796734225739,2.1916912264915
8.92,3.17655370585337,2.49144720084117,0.685106505012202,-1.49611008894501,2.18627426006296
8.93,3.17717175625085,2.4891221996874,0.68804955656345,-1.50385791911277,2.18057219473336
8.94,3.17763432424913,2.48668070974101,0.690953614508119,-1.51129901911431,2.17458444063983
8.95,3.1779226270063,2.48412323775224,0.693799389254056,-1.51129901911431,2.16831224058738
8.96,3.17803106289391,2.48145013844762,0.696580924446285,-1.52500588225315,2.16175646454279
8.97,3.17795369210673,2.47866194489567,0.699291747211059,-1.52500588225315,2.15491841985662
8.98,3.17768402068785,2.47575897331124,0.701925047376609,-1.537259413833,2.14779888204581
8.99,3.1772112748429,2.47274205356849,0.704469221274418,-1.54280593752429,2.14039988637671
9,3.17653555598818,2.46961204414568,0.706923511842504,-1.54799010606242,2.13272353826728
9.01,3.17564980413205,2.46636970484378,0.709280099288276,-1.55282201401236,2.12477170112936
9.02,3.1745415457173,2.46301567749832,0.711525868218979,-1.55732577385457,2.11654594906463
9.03,3.17321778318561,2.45955157923929,0.713666203946322,-1.56136140705315,2.10805024808435
9.04,3.17166382267461,2.4559781961815,0.715685626493105,-1.56136140705315,2.09928652613514
9.05,3.16986965419584,2.45229694480846,0.717572709387388,-1.56850359288804,2.09025825714274
9.06,3.16784000057737,2.44850948587181,0.719330514705558,-1.57149091279731,2.08096951410061
9.07,3.16557137940064,2.44461750784598,0.720953871554655,-1.57410234251626,2.07142443799228
9.08,3.16306795366744,2.44062296080102,0.722444992866425,-1.57631917209434,2.0616278113645
9.09,3.16033156739147,2.43652799902074,0.723803568370729,-1.57819543414253,2.05158491759838
9.1,3.15734551374821,2.43233465594353,0.725010857804681,-1.57971961083707,2.0413007437015
9.11,3.15409191654472,2.42804519191634,0.726046724628378,-1.58087610445992,2.03078083317482
9.12,3.15058658070364,2.4236623846831,0.726924196020543,-1.58159549007764,2.02003199843529
9.13,3.14686254834369,2.4191893174622,0.727673230881488,-1.58159549007764,2.00906180107604
9.14,3.14285262512228,2.41462863823471,0.72822398688757,-1.58201370049402,1.99787673527064
9.15,3.13859315146037,2.40998383698162,0.728609314478746,-1.58156612272571,1.98648536019743
9.16,3.13408659844749,2.40525843905879,0.7288281593887,-1.58080193036844,1.97489632179169
9.17,3.12933167254897,2.40045623653708,0.728875436011889,-1.57961212103236,1.96311892010719
9.18,3.12432992380356,2.39668594564607,0.727643978157483,-1.58143623941673,1.95116304226266
9.19,3.11930387751117,2.39297733295783,0.726326544553331,-1.57809818565361,1.93903587877212
9.2,3.11432798659259,2.3892195277927,0.725108458799897,-1.57809818565361,1.92674785588211
9.21,3.10929452230454,2.38541663313913,0.723877889165411,-1.57434740103927,1.91431239036494
9.22,3.10419343172097,2.38157259177583,0.722620839945146,-1.57434740103927,1.90174237510695
9.23,3.09898702165249,2.37769163788559,0.7212953837669,-1.56939431605063,1.88905165588589
9.24,3.09366494222495,2.37377808162544,0.719886860599514,-1.56647357547777,1.87625432691519
9.25,3.08821982340489,2.36983643460309,0.718383388801807,-1.56313777438781,1.86336514115209
9.26,3.0826236268725,2.36587136432002,0.716752262552478,-1.55951244308844,1.85039936132648
9.27,3.07694237400915,2.36188763965642,0.715054734352732,-1.55539212710349,1.83737258167648
9.28,3.07104953195863,2.35789040870416,0.713159123254465,-1.55112778460103,1.8243016364626
9.29,3.06515303980511,2.35388449623134,0.711268543573769,-1.55112778460103,1.81120230267648
9.3,3.0590644586387,2.34987555363792,0.709188905000784,-1.54108449093449,1.79809306039599
9.31,3.05287582261232,2.34586885249064,0.707006970121673,-1.53526618883229,1.78499114764441
9.32,3.04659649236716,2.34186992937744,0.704726562989723,-1.5292763705527,1.77191466906423
9.33,3.04021048026991,2.3378845434925,0.70232593677741,-1.52275948341429,1.75888245722047
9.34,3.03379013564251,2.33391828129375,0.699871854348756,-1.51580174512677,1.74591277983057
9.35,3.02722004456786,2.32997741640818,0.697242628159677,-1.50853491258628,1.73302615165476
9.36,3.02056237494062,2.32606772247583,0.694494652464793,-1.50060726015165,1.72024145249597
9.37,3.01386183658214,2.3221950593545,0.691666777227636,-1.49228781242644,1.70757784408923
9.38,3.00712907151738,2.31836546101475,0.688763610502626,-1.49228781242644,1.69505505751823
9.39,3.00037249143949,2.31458498176724,0.685787509672248,-1.47425565719037,1.68269289037889
9.4,2.99360257262087,2.31085966047981,0.682742912141057,-1.46454112688337,1.67051108976898
9.41,2.98683248085798,2.30719549614625,0.67963698471173,-1.45435912401821,1.65852927239823
9.42,2.98007601717782,2.3035984384474,0.676477578730412,-1.44371949842734,1.64676689372301
9.43,2.97334618618902,2.30007437671433,0.673271809474687,-1.43260673788088,1.63524321185586
9.44,2.96666098695973,2.29662907108314,0.670031915876587,-1.4210152480679,1.62397706244187
9.45,2.96006203379988,2.29326802595556,0.666794007844319,-1.4210152480679,1.61298644487469
9.46,2.953513141934,2.28999708396271,0.663516057971285,-1.39631413641572,1.60229046455807
9.47,2.94711572578612,2.28682114375575,0.660294582030364,-1.39631413641572,1.59190514008132
9.48,2.9415449787719,2.28374177512944,0.657803203642461,-1.34419617390464,1.58183560467328
9.49,2.94069715685922,2.28074274040462,0.659954416454595,-1.21721428521443,1.57202876112311
9.5,2.95059576866481,2.27779669730815,0.672799071356665,-1.02198676782443,1.56239520019764
9.51,2.97387912567739,2.27489560836108,0.698983517316318,-0.786279633368637,1.55290863934072
9.52,3.01161458142938,2.27203997192143,0.739574609507941,-0.511955058736943,1.54357070818309
9.53,3.06427877503019,2.26923313059693,0.795045644433256,-0.20274431336037,1.53439233705197
9.54,3.13203769465687,2.26647961225787,0.865558082399002,-0.20274431336037,1.52538833208322
9.55,3.21482227979899,2.26378465265601,0.951037627142984,0.510497170922768,1.51657581418515
9.56,3.31230565565746,2.26115433101173,1.05115132464573,0.907983909715188,1.50797466240836
9.57,3.42374491508116,2.25859639710468,1.16514851797649,1.32429685108969,1.49961021853229
9.58,3.54736111814463,2.25612373746441,1.29123738068022,1.73997207276372,1.49152462150863
9.59,3.67671785563437,2.25377458777668,1.42294326785769,2.04046669103825,1.48384290202974
9.6,3.79225791886131,2.25165925320322,1.54059866565809,1.9207581653938,1.47692575797454
9.61,3.8788742864994,2.24985778743295,1.62901649906644,1.83700772389917,1.47103496490576
9.62,3.94315717722511,2.24832704148059,1.69483013574452,1.76909276837921,1.46602942564154
9.63,3.99058384825542,2.24703212691913,1.74355172133629,1.76909276837921,1.46179505502555
9.64,4.02555696750404,2.24594593831642,1.77961102918763,1.70104379301111,1.45824321829468
9.65,4.05113191360477,2.24505030706222,1.80608160654255,1.68679485732565,1.45531450409345
9.66,4.07006122455882,2.24432874965357,1.82573247490525,1.68104995412531,1.45295501136718
9.67,4.0839128092228,2.24377294614055,1.84013986308224,1.68164143729645,1.45113753387961
9.68,4.09404881726422,2.2433756131516,1.85067320411262,1.68732609309889,1.44983825500572
9.69,4.10141717073973,2.24313214707572,1.85828502366402,1.69659662337485,1.4490421209376
9.7,4.10679644169445,2.24303869181092,1.86375774988354,1.69659662337485,1.4487365222217
9.71,4.11074233787489,2.24309266200812,1.86764967586677,1.7228193715571,1.44891300476655
9.72,4.11366981756175,2.24329211136233,1.87037770619943,1.7228193715571,1.44956520415481
9.73,4.11589102233632,2.24363547925781,1.87225554307851,1.75512829111557,1.45068801717305
9.74,4.11763887654711,2.24412142541622,1.8735174511309,1.7726124025201,1.45227706111103
9.75,4.11908777337702,2.24474869244271,1.87433908093431,1.79063951313298,1.45432822428767
9.76,4.12036729609519,2.24551601553191,1.87485128056328,1.8090239833967,1.45683737078935
9.77,4.12157073196891,2.24642208427653,1.87514864769238,1.82762225538179,1.45980021558424
9.78,4.12278434090647,2.24746526656142,1.87531907434504,1.84630502359809,1.46321142165585
9.79,4.1240527349689,2.24864399195446,1.87540874301443,1.84630502359809,1.4670658536911
9.8,4.12539059070649,2.24995672563025,1.87543386507624,1.88362298090571,1.47135849281092
9.81,4.12684562650297,2.25140125882076,1.87544436768222,1.90210301355519,1.47608211634387
9.82,4.12843586350496,2.25297539921738,1.87546046428758,1.92040946202563,1.48122955544085
9.83,4.1301740745504,2.25467674934709,1.87549732520331,1.93846418045215,1.486792970365
9.84,4.13206778486651,2.25650271694922,1.87556506791729,1.95625094207381,1.49276388442394
9.85,4.13412135146879,2.2584505146913,1.87567083677749,1.97371915024653,1.49913318304055
9.86,4.13633577572409,2.26051717268881,1.87581860303528,1.99083121052362,1.5058911546924
9.87,4.13870986037717,2.26269954392678,1.87601031645039,2.00756177324249,1.51302750864057
9.88,4.14124081953663,2.26499431294757,1.87624650658905,2.00756177324249,1.52053140333856
9.89,4.14392442510407,2.26739800715515,1.87652641794891,2.03975286735215,1.52839148339735
9.9,4.14675539968884,2.26990700681026,1.87684839287858,2.05515950214344,1.53659591226955
9.91,4.1497275959884,2.27251755615368,1.87721003983472,2.07007287689814,1.54513240862254
9.92,4.15283420602559,2.2752257743077,1.87760843171788,2.08446874468003,1.55398828198619
9.93,4.15606789740281,2.27802766646619,1.87804023093662,2.09832434320283,1.56315046934444
9.94,4.15942092035137,2.28091913511668,1.87850178523469,2.1116192823002,1.57260557183155
9.95,4.16288528412267,2.28389599072288,1.8789892933998,2.1116192823002,1.58233988966381
9.96,4.16645274935564,2.28695396321792,1.87949878613772,2.13643723024415,1.59233945972259
9.97,4.17011511563123,2.29008871303698,1.88002640259425,2.13643723024415,1.60259009163093
9.98,4.1738643267419,2.29329583982285,1.88056848691905,2.15876999458281,1.61307739622073
9.99,4.17769214158226,2.29657089436872,1.88112124721354,2.16896778096391,1.62378682458573
10,4.18158912621547,2.29990939748432,1.88167972873115,2.17848535540577,1.63470372977372
10.01,4.18554734964199,2.30330682791445,1.88224052172754,2.1873244978134,1.64581332728026
10.02,4.18955685078369,2.3067586554259,1.88279819535779,2.19546110081772,1.65710080324269
10.03,4.19360942055528,2.31026033644652,1.88334908410876,2.20289748108923,1.66855130018013
10.04,4.1976971857719,2.31380732783196,1.88388985793994,2.20289748108923,1.68014996201052
10.05,4.20180692516058,2.31739506239156,1.88441186276903,2.2155775521678,1.69188185402039
10.06,4.20594112030888,2.32101912047618,1.8849219998327,2.22086911892893,1.70373252395712
10.07,4.21009119594385,2.32467494307189,1.88541625287196,2.22537335273274,1.71568706384508
10.08,4.21423434779919,2.32835796639557,1.88587638140362,2.22910512786741,1.7277305501135
10.09,4.21839208702168,2.33206400483201,1.88632808218967,2.23220232727051,1.73984929580066
10.1,4.22253514391648,2.33578852961763,1.88674661429885,2.23439943336527,1.75202849184963
10.11,4.22664918508422,2.33952717390606,1.88712201117816,2.23592757328691,1.76425385867281
10.12,4.23076856810158,2.34327589206766,1.88749267603392,2.23592757328691,1.77651216706125
10.13,4.23481887555697,2.34703022718287,1.88778864837411,2.23675110921309,1.78878884288797
10.14,4.23889725170321,2.3507864068505,1.88811084485271,2.23611874175151,1.80107155040114
10.15,4.24294694092424,2.35454024596873,1.88840669495551,2.23452690975235,1.81334660431775
10.16,4.24696529705272,2.35828783089081,1.88867746616191,2.23234967477494,1.82560120701293
10.17,4.25096678155323,2.36202529911835,1.88894148243488,2.22937840464843,1.837822728117
10.18,4.25482447705792,2.36574875994692,1.889075717111,2.22556330198113,1.84999844502642
10.19,4.25857526353488,2.36945455474502,1.88912070878986,2.22129132471539,1.86211639401622
10.2,4.26241493124967,2.37313914319362,1.88927578805605,2.22129132471539,1.87416499824315
10.21,4.26619079665868,2.37679909546225,1.88939170119643,2.21047965282216,1.88613304216155
10.22,4.26987800741424,2.38043106960002,1.88944693781421,2.20406716132421,1.89800959759207
10.23,4.27344804445284,2.38403179985104,1.8894162446018,2.19690901006832,1.9097839855129
10.24,4.2769735174981,2.38759807083256,1.88937544666554,2.18928315023665,1.92144569162247
10.25,4.28043449537274,2.39112686289335,1.88930763247939,2.18089249612774,1.93298484166125
10.26,4.28383220523858,2.39461525654187,1.88921694869671,2.17196815619614,1.94439188889191
10.27,4.28716503496533,2.3980604343499,1.88910460061543,2.16239600265058,1.95565762032416
10.28,4.2904308489248,2.40194625957216,1.88848458935264,2.15079958083474,1.96677320160073
10.29,4.29368927796719,2.40641349257837,1.88727578538882,2.15079958083474,1.97772909054844
10.3,4.29716907016022,2.41081134106341,1.8863577290968,2.12828904634023,1.98851481395802
10.31,4.3007962451317,2.41513698621687,1.88565925891483,2.11576732012348,1.99912345869687
10.32,4.30449766812348,2.4193878383292,1.88510982979427,2.10314823376741,2.00954867350237
10.33,4.30822189906029,2.42356124838123,1.88466065067906,2.08963835548239,2.01978396165497
10.34,4.31198989284461,2.42765448804642,1.88433540479819,2.07576805450536,2.02982263193385
10.35,4.31575591021653,2.43166513912672,1.88409077108981,2.06127381830686,2.03965875370828
10.36,4.31950143347217,2.43559081872812,1.88391061474405,2.04638831976318,2.04928648293071
10.37,4.32321946836264,2.43942921507633,1.88379025328631,2.04638831976318,2.0587001499747
10.38,4.32687810176502,2.44317823496697,1.88369986679805,2.03107720871683,2.06789462125649
10.39,4.33049718587838,2.44683570501968,1.8836614808587,1.99938872766265,2.07686456656077
10.4,4.33411265143721,2.45039950197875,1.88371314945845,1.98302469024043,2.08560477860289
10.41,4.33768184315602,2.45386793225779,1.88381391089823,1.96635132760523,2.09411110386222
10.42,4.34120460112982,2.45723923682077,1.88396536430905,1.94943427616214,2.10237922830294
10.43,4.34468212082579,2.4605117571716,1.88417036365419,1.93227596976855,2.11040508446335
10.44,4.3481154131221,2.46368393850456,1.88443147461754,1.91490713308501,2.11818485918243
10.45,4.35150571506707,2.4667543229537,1.88475139211336,1.91490713308501,2.12571497704395
10.46,4.35485183775818,2.46972155831094,1.88513027944725,1.87950809450341,2.13299212175757
10.47,4.35811751837776,2.47258455560252,1.88553296277524,1.86020463507961,2.14001362261518
10.48,4.3608696645577,2.47534427961423,1.88552538494347,1.82593346128136,2.14678184575391
10.49,4.35995103453221,2.47801515826675,1.88193587626546,1.71226789667192,2.15333217564919
10.5,4.34908059002349,2.4806263856266,1.86845420439689,1.51843313473881,2.15973621074925
10.51,4.32510800842867,2.48319078998594,1.84191721844273,1.28481303611887,2.16602541244051
10.52,4.28680882235176,2.48571159324225,1.80109722910951,1.01136120612552,2.17220768242663
10.53,4.23364086167469,2.48818886023308,1.74545200144161,0.702699879557826,2.17828317972164
10.54,4.16539840815307,2.49062131644133,1.67477709171174,0.702699879557826,2.18424877857236
10.55,4.08211703278644,2.49300685712322,1.58911017566322,-0.0106959303400203,2.19009931709471
10.56,3.98408039695372,2.49534254000904,1.48873785694468,-0.409201852767656,2.19582757937216
10.57,3.87194971541913,2.49762398503247,1.37432573038667,-0.828044197518829,2.20142282329213
10.58,3.74725812444164,2.49984305756455,1.2474150668771,-1.25113675322516,2.20686509867705
10.59,3.61511667143101,2.5019750509041,1.11314162052691,-1.59595938272365,2.2120938123423
10.6,3.4934701200503,2.50393518084933,0.989534939200964,-1.52867672069578,2.21690103103299
10.61,3.40015198948816,2.50564277643637,0.894509213051792,-1.42545969560791,2.2210889092102
10.62,3.330850818251,2.50712363996267,0.823727178288337,-1.42545969560791,2.22472072700844
10.63,3.27940496122214,2.50841060059244,0.7709943606297,-1.3612288264783,2.22787699795297
10.64,3.24146682596191,2.50952641315641,0.731940412805507,-1.28245171134385,2.23061352826609
10.65,3.21366299550012,2.51048818205442,0.703174813445699,-1.26269705506459,2.23297226648847
10.66,3.1933714251383,2.51130891635893,0.682062508779369,-1.25261142223864,2.23498511737029
10.67,3.17875646409629,2.51199729335832,0.666759170737965,-1.24840203115809,2.23667336196129
10.68,3.16847334373381,2.51255930896829,0.655914034765527,-1.24930788393225,2.23805170524473
10.69,3.16136998177719,2.51299999617977,0.648369985597427,-1.25372081435353,2.23913249063088
10.7,3.15665162711585,2.51332250852004,0.643329118595806,-1.25372081435353,2.23992345214541
10.71,3.15372014122068,2.51352897060078,0.640191170619902,-1.26956605325161,2.2404298003984
10.72,3.15211193044291,2.51362086188885,0.638491068554058,-1.2797166725059,2.24065516378241
10.73,3.15151950192223,2.51359880457795,0.637920697344283,-1.29078755044895,2.24060106822742
10.74,3.1516635992721,2.5134633897105,0.6382002095616,-1.3024972375864,2.24026896326501
10.75,3.15234752563001,2.51321479891635,0.639132726713662,-1.31455647669685,2.23965929434234
10.76,3.15342268613885,2.51285300906128,0.640569677077562,-1.32682413457898,2.2387720047228
10.77,3.15477521106004,2.51237786188756,0.642397349172481,-1.33914497846663,2.23760670627924
10.78,3.15631813667471,2.511789105577,0.644529031097712,-1.35142867683529,2.23616278142759
10.79,3.15798416530106,2.51108643220519,0.646897733095873,-1.35142867683529,2.23443947498323
10.8,3.15972104114445,2.5102695018992,0.649451539245254,-1.37557977788643,2.23243595340778
10.81,3.16148764580377,2.50933796314808,0.652149682655681,-1.38734465349951,2.23015135462068
10.82,3.163251286636,2.50829146712001,0.654959819515982,-1.39885319100899,2.22758482311183
10.83,3.16498555045995,2.50712967920038,0.657855871259568,-1.4100785775404,2.22473553823894
10.84,3.16666875433461,2.50585228766021,0.660816466674408,-1.42100074382648,2.22160273548665
10.85,3.16827473832054,2.50445911847463,0.663815619845912,-1.43158914148084,2.21818598805902
10.86,3.16980623840082,2.50294970478659,0.66685653361423,-1.44186781127607,2.21448415098911
10.87,3.17123984710073,2.50132395565572,0.66991589144501,-1.44186781127607,2.21049700124564
10.88,3.17256372933701,2.49958171106824,0.672982018268769,-1.45178929012936,2.20622414639487
10.89,3.17376673467459,2.49772286273252,0.67604387194207,-1.47059467762415,2.20166532085151
10.9,3.17483875849197,2.49574735520298,0.679091403288997,-1.47946295662927,2.1968203886353
10.91,3.17577033940455,2.49365519088998,0.682115148514569,-1.4879674245298,2.19168935565768
10.92,3.1765526705593,2.49144643353984,0.685106237019462,-1.49611019445465,2.18627237825645
10.93,3.17717069500504,2.48912142893114,0.688049266073906,-1.50385804820886,2.18057030445361
10.94,3.17763323843017,2.48667993651535,0.69095330191482,-1.51129917173456,2.1745825443039
10.95,3.17792151831686,2.48412246298684,0.693799055330028,-1.51129917173456,2.16831034047522
10.96,3.17802993295693,2.48144936302822,0.696580569928706,-1.52500608142818,2.16175456282672
10.97,3.17795254252582,2.47866116966562,0.699291372860205,-1.53128834831946,2.15491651860493
10.98,3.17768285309601,2.4757581990802,0.701924654015806,-1.53725965796656,2.14779698324419
10.99,3.17721009069688,2.47274128110749,0.704468809589387,-1.54280620446243,2.14039799191613
11,3.17653435679064,2.469611274191,0.706923082599642,-1.54799039423926,2.13272164995342
11.01,3.17564859124462,2.46636893809554,0.709279653149078,-1.55282232452601,2.12476982067932
11.02,3.1745403206995,2.4630149146458,0.711525406053702,-1.55732610258304,2.11654407816883
11.03,3.17321654750633,2.45955082093312,0.713665726573206,-1.56136175643967,2.10804838833848
11.04,3.17166257731924,2.45597744303173,0.715685134287507,-1.56136175643967,2.09928467903533
11.05,3.16986840107695,2.45229619743679,0.717572203640162,-1.56850397701991,2.09025642421373
11.06,3.16783874110226,2.44850874485838,0.719329996243885,-1.57149131529767,2.08096769676517
11.07,3.16557011489685,2.44461677374966,0.720953341147194,-1.57410276021696,2.07142263762104
11.08,3.16306668559504,2.44062223415957,0.722444451435464,-1.57631960446123,2.06162602927635
11.09,3.16033029718099,2.43652728032469,0.723803016856297,-1.57819588822862,2.0515831549963
11.1,3.15734417508627,2.43233394479981,0.725010230286461,-1.57972021180695,2.04129899962152
11.11,3.15409059854486,2.42804448970797,0.726046108836892,-1.58087638364571,2.03077911100879
11.12,3.15058527993357,2.42366169182289,0.726923588110678,-1.58087638364571,2.02003029919565
11.13,3.14686067349886,2.41918862883444,0.727672044664426,-1.58194913170186,2.00906011221646
11.14,3.14285070219083,2.41462795797254,0.728222744218284,-1.58201279608137,1.99787506692766
11.15,3.13859140378866,2.40998316633448,0.728608237454179,-1.58156640220827,1.98648371543532
11.16,3.13408496919109,2.40525777883663,0.728827190354459,-1.5808018501643,1.97489470259684
11.17,3.12933014594687,2.40045558729009,0.72887455865678,-1.57961241208595,1.96311732782896
11.18,3.12432847123091,2.39668546735551,0.727643003875398,-1.58143697659959,1.95116147825252
11.19,3.11930251580796,2.39297686349529,0.726325652312672,-1.57809829704358,1.93903434362961
11.2,3.11432671281178,2.3892190674692,0.72510764534258,-1.57809829704358,1.92674635062427
11.21,3.10929330683468,2.38541618230403,0.723877124530649,-1.57434784684633,1.91431091613417
11.22,3.10419226640947,2.38157215069144,0.722620115718026,-1.57215483392446,1.90174093276101
11.23,3.09898589629185,2.37769120680598,0.721294689485871,-1.5693948784998,1.88905024625554
11.24,3.09366385159677,2.37377766076166,0.719886190835116,-1.56647418212961,1.87625295069062
11.25,3.08821876248493,2.36983602414597,0.718382738338955,-1.56313838037668,1.86336379895732
11.26,3.0826225932829,2.36587096443136,0.716751628851539,-1.55951306102393,1.85039805369055
11.27,3.07694136408843,2.36188725047839,0.715054113610034,-1.55539274521222,1.83737130906434
11.28,3.07104854581838,2.35789003035109,0.713158515467289,-1.55112839888972,1.82430039924807
11.29,3.06515207537096,2.35388412880168,0.711267946569277,-1.55112839888972,1.81120110118151
11.3,3.05906351612107,2.34987519720382,0.709188318917248,-1.5410850918192,1.7980918948565
11.31,3.05287490205115,2.34586850710499,0.707006394946162,-1.53526678190717,1.78499001823331
11.32,3.04659558322164,2.34186959509931,0.704725988122332,-1.52927696742901,1.77191357597473
11.33,3.04020959494594,2.33788422029929,0.70232537464665,-1.5227600296018,1.75888140037868
11.34,3.03378927133962,2.33391796918887,0.699871302150751,-1.51580231416906,1.7459117592476
11.35,3.02721923065201,2.32997711527458,0.697242115377434,-1.50853552933875,1.73302516694788
11.36,3.02056157645027,2.32606743238405,0.694494144066214,-1.50060777966622,1.72024050389585
11.37,3.01386105802791,2.32219478021672,0.691666277811188,-1.50060777966622,1.70757693130868
11.38,3.00712831305183,2.31836519274539,0.688763120306445,-1.48349303282228,1.69505418027743
11.39,3.00037175410354,2.31458472425781,0.685787029845728,-1.47425614747034,1.68269204832304
11.4,2.99360185682789,2.31085941360756,0.682742443220334,-1.46454159458019,1.67051028249671
11.41,2.98683178712182,2.30719525977084,0.679636527350976,-1.45435957570705,1.65852849945065
11.42,2.98007534575981,2.30359821241362,0.676477133346191,-1.44371993227153,1.64676615459254
11.43,2.97334554245499,2.3000741608232,0.673271381631789,-1.43260714901769,1.63524250589186
11.44,2.96666036485096,2.29662886518287,0.670031499668089,-1.42101565761745,1.623976389148
11.45,2.96006143326268,2.29326782984906,0.666793603413624,-1.42101565761745,1.61298580360642
11.46,2.95351256343819,2.2899968974363,0.663515666001887,-1.3963145064323,1.6022898546167
11.47,2.94711516907653,2.28682096658873,0.660294202487807,-1.38112395473561,1.59190456074513
11.48,2.94154444187162,2.28374160709978,0.65780283477184,-1.34419657665833,1.58183505521629
11.49,2.94069663215206,2.2807425813079,0.659954050844158,-1.21721479767573,1.57202824087684
11.5,2.95059525096679,2.27779654691255,0.672798704054236,-1.02198730716341,1.56239470840405
11.51,2.97387861300929,2.27489546640943,0.698983146599861,-0.786280205344614,1.55290817515882
11.52,3.0116140729146,2.27203983814583,0.739574234768761,-0.511955654153259,1.54357027073688
11.53,3.0642782702254,2.26923300472421,0.795045265501185,-0.202744928929542,1.53439192544817
11.54,3.13203719338385,2.26647949401176,0.865557699372088,-0.202744928929542,1.52538794541845
11.55,3.21482178217066,2.26378454175717,0.951037240413492,0.510496524274807,1.51657545154595
11.56,3.31230515597445,2.26115422736295,1.0511509286115,0.907983149725301,1.50797432347684
11.57,3.42374439844396,2.25859630028622,1.16514809815774,1.32429955639656,1.49960990193596
11.58,3.54736056397154,2.25612364723877,1.29123691673278,1.739973383247,1.49152432647077
11.59,3.67671725960302,2.25377450402141,1.42294275558161,2.04046465821436,1.48384262815001
11.6,3.79225728209521,2.25165917577634,1.54059810631887,1.92075929310503,1.47692550478863
11.61,3.87887376779693,2.24985771506908,1.62901605272785,1.83700740507249,1.47103472827589
11.62,3.94315672699674,2.24832697422637,1.69482975277037,1.83700740507249,1.46602920572022
11.63,3.99058346429725,2.24703206454627,1.74355139975098,1.72877614758408,1.46179485106629
11.64,4.02555663140093,2.24594588068232,1.77961075071861,1.70104385332105,1.45824302983118
11.65,4.05113161978849,2.24505025395084,1.80608136583765,1.68679479949861,1.45531433041926
11.66,4.07006096092918,2.24432870089843,1.82573226003075,1.68104992868637,1.45295485193785
11.67,4.08391263343282,2.2437729009725,1.84013973246032,1.68164118883581,1.45113738618008
11.68,4.0940439901818,2.24337559249078,1.85066839769101,1.68734140652797,1.44983818744486
11.69,4.10141614853132,2.2431321014976,1.85828404703371,1.69660753109348,1.44904197189717
11.7,4.10679574599209,2.24303864793014,1.86375709806195,1.69660753109348,1.44873637873154
11.71,4.11074168005609,2.24309262107745,1.86764905897864,1.7228230289218,1.44891287092325
11.72,4.11366934886303,2.24329207244428,1.87037727641875,1.73843513663876,1.44956507689279
11.73,4.11589061525535,2.24363544295292,1.87225517230243,1.75512934990363,1.45068789845604
11.74,4.11763855885087,2.24412139145084,1.87351716740003,1.77261214867128,1.45227695004425
11.75,4.1190875033511,2.24474866092456,1.87433884242654,1.79063983704698,1.45432812122331
11.76,4.12036707416635,2.24551598633133,1.87485108783502,1.80902394534195,1.45683727530343
11.77,4.12157054172533,2.24642205736844,1.87514848435689,1.82762237127121,1.45980012759481
11.78,4.12278420592899,2.2474652414558,1.87531896447319,1.84630487274308,1.46321133956048
11.79,4.1240402012639,2.24864402595187,1.87539617531203,1.84630487274308,1.46706596486262
11.8,4.12538128001842,2.24995674211705,1.87542453790137,1.88364131785935,1.47135854672275
11.81,4.12683871619116,2.25140126362008,1.87543745257108,1.9021073904929,1.47608213203765
11.82,4.12843060411499,2.25297539699257,1.87545520712242,1.92041766500089,1.48122954816571
11.83,4.13017014966301,2.25467674221768,1.87549340744533,1.93846775765945,1.48679294705181
11.84,4.13206480733289,2.25650270724471,1.87556210008818,1.95625489168308,1.4927638526902
11.85,4.13411911085501,2.25845050365661,1.8756686071984,1.97372143354864,1.49913314695713
11.86,4.13633407452481,2.2605171614092,1.87581691311562,1.99083324109482,1.50589111780807
11.87,4.13870857140319,2.26269953304423,1.87600903835896,1.99083324109482,1.51302747305464
11.88,4.14123983724534,2.26499430294325,1.87624553430209,2.02387889783004,1.52053137062443
11.89,4.14392367579943,2.26739799830951,1.87652567748992,2.03975362558181,1.52839145447209
11.9,4.14675482549146,2.26990699929983,1.87684782619163,2.05516008667473,1.53659588771045
11.91,4.14972715488494,2.27251755005899,1.87720960482595,2.07007329872027,1.54513238869289
11.92,4.15283386579954,2.27522576965144,1.87760809614811,2.08446906284777,1.55398826676019
11.93,4.15606763420669,2.27802766322512,1.87803997098157,2.0983245757929,1.56315045874615
11.94,4.15942071606206,2.28091913323875,1.87850158282331,2.11161945595449,1.57260556569071
11.95,4.16288512517198,2.28389599013554,1.87898913503644,2.11161945595449,1.58233988774322
11.96,4.16645262544644,2.28695396383643,1.87949866161001,2.13643732539368,1.59233946174514
11.97,4.17011501899407,2.2900887147694,1.88002630422468,2.14792520626999,1.60259009729592
11.98,4.17386425145588,2.29329584257404,1.88056840888184,2.15877004728254,1.6130774052171
11.99,4.17769208311378,2.29657089804325,1.88112118507053,2.16896782044971,1.62378683660142
12,4.18158908112177,2.2999094019882,1.88167967913357,2.17848538540527,1.63470374450143
