t_s,T_s_Nm,T_d_ref_Nm,e_T_Nm,T_a_Nm,a_y_mps2
0,0,0,0,0,0
0.01,0.0106404446824103,2.3,-2.28935955531759,-5.696,4.76233443010048e-07
0.02,0.273533464502039,-2.3,2.57353346450204,5.696,-0.00505869931055111
0.03,0.325168155232569,-2.3,2.62516815523257,4.6479381225081,-0.00480726323952869
0.04,-0.0673631859090606,2.3,-2.36736318590906,-5.696,0.00550916316968889
0.05,-0.100416177491424,2.3,-2.40041617749142,-3.86766561235565,0.00801464476700405
0.06,0.332638504463181,2.3,-1.96736149553682,-0.454703040776582,0.000829605355714763
0.07,0.725234761856674,-2.3,3.02523476185667,5.696,-0.00470146902199412
0.08,0.654874909926983,2.3,-1.64512509007302,-5.696,0.000503810384143264
0.09,0.750029077693666,2.3,-1.54997092230633,-1.36782481318762,0.002268443157671
0.1,1.03387533945193,2.3,-1.26612466054807,-2.64011933078636,0.000380486934791617
0.11,1.26651467198821,2.3,-1.03348532801179,-1.7973584304983,0.000109277555854133
0.12,1.51006449894368,2.3,-0.789935501056316,-1.15596565463327,4.88224569499312e-05
0.13,1.76670375468629,2.3,-0.533296245313714,-0.448534741136052,0.000137270758824803
0.14,2.03396885296122,2.3,-0.266031147038776,0.235422334191981,0.000417674142823756
0.15,2.29079137611648,2.3,-0.00920862388351873,0.389123509695055,0.00133985780816417
0.16,2.49749301464982,2.3,0.197493014649815,0.0417588588552502,0.00374150464335757
0.17,2.65130258249716,2.3,0.351302582497163,-0.0376244653784124,0.00762854070823123
0.18,2.7692192157776,2.3,0.469219215777604,-0.171829256005461,0.012591653324361
0.19,2.85866935710969,2.3,0.55866935710969,-0.216970892410874,0.0184483294590448
0.2,2.9278490447831,2.3,0.627849044783103,-0.262093112787389,0.0250120784079312
0.21,2.98149747951846,2.3,0.681497479518463,-0.273380349994229,0.0321810272955533
0.22,3.0238435726678,2.3,0.723843572667797,-0.276616798508055,0.0398708051220314
0.23,3.05767718708842,2.3,0.757677187088423,-0.26515893486684,0.0480327833304508
0.24,3.08525800467673,2.3,0.785258004676733,-0.247125298129609,0.0566326913142226
0.25,3.10817936862511,2.3,0.808179368625107,-0.221929346169379,0.0656524278588868
0.26,3.12767787617999,2.3,0.82767787617999,-0.192471085336498,0.0750824785155393
0.27,3.14465271969211,2.3,0.844652719692113,-0.159285328885229,0.0849208383194247
0.28,3.15978807608361,2.3,0.859788076083612,-0.123499461213649,0.0951698689434295
0.29,3.17358950323994,2.3,0.873589503239936,-0.0857007212482457,0.105835155811809
0.3,3.18643747343907,2.3,0.886437473439065,-0.0463938960412413,0.116924080915931
0.31,3.19861765447051,2.3,0.898617654470507,-0.00588264425911689,0.128444968677646
0.32,3.21034682892501,2.3,0.910346828925015,0.0354616710821491,0.140406292425423
0.33,3.2217821535144,2.3,0.9217821535144,0.0775798979516686,0.152816757864103
0.34,3.23304623094217,2.3,0.933046230942173,0.120132774488138,0.165684091736
0.35,3.2442302464745,2.3,0.944230246474496,0.163131802220385,0.179015358149798
0.36,3.25540374682322,2.3,0.955403746823224,0.206411745018139,0.192816598219036
0.37,3.26662121697545,2.3,0.96662121697545,0.249922841183785,0.207092687846074
0.38,3.27792105890956,2.3,0.977921058909565,0.293587193516275,0.221847347480565
0.39,3.28932786824347,2.3,0.989327868243468,0.337358236629921,0.237083100800922
0.4,3.30087126954442,2.3,1.00087126954442,0.38119280897087,0.252800907509225
0.41,3.31256781779082,2.3,1.01256781779082,0.425034971977608,0.269000549075567
0.42,3.32442929293494,2.3,1.02442929293494,0.468853414979241,0.285680481538097
0.43,3.33646411231721,2.3,1.03646411231721,0.512607904513977,0.302837833943136
0.44,3.34867763502287,2.3,1.04867763502287,0.556265311789701,0.32046843219106
0.45,3.36107299640255,2.3,1.06107299640255,0.599791109534428,0.33856681940191
0.46,3.37365138911268,2.3,1.07365138911268,0.643151787568619,0.357126282988837
0.47,3.38641237348156,2.3,1.08641237348156,0.68631396556403,0.376138887357854
0.48,3.3993516717045,2.3,1.0993516717045,0.729243417973106,0.395595551748911
0.49,3.41247398843079,2.3,1.11247398843079,0.771910816102526,0.415485828723068
0.5,3.42576895248409,2.3,1.12576895248409,0.81427069770521,0.435798479431975
0.51,3.43923166499713,2.3,1.13923166499713,0.856304078138448,0.45652103992671
0.52,3.45285663024856,2.3,1.15285663024856,0.897969300840023,0.4776400140601
0.53,3.46663730186038,2.3,1.16663730186038,0.939235914539191,0.499140925473389
0.54,3.48056465552176,2.3,1.18056465552176,0.98006841451314,0.521008394530612
0.55,3.49463489612817,2.3,1.19463489612817,1.02042485943212,0.543225953291045
0.56,3.50883339151747,2.3,1.20883339151747,1.06030161627399,0.565776686974236
0.57,3.52315509873748,2.3,1.22315509873748,1.09962506738452,0.588642470082782
0.58,3.53758993880471,2.3,1.23758993880471,1.13838693846021,0.611804573498794
0.59,3.55212792583951,2.3,1.25212792583951,1.17654086896625,0.635243539648412
0.6,3.56675840934389,2.3,1.2667584093439,1.21406072855035,0.658939245017748
0.61,3.58147051416802,2.3,1.28147051416802,1.25090986693363,0.682870937263769
0.62,3.59625295748394,2.3,1.29625295748394,1.28705798568498,0.707017285704385
0.63,3.61109421021627,2.3,1.31109421021627,1.32247231973274,0.731356424142606
0.64,3.62598246939963,2.3,1.32598246939963,1.3571222085888,0.75586599757245
0.65,3.64090572442909,2.3,1.34090572442909,1.39097686393023,0.780523206539348
0.66,3.65585177392076,2.3,1.35585177392076,1.4240065987817,0.805304852211577
0.67,3.67080821690259,2.3,1.37080821690259,1.45618230627439,0.830187381703951
0.68,3.68576255534288,2.3,1.38576255534288,1.48747584199184,0.855146930224555
0.69,3.70070225411419,2.3,1.40070225411419,1.51785981388745,0.880159363688271
0.7,3.71561470688263,2.3,1.41561470688263,1.54730773840089,0.905200322997853
0.71,3.7304872658444,2.3,1.4304872658444,1.57579411296078,0.930245266136891
0.72,3.74530727023521,2.3,1.44530727023521,1.60329443634975,0.955269509596185
0.73,3.76006207295697,2.3,1.46006207295697,1.62978525328394,0.980248269094206
0.74,3.77473906596011,2.31231228314456,1.46242678281556,1.61742370843718,1.00515669952962
0.75,3.79166423178694,2.32493342523937,1.46673080654757,1.66039860669487,1.02991938031964
0.76,3.81133681247036,2.3374630868665,1.47387372560386,1.66971839585242,1.05450257643207
0.77,3.83250311853843,2.34990298695283,1.4826001315856,1.69069712141297,1.07890966040145
0.78,3.8549798501433,2.36224264021411,1.49273720992918,1.70123082046175,1.10312006010009
0.79,3.87822987985474,2.37447526563525,1.50375461421948,1.71331736046556,1.12712047117637
0.8,3.90205611383171,2.38659025861808,1.51546585521363,1.72146209141615,1.15089008740867
0.81,3.92621259368433,2.39857755950121,1.52763503418312,1.72884634533733,1.17440917174137
0.82,3.95054006969149,2.41042609270903,1.54011397698246,1.73409567418716,1.19765599389512
0.83,3.97491169287111,2.42212460692843,1.55278708594268,1.73821846178404,1.22060847879357
0.84,3.99922529622631,2.43366164303962,1.56556365318669,1.74081175101726,1.24324414364373
0.85,4.02339559197405,2.4450257257115,1.57836986626255,1.74221519521301,1.26554047384596
0.86,4.0473599297747,2.45620535508888,1.59115457468582,1.74237205070279,1.28747490668438
0.87,4.07094272960789,2.46719037401305,1.60375235559484,1.74125795689321,1.3090275138136
0.88,4.0943834536112,2.47796659102526,1.61641686258593,1.73950850337998,1.33017045159157
0.89,4.11729117012065,2.48852667964569,1.62876449047496,1.7358254720134,1.35088934546485
0.9,4.1399639734703,2.49885610497151,1.64110786849879,1.73204302611099,1.3711556779541
0.91,4.16206777145892,2.50894772408261,1.65312004737631,1.72623264119106,1.39095543465009
0.92,4.18367493522034,2.51879010433808,1.66488483088226,1.72021997272276,1.41026618471132
0.93,4.20488591885017,2.52837163071503,1.67651428813514,1.7128435343121,1.4290651394629
0.94,4.2255418921382,2.53768418668147,1.68785770545673,1.70450122249249,1.44733637426905
0.95,4.24573007866245,2.54671683264522,1.69901324601723,1.69523985184813,1.46505842564992
0.96,4.26535551809392,2.55546135644312,1.7098941616508,1.6846858312966,1.4822151813414
0.97,4.28432470458524,2.56390969016882,1.72041501441642,1.67019986923012,1.49879081211123
0.98,4.30144739806922,2.57206610907661,1.72938128899261,1.61495325386054,1.51479370600831
0.99,4.31035993589788,2.57999106581934,1.73036887007854,1.43283902569972,1.53034247113755
1,4.30471247946191,2.58774254850886,1.71696993095306,1.19361359096333,1.54555088017438
1.01,4.29302257961254,2.59533177052593,1.6976908090866,0.99360564414394,1.56044093377188
1.02,4.28416352395769,2.60276661297779,1.6813969109799,0.882060035151013,1.57502809466242
1.03,4.27678697248929,2.61005076766161,1.66673620482768,0.810068471384231,1.58931960615208
1.04,4.27035742535079,2.61717990718858,1.65317751816221,0.760269038255128,1.60330697790399
1.05,4.26461834137188,2.62414780800572,1.64047053336616,0.72218755931534,1.61697799930723
1.06,4.25943642882442,2.63094805618677,1.62848837263765,0.69060221225149,1.63032008623845
1.07,4.2547358760312,2.63757475046389,1.61716112556731,0.662849010671526,1.64332166041015
1.08,4.25046890894183,2.64402277608209,1.60644613285974,0.637579781923654,1.65597268667306
1.09,4.24660195691966,2.65028786553188,1.59631409138778,0.614108559658353,1.66826479217355
1.1,4.24310894745765,2.65636661626078,1.58674233119688,0.592081805542487,1.68019130110365
1.11,4.23996799372303,2.66225645604796,1.57771153767507,0.571312105580006,1.69174716676609
1.12,4.23715972463918,2.66795559560122,1.56920412903796,0.551694606163039,1.7029288785696
1.13,4.2346664177215,2.67346297320204,1.56120344451947,0.533165137769092,1.7137343534224
1.14,4.23247152793684,2.67877819682506,1.55369333111178,0.515679290680995,1.72416282217077
1.15,4.23055941961496,2.68390149064805,1.5466579289669,0.499202005610066,1.73421472465148
1.16,4.22891525718833,2.68883363514935,1.54008162203898,0.483702411274161,1.74389159216303
1.17,4.22752475747685,2.69357594537191,1.53394881210495,0.469151251314915,1.75319600481968
1.18,4.2263743433319,2.69813017373725,1.52824416959465,0.455520194022338,1.76213140087249
1.19,4.22545086096618,2.70249849581745,1.52295236514873,0.442780312708964,1.77070204879384
1.2,4.22474169824158,2.70668347805081,1.51805822019077,0.430902824805505,1.77891298393569
1.21,4.22423467285417,2.71068802291708,1.51354664993709,0.419858750004247,1.78676990096331
1.22,4.22391805755414,2.71451531074073,1.50940274681341,0.409618698124852,1.79427903967331
1.23,4.2237805312583,2.71816879324285,1.50561173801545,0.40015336509019,1.80144717234247
1.24,4.22381116827776,2.7216521531069,1.50215901517086,0.391433361179558,1.80828152439574
1.25,4.22399942548635,2.7249692696239,1.49903015586245,0.383429307206265,1.81478970700209
1.26,4.22433514574289,2.72812417036086,1.49621097538203,0.376112048640962,1.820979622248
1.27,4.22480848027774,2.73112109839826,1.49368738187948,0.369452521627264,1.82685959505738
1.28,4.22541001996941,2.73396431801102,1.49144570195839,0.363421843255182,1.83243799193762
1.29,4.2261306436051,2.73665824847441,1.4894723951307,0.357991929617373,1.83772348350679
1.3,4.22696159012415,2.73920736769719,1.48775422242696,0.353134720484204,1.84272485542189
1.31,4.22789444632794,2.74161617259034,1.4862782737376,0.348823478010246,1.84745093062224
1.32,4.22892109917253,2.74388929053857,1.48503180863396,0.345029188731023,1.85191078803668
1.33,4.23003379809737,2.74603128195679,1.48400251614057,0.34172786559107,1.85611337519923
1.34,4.23122510041697,2.74804673458536,1.4831783658316,0.338892465048279,1.86006769325648
1.35,4.23248788456128,2.74994026105057,1.4825476235107,0.336497549721196,1.86378279218123
1.36,4.23381537791995,2.75171632914181,1.48209904877814,0.334519906918415,1.86726743777623
1.37,4.23520104015963,2.75337955472031,1.48182148543932,0.332934926128374,1.87053068636125
1.38,4.23663870525515,2.75493436322737,1.48170434202779,0.331719749693145,1.87358122065209
1.39,4.23812283429513,2.75638413252343,1.4817387017717,0.330855732897803,1.87642566801096
1.4,4.23964706956004,2.75773535154624,1.48191171801379,0.330313533657735,1.87907675973373
1.41,4.24120690428006,2.75898992917588,1.48221697510417,0.330081113723129,1.88153824104308
1.42,4.24279669697216,2.76015384611663,1.48264285085553,0.330131458346944,1.88382184608083
1.43,4.24441203720894,2.76123006064885,1.48318197656009,0.330449733546049,1.88593337899305
1.44,4.24604773865508,2.76222508808915,1.48382265056593,0.331008765260644,1.88788562283091
1.45,4.24770014644958,2.76314108331192,1.48455906313766,0.331797402499922,1.88968280545798
1.46,4.24936561473268,2.76398048317906,1.48538513155362,0.332802428103048,1.89132970799732
1.47,4.25103983297404,2.76474914219057,1.48629069078347,0.334000240017511,1.89283781697789
1.48,4.25271947050246,2.76545016920612,1.48726930129634,0.335377450485436,1.89421323198241
1.49,4.25440125710051,2.76608715924777,1.48831409785274,0.336918712193781,1.89546300644413
1.5,4.25608210425638,2.76666387756075,1.48941822669563,0.338608783446365,1.89659452777419
1.51,4.2577592894851,2.76718312202043,1.49057616746468,0.34043567581835,1.89761328540408
1.52,4.25943019290527,2.76764809350073,1.49178209940454,0.342386388585779,1.89852555944843
1.53,4.26109237266772,2.76806190733028,1.49303046533744,0.344448488298147,1.89933746218201
1.54,4.26274357403155,2.76842756889542,1.49431600513613,0.346610316618294,1.90005489017282
1.55,4.26438173141143,2.76874796324968,1.49563376816175,0.348860761063645,1.90068350389587
1.56,4.26600494550759,2.76902587827553,1.49697906723207,0.351189282478479,1.90122877317658
1.57,4.26761148381077,2.76926399005868,1.49834749375209,0.353585959681388,1.90169594849514
1.58,4.26919976887891,2.76946487081704,1.49973489806187,0.356041409105759,1.90209007654304
1.59,4.27076837252917,2.76963098728752,1.50113738524166,0.35854679913396,1.90241599705811
1.6,4.27231600760979,2.76976470342981,1.50255130417997,0.361093816856371,1.9026783481293
1.61,4.27384152098859,2.76986828170871,1.50397323927988,0.3636746559771,1.90288156871249
1.62,4.27534388657986,2.76994388478491,1.50540000179496,0.366281998535785,1.90302990194799
1.63,4.2768221981695,2.76999357783579,1.50682862033371,0.368908993651972,1.90312739971381
1.64,4.27827566290702,2.77001933040602,1.508256332501,0.371549242762131,1.9031779262566
1.65,4.27970359473824,2.77002301868692,1.50968057605132,0.374196780129021,1.90318516266374
1.66,4.28110540815224,2.77000642776588,1.51109898038637,0.376846056005761,1.90315261127666
1.67,4.28248061210146,2.76997125399506,1.5125093581064,0.379491919028049,1.9030836003383
1.68,4.2838288041526,2.76991910740689,1.51390969674571,0.382129599281772,1.90298128873233
1.69,4.28514966484784,2.7698515141857,1.51529815066214,0.384754691511848,1.90284867083234
1.7,4.28644295228445,2.7697699191763,1.51667303310815,0.387363138715358,1.90268858142391
1.71,4.28770849690856,2.76967568842214,1.51803280848641,0.389951216053203,1.90250370068425
1.72,4.28894619652269,2.76957011172194,1.51937608480075,0.392515515131946,1.90229655919845
1.73,4.29015601150397,2.76945440519652,1.52070160630744,0.395052928657006,1.90206954299558
1.74,4.29133796023037,2.76932971385731,1.52200824637306,0.397560635475657,1.90182489858804
1.75,4.29249211471126,2.76919711416899,1.52329500054226,0.400036086017591,1.90156473799956
1.76,4.29361859641832,2.76905761659943,1.52456097981889,0.402476988142859,1.90129104376808
1.77,4.29471757231255,2.76891216815044,1.52580540416211,0.404881293402749,1.90100567391116
1.78,4.29578925106284,2.76876165486372,1.52702759619912,0.40724718371962,1.90071036684262
1.79,4.29683387950091,2.76860690427841,1.5282269752225,0.409573058936193,1.90040674619425
1.8,4.29785173903305,2.76844868793937,1.52940305109368,0.411857522432657,1.90009632573705
1.81,4.29884314263694,2.76828772370767,1.53055541892927,0.41409937235708,1.89978051391444
1.82,4.29980843164136,2.76812467817867,1.5316837534627,0.416297586999021,1.89946061858655
1.83,4.30074797289242,2.76796016897324,1.53278780391918,0.418451315293899,1.8991378515255
1.84,4.30166215598544,2.7677947670103,1.53386738897514,0.420559865277129,1.89881333287421
1.85,4.30255139069279,2.76762899871647,1.53492239197631,0.422622694043198,1.89848809548172
1.86,4.30341610452291,2.76746334818623,1.53595275633668,0.424639397643915,1.89816308914139
1.87,4.30425674043178,2.76729825928499,1.53695848114679,0.426609701599466,1.89783918471715
1.88,4.30507375466892,2.76713413769555,1.53793961697337,0.428533451717416,1.89751717815867
1.89,4.30586761475877,2.76697135290611,1.53889626185267,0.430410605347363,1.89719779440178
1.9,4.3066387976091,2.76681024013895,1.53982855747015,0.432241223002597,1.89688169115262
1.91,4.30738748569145,2.76665117323408,1.54073631245737,0.43402469336537,1.89656960188527
1.92,4.30811451375397,2.76649436254768,1.54162015120628,0.435762099030193,1.89626193931856
1.93,4.30882034170062,2.76634005613537,1.54248028556525,0.437453663012984,1.8959591901376
1.94,4.30950548154093,2.76618846430385,1.54331701723708,0.439099836088424,1.89566176696415
1.95,4.31017042663813,2.76603977716895,1.54413064946918,0.440701066019606,1.89537004280548
1.96,4.31081567991055,2.76589415855352,1.54492152135704,0.442257892460892,1.895084339082
1.97,4.31144173910741,2.76575175137217,1.54568998773525,0.44377089351703,1.89480493619219
1.98,4.31204910224785,2.76561267704923,1.54643642519862,0.445240703321487,1.89453207237058
1.99,4.31263826348892,2.76547703795488,1.54716122553404,0.446667995252245,1.89426594846747
2,4.31320971388604,2.76534491814126,1.54786479574478,0.448053483015705,1.89400672939316
2.01,4.71969358873705,2.76523035432122,1.95446323441583,3.81246178043602,1.89378195517823
2.02,5.00576181023332,2.76641717077938,2.23934463945394,2.97786348036406,1.89611048906914
2.03,5.11731154848894,2.76943004785391,2.34788150063503,2.45438130364241,1.90202175388937
2.04,5.14549705451292,2.77323497172651,2.37226208278642,2.28484803410372,1.90948701452741
2.05,5.14109388056606,2.77727593457907,2.363817945987,2.21504109638016,1.91741538364413
2.06,5.12599881614375,2.78132850738523,2.34467030875852,2.22028260650951,1.92536653148981
2.07,5.11023671471848,2.78530373114663,2.32493298357185,2.23946660143276,1.9331659205097
2.08,5.09727952186828,2.78918496388181,2.30809455798647,2.26965135757351,1.94078089913611
2.09,5.08818870118592,2.7929807446873,2.29520795649862,2.29722111287545,1.94822822107648
2.1,5.08276030088703,2.79671135064725,2.28604895023978,2.32299500326709,1.95554766996991
2.11,5.08045921693504,2.80023902866877,2.28022018826627,2.34509683103689,1.96278162374688
2.12,5.08062068934373,2.8024376103926,2.27818307895113,2.36733827456111,1.96997098598381
2.13,5.0824292394462,2.8046347949657,2.27779444448049,2.38079049559963,1.97715577953786
2.14,5.08539423456906,2.80683959309427,2.27855464147479,2.39527433805876,1.98436546941825
2.15,5.08926493910064,2.80905836486751,2.28020657423313,2.40631635015994,1.99162085311676
2.16,5.09378281681339,2.81129670058557,2.28248611622782,2.41668017635478,1.99894021091481
2.17,5.09878948204973,2.81355869887435,2.28523078317538,2.42536196863494,2.00633694531913
2.18,5.10414920904657,2.81584756465259,2.28830164439398,2.43317059147963,2.01382153641398
2.19,5.10976671255755,2.81816552701149,2.29160118554606,2.43996886009916,2.02140127332756
2.2,5.1155753878573,2.8205140032353,2.295061384622,2.44599425220036,2.02908079057942
2.21,5.12152438214448,2.82289370238695,2.29863067975753,2.45127672203338,2.03686240680533
2.22,5.12757848883601,2.82530467761844,2.30227381121757,2.45590883136019,2.0447462958123
2.23,5.13370749118559,2.82774638965065,2.30596110153494,2.4599151492221,2.05273069415764
2.24,5.1398876239847,2.83021778316832,2.30966984081638,2.46335443173947,2.06081215096039
2.25,5.14613429306526,2.8327174477575,2.31341684530776,2.466310219356,2.06898605416701
2.26,5.15242376331864,2.83524344057144,2.3171803227472,2.46866349915256,2.07724605066863
2.27,5.15874068288167,2.83779345690259,2.32094722597908,2.47053109444792,2.08558460407146
2.28,5.165032287784,2.84036476904303,2.32466751874098,2.47183829107637,2.0939927947707
2.29,5.17135238304026,2.84295451036295,2.32839787267731,2.47284034359666,2.10246124888685
2.3,5.17774089476285,2.84555953279919,2.33218136196366,2.47330134075107,2.11097967225334
2.31,5.18408330521533,2.84817633247173,2.3359069727436,2.47312412225618,2.11953660718255
2.32,5.19054196463712,2.85080135299126,2.33974061164586,2.47282749435375,2.12812042428143
2.33,5.19702857470326,2.85343074217391,2.34359783252935,2.47162338227084,2.13671852690869
2.34,5.2034158245913,2.8560605121469,2.3473553124444,2.4700355844657,2.14531787472035
2.35,5.20986694739826,2.85868638336775,2.35118056403051,2.46822201825781,2.15390447361254
2.36,5.21617858626971,2.8613042157235,2.35487437054621,2.46552966297908,2.16246478541585
2.37,5.22252620735465,2.86390943383333,2.35861677352132,2.46292738826408,2.170983848635
2.38,5.22881279973388,2.86649768973994,2.36231510999394,2.45940530512459,2.1794474454496
2.39,5.23503764914542,2.86906450497335,2.36597314417207,2.45571354501475,2.18784093126286
2.4,5.24121226338041,2.87160526944653,2.36960699393388,2.45144503461672,2.19614923109015
2.41,5.24727383210097,2.87411556835473,2.37315826374624,2.44676478215891,2.20435790851995
2.42,5.25335344157056,2.87659044236875,2.37676299920181,2.44172801023615,2.2124507465458
2.43,5.25929957962735,2.87902577568828,2.38027380393906,2.43600437220942,2.22041428650069
2.44,5.26521566635941,2.8814166588956,2.38379900746381,2.42994096267906,2.22823247458862
2.45,5.27101388203544,2.88375890539832,2.38725497663712,2.42267998988522,2.23589162065252
2.46,5.27657586578603,2.88604872870231,2.39052713708372,2.41205063906796,2.24337934285654
2.47,5.28134611594298,2.8882851544533,2.39306096148967,2.38643708695202,2.2506924550623
2.48,5.28338170512029,2.89047604010162,2.39290566501867,2.31844905735243,2.2578566511323
2.49,5.27954735775598,2.89263646496115,2.38691089279484,2.20511886119867,2.26492124042296
2.5,5.26769918322088,2.89477473652088,2.3729244467,2.0613351535355,2.27191338842329
2.51,5.2467387022174,2.89689245541582,2.34984624680158,1.89010511288776,2.27883832920974
2.52,5.21607646926592,2.89898819070466,2.31708827856126,1.69388615534618,2.28569138360424
2.53,5.17538715548691,2.90105916627117,2.27432798921574,1.47392705331589,2.29246347370673
2.54,5.12451135176772,2.90310193956917,2.22140941219855,1.23143419681292,2.2991433423912
2.55,5.06341342840742,2.90511269509767,2.15830073330975,0.967633333221571,2.30571851296939
2.56,4.99217103566281,2.90708731889865,2.08508371676415,0.683981249386973,2.3121755327986
2.57,4.91098894609668,2.90902132000677,2.00196762608991,0.382460273681137,2.31849971642214
2.58,4.82025041140327,2.91090950662003,1.90934090478325,0.0661689223316628,2.32467408664748
2.59,4.72065545576671,2.91274511886757,1.80791033689914,-0.259088412869133,2.33067653869694
2.6,4.61365402558894,2.91451709822478,1.69913692736417,-0.578844522453124,2.33647091119502
2.61,4.5033593982271,2.91619803280758,1.58716136541953,-0.830818649670079,2.34196756728077
2.62,4.40194592622367,2.91771031775597,1.48423560846769,-0.807288821081362,2.34691273906203
2.63,4.3229233524899,2.9189710589581,1.4039522935318,-0.708862334298429,2.35103536279299
2.64,4.26442490826299,2.91999659613137,1.34442831213161,-0.654159322500661,2.35438886934959
2.65,4.22089471403726,2.92082492438695,1.30006978965031,-0.609753130758154,2.35709750274534
2.66,4.18862473146306,2.92148049859322,1.26714423286984,-0.584726721155804,2.35924123039982
2.67,4.16465187779703,2.92198169447746,1.24267018331957,-0.568187537544125,2.36088014094129
2.68,4.14672938303229,2.92234179852548,1.22438758450681,-0.561262679159152,2.36205768117831
2.69,4.13334858693721,2.92256836701487,1.21078021992234,-0.559545284733231,2.36279856013862
2.7,4.1232399888085,2.92266750513198,1.20057248367652,-0.563033064202682,2.36312274178156
2.71,4.11550862027407,2.92264266519146,1.19286595508261,-0.569630479108323,2.36304151517607
2.72,4.10950106882837,2.92249562661542,1.18700544221295,-0.579035927389151,2.36256069903243
2.73,4.10471400657003,2.92222728880237,1.18248671776766,-0.590341392131282,2.36168323438374
2.74,4.10077333066828,2.92183782977314,1.17893550089514,-0.603237976752867,2.36040970335818
2.75,4.09739362276196,2.92132699926282,1.17606662349914,-0.617281082830418,2.35873928758942
2.76,4.09436343551741,2.92069426913489,1.17366916638252,-0.632248883217971,2.3566702600711
2.77,4.09152250139083,2.91993898794332,1.17158351344751,-0.647908841244882,2.35420049057466
2.78,4.08875376737654,2.9190604563411,1.16969331103544,-0.664119226091038,2.35132769223539
2.79,4.0859632774911,2.91805802629035,1.16790525120076,-0.680795275053269,2.34804974596943
2.8,4.08308040446481,2.91693114347841,1.1661492609864,-0.697804014594215,2.3443648391744
2.81,4.08005197575963,2.91567937748756,1.16437259827206,-0.715114080894013,2.34027156438433
2.82,4.07683858689545,2.91430244666803,1.16253614022741,-0.732636592461745,2.33576900060447
2.83,4.07340998628774,2.91280024877798,1.16060973750976,-0.750353328657703,2.33085681350398
2.84,4.06974260614883,2.91117287401818,1.15856973213065,-0.768206961091734,2.32553529803945
2.85,4.0658181592781,2.90942061030577,1.15639754897233,-0.786192252290556,2.31980539569985
2.86,4.06162244776125,2.90754394744045,1.1540785003208,-0.804266477225157,2.31366870813027
2.87,4.05714503266348,2.90554357495579,1.15160145770769,-0.822408533210953,2.30712749010543
2.88,4.0523775811958,2.90342038837911,1.1489571928167,-0.840607414968265,2.30018466999968
2.89,4.04731538755589,2.90117551922339,1.1461398683325,-0.858812096881827,2.29284394786048
2.9,4.04195461016984,2.89881028400518,1.14314432616466,-0.877044850360921,2.28510962869695
2.91,4.0362936230458,2.89632599414469,1.13996762890111,-0.895316541660873,2.27698600085313
2.92,4.03033105134718,2.89372444184596,1.13660660950123,-0.913513906607601,2.26847892483628
2.93,4.02406782016626,2.89100748886431,1.13306033130195,-0.931707289416213,2.25959448858628
2.94,4.01750405214533,2.88817719106689,1.12932686107844,-0.949837054307263,2.25033941478874
2.95,4.01064162770836,2.88523577650427,1.12540585120409,-0.967910187912232,2.24072098916896
2.96,4.0034827403649,2.88218564915535,1.12129709120955,-0.985899902419185,2.230747072738
2.97,3.99603052438769,2.87902937936953,1.11700114501815,-1.00379671398697,2.22042607053838
2.98,3.98828957126171,2.87576969708738,1.11251987417433,-1.02158631376636,2.20976690947575
2.99,3.98026528641371,2.87240948826555,1.10785579814817,-1.03923951715164,2.19877902662834
3,3.97196133314174,2.86895180200287,1.10300953113887,-1.05676909781287,2.1874723925494
3.01,3.96338003058409,2.86539995795463,1.09798007262946,-1.07409659508505,2.17585786251164
3.02,3.95453177209893,2.86175703407575,1.09277473802318,-1.09133941580696,2.16394550142771
3.03,3.9454198190977,2.85802662689143,1.08739319220628,-1.10832429820572,2.15174706993497
3.04,3.93605232113639,2.85421232101535,1.08184000012104,-1.12513978169015,2.1392742897202
3.05,3.92643609097732,2.8503178374935,1.07611825348382,-1.14171970640934,2.12653932860375
3.06,3.91657944039373,2.84634700828355,1.07023243211018,-1.15807445485271,2.11355471708721
3.07,3.90649060396697,2.84230378066201,1.06418682330495,-1.17417541518105,2.10033336276479
3.08,3.89617849580988,2.83819220625753,1.05798628955236,-1.19001400185228,2.08688851446211
3.09,3.8856522689299,2.83401643782783,1.05163583110207,-1.2055714556505,2.073233751697
3.1,3.87492149313381,2.82978072200625,1.04514077112757,-1.22083416093592,2.05938296096043
3.11,3.86399601087117,2.82548939408581,1.03850661678536,-1.23578567819937,2.04535031866058
3.12,3.85288585940123,2.82114687235286,1.03173898704837,-1.25041304411869,2.03115027259384
3.13,3.84160104958906,2.81675765329963,1.02484339628943,-1.2647025113991,2.01679752628978
3.14,3.83015344824275,2.81232629064336,1.01782715759939,-1.27862858624894,2.0023069704038
3.15,3.8185511591399,2.80785743414283,1.01069372499707,-1.29219151873124,1.98769380964706
3.16,3.80681007132651,2.80335574138682,1.00345432993969,-1.30535805231186,1.97297327433489
3.17,3.79494203145618,2.79804324585769,0.996898785598488,-1.3157290427788,1.95816084837278
3.18,3.78281404879433,2.79045629553601,0.992357753258318,-1.32240882755189,1.94327525184165
3.19,3.76997720432843,2.78284501056422,0.987132193764212,-1.33696355718844,1.92834191072699
3.2,3.75643954266502,2.775217310823,0.981222231842021,-1.34569684869427,1.91337636383472
3.21,3.74245356602043,2.76757865672585,0.974874909294582,-1.35585239433874,1.89838932449611
3.22,3.72806891061554,2.75993664983797,0.96813226077757,-1.36399021143177,1.88339570698209
3.23,3.71341193265742,2.75229837653307,0.961113556124354,-1.37192488795966,1.86840941475788
3.24,3.69853809479931,2.74467151131147,0.953866583487841,-1.3788982491924,1.8534455051931
3.25,3.68351111658041,2.73706384694347,0.946447269636946,-1.38534003079996,1.83851926770308
3.26,3.66840422975749,2.72948320859097,0.938921021166529,-1.39104033569278,1.82364605525547
3.27,3.65320008344606,2.7219378000665,0.931262283379557,-1.39633336635896,1.80884196373048
3.28,3.63795989240458,2.7144355643405,0.923524328064076,-1.40084346593295,1.79412257723606
3.29,3.62271646134725,2.70698451910068,0.915731942246572,-1.40487188270532,1.77950362647553
3.3,3.60750423293309,2.69959261328127,0.907911619651828,-1.40824877903873,1.76500070725784
3.31,3.59236660015428,2.6922677082078,0.900098891946483,-1.41108249496403,1.7506292435037
3.32,3.57726946254583,2.68501815570847,0.892251306837355,-1.41343073790114,1.73640562150002
3.33,3.56225749997488,2.6778516475976,0.884405852377286,-1.41507984301859,1.72234493258649
3.34,3.54742220578394,2.67077530287282,0.876646902911113,-1.41616066696013,1.70846114423648
3.35,3.53270650342644,2.66379747059493,0.868909032831517,-1.41682807966697,1.69477063730725
3.36,3.51802476495213,2.65692676170953,0.861098003242602,-1.41691366085145,1.68129030647409
3.37,3.50348166631206,2.65016986822567,0.85331179808639,-1.41619031364049,1.66803328145877
3.38,3.48926477379231,2.64353229194029,0.845732481852016,-1.4148111103805,1.65501035678685
3.39,3.47524879282001,2.63702269357093,0.838226099249074,-1.41322292745788,1.64223852478617
3.4,3.46146293432951,2.63064795902008,0.830814975309426,-1.41085518346524,1.6297312955974
3.41,3.44794202694626,2.62441469324111,0.823527333705146,-1.40801813953378,1.61750162813907
3.42,3.43459217345388,2.61833098833385,0.816261185120032,-1.4046400612197,1.60556539911102
3.43,3.42151925275539,2.61240231404408,0.809116938711316,-1.40045376257549,1.59393334015448
3.44,3.40880467973022,2.60663413295082,0.802170546779398,-1.39554157304819,1.58261616884951
3.45,3.39640008785663,2.60103359431377,0.795366493542866,-1.38882868388494,1.57162791204361
3.46,3.38462715198537,2.59560317165992,0.789023980325446,-1.37462481863345,1.56097342279677
3.47,3.37455753561939,2.59033721993349,0.784220315685897,-1.33344161489144,1.55064162550952
3.48,3.36888086115527,2.58521262538504,0.78366823577023,-1.24396409401873,1.54058717100545
3.49,3.37033178944527,2.58020646191929,0.79012532752598,-1.11900684561122,1.53076507828565
3.5,3.38043278463202,2.5753094081468,0.80512337648522,-0.965410832981362,1.52115705878402
3.51,3.39998842726614,2.57051976801086,0.829468659255279,-0.786105292269773,1.51175978483731
3.52,3.42944674858909,2.56583921799456,0.863607530594539,-0.582577727656934,1.50257654570532
3.53,3.46905191267418,2.56127100724667,0.907780905427515,-0.356035840396935,1.49361371621796
3.54,3.51890977386384,2.55681918551309,0.962090588350747,-0.107619912072318,1.48487924197668
3.55,3.57901281597192,2.55248830921956,1.02652450675236,0.161413609667008,1.47638206268878
3.56,3.64924063375566,2.54828343317262,1.10095720058304,0.44947776815463,1.46813209588468
3.57,3.72933405354982,2.54421038958019,1.18512366396963,0.754296963589854,1.46014078435633
3.58,3.81882156696134,2.54027659662093,1.27854497034041,1.07208618418512,1.45242268257026
3.59,3.91681597969734,2.5364932697148,1.38032270998254,1.39511144730642,1.44499979518045
3.6,4.02131007931763,2.5328830513374,1.48842702798023,1.70080319162818,1.43791654672398
3.61,4.12588368821092,2.52951588803905,1.59636780017187,1.87377610543342,1.43131017233262
3.62,4.21616517425971,2.52654606180868,1.68961911245103,1.77647034288807,1.42548337326863
3.63,4.28324282241676,2.52406215190345,1.75918067051331,1.70529909143916,1.42060994203457
3.64,4.33254381757352,2.52199554853571,1.81054826903781,1.65061715060704,1.41655526622706
3.65,4.36861332055027,2.52029088576642,1.84832243478385,1.61734236791698,1.41321071787373
3.66,4.39500281341783,2.51890660572804,1.87609620768979,1.59543502734031,1.41049476043842
3.67,4.41423151752881,2.51781461263441,1.8964169048944,1.58425045894375,1.40835226998871
3.68,4.42832790481078,2.51699294646842,1.91133495834236,1.58023431893801,1.40674016097104
3.69,4.43877284184261,2.51642630517251,1.9223465366701,1.58177217792628,1.40562841074847
3.7,4.44656247332695,2.51610601516588,1.93045645816106,1.58727181441535,1.40500000175546
3.71,4.45247480537048,2.51602576565802,1.93644903971246,1.59598855577767,1.40484255222103
3.72,4.45709670781513,2.51618138692302,1.94091532089211,1.60700167699932,1.40514788114296
3.73,4.46086618918092,2.51657024963711,1.94429593954381,1.61987167251592,1.40591082978802
3.74,4.46411627716526,2.51719071881981,1.94692555834545,1.6341012186181,1.40712819032447
3.75,4.46708908821913,2.51804183646827,1.94904725175087,1.64937363815425,1.40879808315074
3.76,4.46996665432378,2.51912302384539,1.95084363047838,1.66546372057587,1.41091937278466
3.77,4.47288926359864,2.52043387257166,1.95245539102698,1.68219136709574,1.41349125798559
3.78,4.47595860956568,2.52197402090956,1.95398458865612,1.69939846896392,1.41651302902456
3.79,4.47925608788843,2.52374285686121,1.95551323102723,1.71697047731206,1.41998348516168
3.8,4.48282680847831,2.52574009124446,1.95708671723385,1.73487767294621,1.42390205902163
3.81,4.4867285888128,2.5279644357209,1.9587641530919,1.75294202204297,1.42826622288441
3.82,4.49097338446289,2.53041532561267,1.96055805885023,1.77126487851146,1.43307486885205
3.83,4.49559588260823,2.53309106906711,1.96250481354112,1.78964663665515,1.43832467750967
3.84,4.50061096392186,2.53598998238866,1.9646209815332,1.80814500449083,1.44401234544655
3.85,4.50603049630216,2.53911004705618,1.96692044924598,1.8266764499741,1.45013391232422
3.86,4.51186146384704,2.54244893829813,1.96941252554892,1.84523733117383,1.45668481694092
3.87,4.51810830895221,2.54600400850173,1.97210430045049,1.86378700483495,1.46365986468039
3.88,4.52477260287685,2.54977230048205,1.9750003023948,1.88229986367203,1.47105325354578
3.89,4.53185418398548,2.55375054449573,1.97810363948975,1.90075988564508,1.47885856830061
3.9,4.53934933185472,2.55793519084874,1.98141414100597,1.91913719477349,1.48706884444523
3.91,4.54725549704541,2.56232235766419,1.98493313938122,1.93741410813549,1.49567646573714
3.92,4.55556976496494,2.56690788266861,1.98866188229633,1.95557244854868,1.50467326579582
3.93,4.56428281260902,2.57168736782103,1.99259544478798,1.97357554289799,1.51405061566487
3.94,4.57338767233426,2.57665612145277,1.99673155088149,1.99142268141993,1.52379931029033
3.95,4.5828768730875,2.58180919259247,2.00106768049503,2.00908380583822,1.53390963586642
3.96,4.5927419292921,2.58714138753673,2.00560054175537,2.02654432525981,1.54437140234706
3.97,4.60297372994948,2.59264727698291,2.01032645296657,2.04378235645908,1.55517395744048
3.98,4.61356244780024,2.59832120840482,2.01524123939542,2.06078025789772,1.56630621089026
3.99,4.62449748385979,2.60415731751977,2.02034016634001,2.07751855397684,1.57775665697379
4,4.63576555901249,2.6101495542135,2.02561600479899,2.09397801292889,1.58951342536688
4.01,4.64735700589995,2.61629164200167,2.03106536389828,2.11014792680417,1.60156420160727
4.02,4.65926046191215,2.62257701017699,2.03668345173516,2.12597949508151,1.61389609396725
4.03,4.67146538014665,2.6289992846111,2.04246609553555,2.14154341548039,1.62649659640698
4.04,4.68395782465113,2.63555158486727,2.04840623978386,2.15670098370484,1.63935220950958
4.05,4.6967241313927,2.64222700172473,2.05449712966798,2.1715265957474,1.65244937738391
4.06,4.70974967424572,2.6490184978002,2.06073117644553,2.18595675056594,1.66577429268399
4.07,4.72302307665359,2.65591886476559,2.067104211888,2.20000328229086,1.67931281267008
4.08,4.73652574150274,2.66292063186696,2.07360510963578,2.21358509105734,1.69305027972298
4.09,4.75024426634317,2.67001662012422,2.08022764621895,2.22682886876223,1.70697260868372
4.1,4.76417707732151,2.67719940891663,2.08697766840487,2.23963490761007,1.72106524029444
4.11,4.77829778592197,2.68446131384765,2.09383647207432,2.2519291890499,1.7353130977691
4.12,4.79259051148834,2.69179468694216,2.10079582454618,2.26379412427789,1.74970117578052
4.13,4.8070368954602,2.69919183143737,2.10784506402283,2.27516532954084,1.76421437328012
4.14,4.82161775623085,2.70664482844282,2.11497292778804,2.2860283179964,1.77883715340481
4.15,4.83633607589261,2.71414603853068,2.12219003736193,2.29650028479867,1.79355452759719
4.16,4.85116836706856,2.72168750314721,2.12948086392135,2.30635029868424,1.80835088117483
4.17,4.8660963851066,2.72926137304256,2.13683501206404,2.31574627266492,1.8232108139095
4.18,4.88109892346363,2.73685970846303,2.14423921500061,2.32455729597673,1.83811874800446
4.19,4.89617527861315,2.74447461643051,2.15170066218264,2.33291485307002,1.85305919743666
4.2,4.91130296194574,2.7520982495747,2.15920471237104,2.34067123253065,1.86801676566556
4.21,4.92645218980909,2.7597227108256,2.16672947898349,2.34786720349005,1.88297595863983
4.22,4.94163618982639,2.76734005375321,2.17429613607318,2.35459611921445,1.8979211854638
4.23,4.95682513902999,2.77494247345661,2.18188266557338,2.36066341292756,1.91283713292186
4.24,4.9719994803799,2.78252216657256,2.18947731380734,2.36620598017466,1.92770849081536
4.25,4.98715341920417,2.79007134588395,2.19708207332022,2.37118168072745,1.9425199806243
4.26,5.0022687453585,2.79758229179173,2.20468645356678,2.37556526616685,1.95725645649537
4.27,5.01732831635519,2.80302841569295,2.21429990066224,2.38557181919528,1.97190291931595
4.28,5.031897825029,2.80747797672817,2.22441984830083,2.38844056874019,1.98645298390112
4.29,5.04577561883333,2.81189483617223,2.2338807826611,2.39204173410345,2.0008961142832
4.3,5.05908487959235,2.81627345233859,2.24281142725375,2.39527783515511,2.01521418914721
4.31,5.07193262906727,2.82060859458401,2.25132403448326,2.39855300541855,2.02939010428971
4.32,5.08440558067101,2.82489526853466,2.25951031213634,2.40145497239128,2.04340752810835
4.33,5.0965537179554,2.82912878994349,2.2674249280119,2.40403661352316,2.05725114311523
4.34,5.10837463897224,2.83330487413013,2.27506976484211,2.40612020647997,2.07090693840552
4.35,5.11995859668578,2.83741884355,2.28253975313578,2.407905572148,2.08435961840851
4.36,5.13137428277417,2.84146616986973,2.28990811290444,2.40911824660905,2.09759437547401
4.37,5.1425670660802,2.84544313514777,2.29712393093243,2.40966633590281,2.11059905193321
4.38,5.15355193819419,2.8493456951641,2.30420624303009,2.4097226346019,2.12336042318661
4.39,5.16435454074531,2.85316980281639,2.31118473792893,2.40918446393197,2.13586525520958
4.4,5.17480908481228,2.85691281201115,2.31789627280113,2.40786316678239,2.14810489527645
4.41,5.18521073100524,2.86056899606136,2.32464173494387,2.40655522782296,2.16006061712066
4.42,5.19520630342714,2.86413725687378,2.33106904655336,2.40374192888961,2.17172882997727
4.43,5.20489273411637,2.86761348959755,2.33727924451882,2.40120102936645,2.18309611098399
4.44,5.21442189797009,2.87099317327186,2.34342872469823,2.39765241863914,2.19414767659898
4.45,5.22365967631841,2.87427395888526,2.34938571743315,2.39263034460482,2.2048758455548
4.46,5.23242727786869,2.87745382610321,2.35497345176548,2.38247678113663,2.2152740113575
4.47,5.23995706206857,2.88053455444829,2.35942250762028,2.35176581609264,2.22534799304591
4.48,5.24391690393038,2.88352778082198,2.36038912310839,2.274348125218,2.23513584328789
4.49,5.24131263852772,2.88644898996941,2.35486364855831,2.15687603177367,2.24468819719997
4.5,5.23034797130517,2.88930569371987,2.34104227758529,2.00997564765101,2.25402961846399
4.51,5.21008578285323,2.89209996998953,2.31798581286371,1.83659524687393,2.26316690186575
4.52,5.18001255043842,2.89483145054023,2.28518109989819,1.63860760533385,2.27209884326656
4.53,5.13984602094911,2.89749864367786,2.24234737727125,1.4172415919638,2.28082056482661
4.54,5.0894543840983,2.90009948635409,2.18935489774421,1.17364766927146,2.28932532037788
4.55,5.02882304468969,2.902631588943,2.12619145574669,0.909050321857447,2.2976052958436
4.56,4.95804971687075,2.90509224354474,2.05295747332601,0.624954600897995,2.3056516363913
4.57,4.87736326027378,2.90747832278112,1.96988493749266,0.323445267023984,2.31345411549425
4.58,4.7871843145569,2.90978589104409,1.8773984235128,0.00789652031380772,2.32099986371419
4.59,4.68828891252364,2.91200917323636,1.77627973928728,-0.315142759438134,2.3282699964829
4.6,4.58234180616713,2.91413720609425,1.66820460007288,-0.628235899753579,2.33522866392821
4.61,4.47435240081192,2.91613832777802,1.55821407303389,-0.848959953927864,2.34177233183414
4.62,4.37762996712742,2.91792935940267,1.45970060772475,-0.784974838450134,2.34762900524674
4.63,4.30398980602129,2.9194399540753,1.38454985194599,-0.698295510807252,2.35256864982623
4.64,4.24963948457341,2.92069979305205,1.32893969152137,-0.642510932716809,2.35668832328019
4.65,4.20949832976394,2.92174474052128,1.28775358924266,-0.602273731246945,2.36010530150459
4.66,4.17993479601026,2.92259969581351,1.25733510019675,-0.577620907890217,2.36290100531018
4.67,4.15816324381229,2.92328293800571,1.23488030580659,-0.562591519801952,2.36513520727867
4.68,4.14222689372444,2.92380635206474,1.2184205416597,-0.555797970962414,2.36684677125171
4.69,4.13030133087324,2.92418172834652,1.20611960252672,-0.555016263022182,2.36807425169313
4.7,4.12145337951959,2.92441328131862,1.19704009820098,-0.558231605815475,2.36883142991188
4.71,4.11481567291106,2.92450527963617,1.19031039327489,-0.565093347865592,2.36913226441026
4.72,4.10974081981541,2.92446052408811,1.1852802957273,-0.574348821968596,2.36898591376813
4.73,4.10576087310817,2.9242806301146,1.18148024299356,-0.585622700967721,2.36839766047476
4.74,4.1025329544162,2.92396639551861,1.17856655889759,-0.598396500485179,2.36737011334584
4.75,4.09977506132326,2.92351850034688,1.17625656097638,-0.612339420709299,2.36590549613428
4.76,4.0972789680982,2.92293735259829,1.17434161549992,-0.627153456573062,2.3640051429964
4.77,4.0949156968573,2.92222271569053,1.17269298116677,-0.642736609089585,2.36166828030804
4.78,4.09256190898478,2.92137481435534,1.17118709462943,-0.658837770363977,2.35889564294197
4.79,4.09013212551309,2.92039370057312,1.16973842493996,-0.675422619357305,2.35568740087411
4.8,4.08756120897376,2.91927950471768,1.16828170425608,-0.69235959673197,2.35204398042681
4.81,4.0848015926863,2.9180324488497,1.1667691438366,-0.709600071333214,2.34796610773851
4.82,4.08181787472313,2.91665288249513,1.165164992228,-0.727078057426329,2.34345492575909
4.83,4.07858321108913,2.91514130635068,1.16344190473845,-0.744758717729949,2.33851207176672
4.84,4.07507691170647,2.91349838607404,1.16157852563243,-0.762603565153907,2.3331397224621
4.85,4.07128362058684,2.91172495483021,1.15955866575663,-0.78058188456076,2.32734060229479
4.86,4.06719193667543,2.90982201934688,1.15736991732855,-0.798669106555683,2.32111800326428
4.87,4.0627935386031,2.90779076221907,1.15500277638403,-0.816841215010874,2.31447579245636
4.88,4.0580826352455,2.90563254178692,1.15245009345858,-0.835073348277619,2.30741841164322
4.89,4.05305531115619,2.90334889262574,1.14970641853045,-0.853349939134132,2.29995087888617
4.9,4.04771111729602,2.90094151113885,1.14676960615716,-0.871652439815867,2.29207874142405
4.91,4.04204397308225,2.89841243836006,1.14363153472219,-0.889923070885725,2.2838086734374
4.92,4.03606132200009,2.89576342126811,1.14029790073198,-0.908280175086114,2.27514638754672
4.93,4.02976088475828,2.89299682608647,1.1367640586718,-0.926523493571069,2.26609962130276
4.94,4.02314722748382,2.89011501300071,1.13303221448312,-0.944768304043295,2.25667609251231
4.95,4.01622226039966,2.88712052032033,1.12910174007933,-0.962934075978146,2.24688410144747
4.96,4.0089899248806,2.88401603078086,1.12497389409975,-0.981037298755432,2.2367324206534
4.97,4.00145413981941,2.88080438004301,1.1206497597764,-0.999045289185666,2.22623032274065
4.98,3.99361976205697,2.877488545805,1.11613121625197,-1.0169504639417,2.21538754478234
4.99,3.98549203216861,2.87407164655303,1.11142038561559,-1.03473253218761,2.2042142842284
5,3.97707950994628,2.8705569224738,1.10652258747248,-1.05237525197231,2.19272113648932
5.01,3.96838681189083,2.86694776675496,1.10143904513587,-1.06987054529446,2.18091919728872
5.02,3.95941887657141,2.86324782313489,1.09617105343652,-1.08715320952893,2.16882038165109
5.03,3.95018414821835,2.85946046446008,1.09072368375827,-1.10435534351595,2.15643571878447
5.04,3.94068872139635,2.85558956947453,1.08509915192182,-1.12125897095125,2.1437778921817
5.05,3.93094222144826,2.8516389830525,1.07930323839575,-1.13799578264039,2.13085947458169
5.06,3.92095211931577,2.84761267179924,1.07333944751653,-1.15447275458533,2.11769343678352
5.07,3.91072794627623,2.84351469192451,1.06721325435172,-1.17071335171345,2.10429304259315
5.08,3.90027881491199,2.8393491997401,1.06092961517188,-1.18668195906103,2.09067188315013
5.09,3.88961458793843,2.83512043860036,1.05449414933807,-1.20237308770838,2.07684383422316
5.1,3.8787452282023,2.83083273756561,1.04791249063669,-1.21776583026162,2.06282305183956
5.11,3.86768107534418,2.82649050405289,1.04119057129129,-1.23284677865971,2.04862394825295
5.12,3.85643250124909,2.82209822045276,1.03433428079633,-1.24760245062969,2.03426118088052
5.13,3.84501172496115,2.81766042450866,1.02735130045249,-1.26201426495634,2.01974958814331
5.14,3.83342637946234,2.81318175129706,1.02024462816528,-1.27607066988588,2.00510432674138
5.15,3.8216888405822,2.80866686343783,1.01302197714437,-1.28974529986981,1.99034064344171
5.16,3.80981431725129,2.80412045740649,1.0056938598448,-1.30303581554105,1.97547389571921
5.17,3.79781459164108,2.79924549477117,0.998569096869914,-1.31499803757781,1.96051966074103
5.18,3.78564821106387,2.79158755632351,0.994060654740362,-1.31946751489527,1.94549478550673
5.19,3.77278180970093,2.7839075328064,0.988874276894532,-1.33551534199259,1.93042657936615
5.2,3.75916940408998,2.77621397195374,0.982955432136247,-1.34378987794503,1.91533181297323
5.21,3.74508987135383,2.76851194143151,0.976577929922328,-1.35444435257847,1.90022042908862
5.22,3.73060834458357,2.76080903409304,0.96979931049053,-1.36251027245593,1.88510732489054
5.23,3.71584676218237,2.75311223358895,0.962734528593427,-1.37067665716647,1.87000620230152
5.24,3.70088213100165,2.74542925605096,0.955452874950694,-1.37764341465522,1.85493220037198
5.25,3.6857417680657,2.73776783942689,0.947973928638815,-1.38431496616241,1.83990050095556
5.26,3.67048604091888,2.73013592975281,0.940350111166062,-1.39008561421925,1.82492669417502
5.27,3.6551776962479,2.72254128081305,0.932636415434855,-1.39534162958481,1.8100259929552
5.28,3.63982728656368,2.71499204520705,0.924835241356627,-1.40001727874672,1.79521439269624
5.29,3.6244736084423,2.70749619407713,0.916977414365175,-1.40405806587615,1.78050753277933
5.3,3.60915419091393,2.7000616001699,0.909092590744023,-1.40753660364492,1.76592085953335
5.31,3.59388160964279,2.69269631265236,0.901185296990428,-1.41044833889941,1.75147016542394
5.32,3.57868547641527,2.68540817750098,0.893277298914289,-1.41276274683386,1.73717084425692
5.33,3.563639952769,2.67820451548916,0.885435437279835,-1.41445082783164,1.72303725938973
5.34,3.54864538717028,2.67109410222057,0.87755128494971,-1.41581537812809,1.70908662855677
5.35,3.53376189021609,2.66408424359606,0.869677646620036,-1.41633128663219,1.69533328593547
5.36,3.51902143244956,2.65718234300934,0.861839089440215,-1.41636138198691,1.68179175698433
5.37,3.50441674935389,2.65039610947101,0.854020639882884,-1.4157767458703,1.66847716678212
5.38,3.49012412378501,2.64373108457687,0.846393039208145,-1.41441538783445,1.65540038793982
5.39,3.47586719592023,2.63719770463844,0.838669491281795,-1.41306077469522,1.64258189650061
5.4,3.46202854145015,2.63079872888543,0.831229812564719,-1.41018889353073,1.63002710607321
5.41,3.44839471303242,2.62454363847916,0.823851074553263,-1.40774878078196,1.61775461869611
5.42,3.4350337574749,2.6184384110257,0.816595346449204,-1.40407498136419,1.60577616243242
5.43,3.42195666223629,2.61248958504024,0.809467077196047,-1.40017088366579,1.59410456584896
5.44,3.40921481054053,2.60670292874234,0.802511881798188,-1.39525779815525,1.58275114619248
5.45,3.39678254919575,2.60108526753107,0.795697281664685,-1.38861474753322,1.57172929489595
5.46,3.38497551374092,2.59563908387852,0.789336429862395,-1.37440030445251,1.56104388256966
5.47,3.37487556655833,2.59035856118623,0.784517005372103,-1.33314826885974,1.55068349704738
5.48,3.36917823138557,2.58522046628746,0.783957765098111,-1.24355962256393,1.54060255485599
5.49,3.37061528668892,2.58020185241908,0.790413434269847,-1.11855087129754,1.53075603444623
5.5,3.3807055092345,2.57529338271047,0.805412126524026,-0.964911741839413,1.52112561687795
5.51,3.40025250024721,2.57049331897202,0.829759181275185,-0.785574246474587,1.51170789182311
5.52,3.42970328363939,2.56580329656658,0.863899987072804,-0.582020672926047,1.50250606786364
5.53,3.46930173541856,2.5612265169277,0.90807521849086,-0.35545947115113,1.49352642621214
5.54,3.51915330397971,2.55676698337961,0.962386320600095,-0.107027598842142,1.4847768213908
5.55,3.57925030738817,2.55242920453712,1.02682110285105,0.162015847147983,1.47626609930182
5.56,3.64947191434639,2.54821819531922,1.10125371902717,0.450084876013679,1.46800409921631
5.57,3.72955875259549,2.54413973992919,1.18541901266629,0.754901065284611,1.46000216974108
5.58,3.81903871876438,2.54020122099221,1.27883749777217,1.07267595598977,1.45227479558672
5.59,3.91702340128767,2.53641382440552,1.38060957688215,1.39566232429266,1.44484392348363
5.6,4.02150172208008,2.53280019355141,1.48870152852867,1.70123033948047,1.43775397974787
5.61,4.12603841725665,2.52943039961653,1.59660801764012,1.87364359031253,1.43114244404764
5.62,4.21625500364399,2.5264587535804,1.68979625006359,1.7761062385934,1.42531207452475
5.63,4.2832722926453,2.52397343566736,1.75929885697794,1.70505732961947,1.42043588077935
5.64,4.33252757425858,2.52190569902492,1.81062187523366,1.65038092284638,1.4163789814869
5.65,4.36856080724389,2.5202002095214,1.84836059772248,1.61715349637881,1.41303281108099
5.66,4.39492226475717,2.51881539662525,1.87610686813192,1.59525904844111,1.41031580817874
5.67,4.41412841217496,2.51772317198242,1.89640524019254,1.58409475205522,1.4081728634295
5.68,4.42820780023694,2.5169015408691,1.91130625936783,1.58008939763503,1.40656082318518
5.69,4.43863909993685,2.51633520402301,1.92230389591384,1.58163592172256,1.40544967029314
5.7,4.44641806743353,2.5160154665741,1.93040260085943,1.5871427218101,1.40482234541839
5.71,4.45232213234901,2.5159360004748,1.9363861318742,1.59586471285069,1.40466643293157
5.72,4.45693772366826,2.51609261771635,1.94084510595191,1.60688224960319,1.40497371595948
5.73,4.46070251230521,2.51648267060138,1.94421984170383,1.61975590441286,1.4057389997199
5.74,4.46394926319321,2.51710450587511,1.9468447573181,1.6339886358395,1.40695904052697
5.75,4.46691986160632,2.51795714790263,1.94896271370368,1.64926377978355,1.40863192418497
5.76,4.46979619940711,2.51904000071167,1.95075619869544,1.66535681227797,1.4107564813963
5.77,4.47271842482485,2.52035263946328,1.95236578536156,1.68208705455261,1.41333187862696
5.78,4.475788091882,2.52189468700431,1.95389340487769,1.69929669933826,1.41635737590246
5.79,4.47908647293246,2.52366551787492,1.95542095505753,1.71687153871966,1.4198317460706
5.8,4.48265870106785,2.52566482560677,1.95699387546108,1.73478113302173,1.42375438784048
5.81,4.48656247141103,2.52789131006384,1.95867116134719,1.75284820004914,1.42812275034525
5.82,4.49080965270443,2.53034439485605,1.96046525784838,1.77117369396618,1.43293570270756
5.83,4.49543489632231,2.53302237618876,1.96241252013355,1.78955820992716,1.43818990208235
5.84,4.50045303826838,2.53592355957149,1.96452947869688,1.8080593352836,1.44388202387927
5.85,4.50587590361922,2.53904591649899,1.96682998712024,1.82659359034858,1.45000808817101
5.86,4.51171043888701,2.54238711295309,1.96932332593392,1.84515729605674,1.45656351561396
5.87,4.5179610517768,2.54594449280316,1.97201655897365,1.86370981632536,1.46354309487979
5.88,4.52462928215868,2.5497150910367,1.97491419112198,1.88222552241539,1.470941008614
5.89,4.53171493969737,2.55369563074539,1.97801930895198,1.90068840025208,1.47875082752246
5.9,4.53921427777767,2.55788255571049,1.98133172206718,1.91906854480244,1.48696557430399
5.91,4.54712472115699,2.56227197813603,1.98485274302096,1.93734828608128,1.4955776211029
5.92,4.55544333155341,2.56685973039706,1.98858360115635,1.95550942174578,1.50457879103904
5.93,4.56416076752586,2.57164140963551,1.99251935789035,1.97351528953105,1.51396044570487
5.94,4.57327004280379,2.57661231988349,1.9966577229203,1.99136515814479,1.5237133716114
5.95,4.58276366900819,2.58176750635758,2.0009961626506,2.00902897102137,1.53382784747358
5.96,4.59263314489526,2.58710177199684,2.00553137289841,2.02649212809087,1.54429367665781
5.97,4.60286934512928,2.59260968457089,2.01025966055839,2.04373274334259,1.55510020112808
5.98,4.61346242947831,2.59828558902792,2.01517684045039,2.06073317005517,1.56623632567277
5.99,4.62440178428292,2.60412361896109,2.02027816532183,2.07747392644919,1.57769054040166
6,4.63567412624435,2.61011772241147,2.02555640383288,2.09393579294055,1.5894509713713
6.01,4.64726977307933,2.61626162147118,2.03100815160815,2.11010803011209,1.60150530132646
6.02,4.65917724649156,2.62254874986067,2.03662849663089,2.11010803011209,1.61384064722663
6.03,4.67138624421753,2.62897272088323,2.04241352333431,2.14150768116695,1.62644447837289
6.04,4.68388266372722,2.63552665977016,2.04835600395706,2.15666795417072,1.63930330646906
6.05,4.69665285662386,2.64220365668067,2.05444919994319,2.17149527009555,1.65240357440747
6.06,4.7096821759334,2.6489966742501,2.0606855016833,2.17149527009555,1.66573147487869
6.07,4.7229592515861,2.65589850408541,2.06706074750069,2.1999758774644,1.67927286501558
6.08,4.73646522926653,2.66290167970654,2.07356354955999,2.21356078096171,1.69301309558423
6.09,4.75019643684879,2.66999913785712,2.08019729899167,2.22685017620807,1.70693830847567
6.1,4.76413139761662,2.67718322350865,2.08694817410797,2.22685017620807,1.72103348452396
6.11,4.77825298934466,2.68444637944226,2.0938066099024,2.2519169875896,1.73528379646571
6.12,4.79254781987002,2.69178093225387,2.10076688761615,2.26376310398581,1.74967418908209
6.13,4.80699609283633,2.69917920202152,2.10781689081481,2.2751481359614,1.76418959436623
6.14,4.82157905137578,2.7066332646342,2.11494578674158,2.2751481359614,1.7788144652123
6.15,4.83629954987837,2.7141354871161,2.12216406276227,2.28600604673707,1.7935338257218
6.16,4.85113415908264,2.72167790986703,2.12945624921561,2.30633450016409,1.80833205915911
6.17,4.86606441890137,2.72925268726551,2.13681173163586,2.31573344931522,1.82319377241493
6.18,4.88106914675396,2.73685188044634,2.14421726630762,2.3245451224761,1.83810338943571
6.19,4.89614843118863,2.74446760002004,2.15168083116858,2.3245451224761,1.85304543123933
6.2,4.91127806930852,2.7520919975238,2.15918607178473,2.34065971124489,1.86800449914169
6.21,4.92642918917488,2.75971717836263,2.16671201081225,2.34785887981773,1.88296510394748
6.22,4.94161502397474,2.76733519707269,2.17427982690205,2.35458772092426,1.89791165665662
6.23,4.95680572063129,2.774938250851,2.18186746978029,2.35458772092426,1.91282884816967
6.24,4.97198191381502,2.78251853684888,2.18946337696614,2.36619961543525,1.9277013692975
6.25,4.9870008816512,2.71421335372743,2.27278752792377,2.54572174818394,1.79368660001323
6.26,4.91280389714716,2.72302284939443,2.18978104775272,0.465639213659248,1.81097083051188
6.27,4.8220745213809,2.73174161590169,2.09033290547921,0.465639213659248,1.82807705039912
6.28,4.77634297005599,2.73990462200516,2.03643834805083,1.19331554703308,1.84409286837412
6.29,4.73494666978534,2.74783979983669,1.98710686994865,1.53779445701675,1.85966168727958
6.3,4.71159180981985,2.75545060235768,1.95614120746217,1.42593813841703,1.87459408182576
6.31,4.69408017287855,2.76283657370575,1.9312435991728,1.42593813841703,1.88908535761068
6.32,4.68471924170675,2.7699850147663,1.91473422694045,1.5043856596258,1.90311059897149
6.33,4.6794478255621,2.7769298950903,1.90251793047181,1.53348973050017,1.91673645416716
6.34,4.67820560157968,2.78367415238607,1.89453144919361,1.52802159252359,1.92996868698146
6.35,4.67942552009307,2.79023134601976,1.88919417407332,1.52802159252359,1.94283390089077
6.36,4.68249349301511,2.79660794783294,1.88588554518218,1.52824578891847,1.95534479364822
6.37,4.68681492758671,2.8016856064792,1.88512932110751,1.52837664488338,1.96751193318698
6.38,4.69189253034582,2.80530402977262,1.88658850057321,1.52334653552119,1.97934417735645
6.39,4.69712559734768,2.80882303541994,1.88830256192774,1.52334653552119,1.9908513258232
6.4,4.70234940646266,2.81224376193858,1.89010564452408,1.51488640009428,2.00203710153915
6.41,4.70760495150324,2.81556629451842,1.89203865698482,1.4982476529615,2.01290178307523
6.42,4.71278068270862,2.8187915666089,1.89398911609972,1.4891687822015,2.0234484228111
6.43,4.71790753380459,2.82191972829338,1.8959878055112,1.47955487377553,2.03367751151936
6.44,4.72295365010309,2.82495128228424,1.89800236781885,1.47955487377553,2.04359069306947
6.45,4.72787804205674,2.8278867822291,1.89999125982764,1.4586907511292,2.05318977788916
6.46,4.7325825273836,2.83072699997474,1.90185552740886,1.44494101064358,2.06247728991739
6.47,4.73657000268003,2.83347431380123,1.9030956888788,1.41770400978076,2.07146100613003
6.48,4.73801653454103,2.83613634104798,1.90188019349305,1.41770400978076,2.08016583522689
6.49,4.73379058452984,2.83872563279346,1.89506495173638,1.23597597103192,2.08863281923462
6.5,4.72164920281834,2.8412507606734,1.88039844214493,1.09114194254393,2.09688998740203
6.51,4.70044496772516,2.843715751712,1.85672921601315,0.918742394120795,2.10495050809825
6.52,4.66956371842014,2.84612252134773,1.82344119707241,0.918742394120795,2.11282064480709
6.53,4.62866739299949,2.84847198404801,1.78019540895147,0.500236188569192,2.120503387837
6.54,4.57758731212794,2.85076451774992,1.72682279437802,0.256580992596435,2.12799997304225
6.55,4.51628027179734,2.85300014960704,1.6632801221903,-0.00840953439911463,2.13531048921502
6.56,4.44481539947563,2.85517862034865,1.58963677912698,-0.00840953439911463,2.1424340885401
6.57,4.36338563890916,2.85729935126031,1.50608628764886,-0.596253417264857,2.14936887862121
6.58,4.2723545514597,2.85936126545554,1.41299328600416,-0.914278624253888,2.15611133803961
6.59,4.17238164218803,2.86136232361699,1.31101931857104,-1.24201802584757,2.16265479822756
6.6,4.06480352501506,2.86329811075556,1.2015054142595,-1.24201802584757,2.1689848221707
6.61,3.95326639863301,2.86515573247193,1.08811066616108,-1.83554808629602,2.17505924518323
6.62,3.84910939684133,2.86689382177374,0.982215575067583,-1.84356275128294,2.18074279720014
6.63,3.76664388874611,2.86846142742416,0.898182461321947,-1.73887914958246,2.185868867677
6.64,3.70563286108863,2.86986322200016,0.835769639088473,-1.73887914958246,2.19045273594053
6.65,3.66036405353641,2.87112348514528,0.789240568391134,-1.68274019452531,2.19457379642506
6.66,3.62712435245459,2.87225799753908,0.754866354915506,-1.60367984358453,2.19828365195281
6.67,3.60279711183401,2.87327960652906,0.729517505304947,-1.58169999056075,2.20162431335003
6.68,3.58519037342981,2.87419725429063,0.710993119139173,-1.56931726648539,2.20462502153037
6.69,3.57275984060314,2.87501669721305,0.697743143390086,-1.56931726648539,2.20730459988668
6.7,3.56399703912431,2.87574422091706,0.688252818207253,-1.55952319559844,2.20968360239878
6.71,3.55798754521266,2.87638320888929,0.681604336323364,-1.55979661893971,2.21177309306799
6.72,3.55408485698277,2.87693583358263,0.67714902340014,-1.56270639469951,2.21358017581519
6.73,3.55175029208933,2.87740391323358,0.674346378855756,-1.56270639469951,2.2151107962738
6.74,3.55058122211511,2.87778871794562,0.672792504169489,-1.57300996590629,2.21636910768217
6.75,3.55028557867756,2.87809100405133,0.67219457462623,-1.57965978979796,2.21735758324785
6.76,3.55062915400363,2.87831135700287,0.672317797000761,-1.58695438975888,2.21807813739938
6.77,3.55143786780953,2.87845010705481,0.672987760754715,-1.58695438975888,2.21853185006924
6.78,3.55258073871292,2.87850741887375,0.674073319839164,-1.60256941701025,2.21871925971717
6.79,3.55395791350469,2.87848333986197,0.675474573642718,-1.61062431870034,2.21864052134865
6.8,3.55549346036176,2.87837782992247,0.677115630439298,-1.61871660517047,2.21829550384647
6.81,3.5571290903662,2.87819078691855,0.67893830344765,-1.61871660517047,2.21768387322366
6.82,3.55881989028246,2.87792206405457,0.680897826227887,-1.63474977455082,2.21680514945845
6.83,3.56053088920993,2.87757148378455,0.682959405425378,-1.64260058264528,2.21565875197549
6.84,3.56223459574025,2.87713884788346,0.685095747856783,-1.65029829129007,2.21424403257893
6.85,3.56390908973247,2.87662394534586,0.687285144386603,-1.65029829129007,2.21256030128097
6.86,3.565533045484,2.87602661758421,0.689506427899786,-1.66514177854581,2.21060703950037
6.87,3.56709999095573,2.87534652475529,0.691753466200435,-1.67227161326835,2.20838313594981
6.88,3.56859328409804,2.87458351030386,0.694009773794186,-1.67917376251886,2.20588807869361
6.89,3.57000249098327,2.87373736090664,0.696265130076623,-1.67917376251886,2.20312117016473
6.9,3.57131798898989,2.87280787357523,0.698510115414664,-1.68586072971282,2.200081746591
6.91,3.57253128857941,2.87179485552166,0.700736433057743,-1.69854854384973,2.19676917755584
6.92,3.57363456286225,2.87069812763513,0.702936435227118,-1.70454237547954,2.19318287736687
6.93,3.57462053533786,2.86951752721725,0.705103008120615,-1.71030693692986,2.1893223140004
6.94,3.57547899283039,2.86825305880795,0.707225934022443,-1.71030693692986,2.18518750230199
6.95,3.57621236177875,2.8669042979703,0.709308063808447,-1.72113886501548,2.18077705436289
6.96,3.57680796756193,2.865471304522,0.711336663039932,-1.72619107915541,2.17609116578694
6.97,3.57726078993378,2.8639540077268,0.713306782206975,-1.73103415207212,2.17112960526665
6.98,3.57756639589167,2.86235239383489,0.715214002056781,-1.73103415207212,2.16589232784009
6.99,3.57771626345883,2.86066642182528,0.717049841633549,-1.74002576615338,2.16037919936865
7,3.57770807492873,2.85889622140076,0.718811853527972,-1.74416512015765,2.15459064398049
7.01,3.5775322925738,2.85704173161199,0.720490560961808,-1.74812912138162,2.14852646237122
7.02,3.57718855721218,2.85510326971709,0.722085287495094,-1.74812912138162,2.14218769197488
7.03,3.57666516867539,2.85308078690356,0.723584381771827,-1.75536432547836,2.13557417317465
7.04,3.575965465461,2.85097480054791,0.724990664913093,-1.75860774766508,2.12868759779166
7.05,3.57507355724461,2.84878529596671,0.726288261277904,-1.76175485720973,2.12152791781113
7.06,3.57399926406662,2.84651302371692,0.727486240349699,-1.76175485720973,2.11409758755432
7.07,3.57271703577856,2.84415794852179,0.728559087256772,-1.76733720694054,2.10639649166624
7.08,3.57123358112452,2.8417208694444,0.72951271168012,-1.76976001943915,2.09842724308318
7.09,3.56954849041344,2.83920240196453,0.730346088448911,-1.77206034736966,2.09019185442403
7.1,3.56766852993144,2.83660348997785,0.731065039953596,-1.77206034736966,2.08169341222756
7.11,3.56556008212167,2.83392450239708,0.731635579724595,-1.77608046112391,2.07293312283844
7.12,3.56323574669471,2.83116659261859,0.73206915407612,-1.77773343908918,2.06391475786278
7.13,3.56070042633146,2.82833085325885,0.732369573072613,-1.77926103544596,2.05464189015644
7.14,3.5579427457716,2.82541840353798,0.732524342233623,-1.77926103544596,2.04511817956919
7.15,3.55499445617346,2.82243083600185,0.732563620171611,-1.78059381288196,2.03534883372604
7.16,3.5517835727077,2.81936905189746,0.732414520810245,-1.78278880870609,2.02533679970468
7.17,3.54838714392923,2.81623521411229,0.732151929816935,-1.78343740365662,2.0150891501472
7.18,3.54471732917566,2.81303045941435,0.731686869761313,-1.78422846173837,2.00460960228491
7.19,3.54081980833799,2.80975698565763,0.73106282268036,-1.78422846173837,1.99390534310046
7.2,3.53669964050616,2.80641684548291,0.730282795023256,-1.78483226057644,1.98298308472911
7.21,3.53235270506277,2.80301230258873,0.729340402474042,-1.78486747429641,1.97185022946515
7.22,3.52778116519554,2.79924297403706,0.728538191158487,-1.78382988089609,1.9605147150607
7.23,3.52292643422133,2.79336698694307,0.72955944727826,-1.78382988089609,1.9489860283823
7.24,3.51737682765528,2.78740043362617,0.729976394029109,-1.78001867940686,1.93727965077455
7.25,3.51105666815425,2.78134845021808,0.729708217936165,-1.77689779125569,1.92540565932788
7.26,3.50436230074285,2.77521552768833,0.729146773054512,-1.77532796324642,1.91337286532451
7.27,3.49716408578304,2.76900671743214,0.728157368350904,-1.77532796324642,1.90119117960186
7.28,3.48947872963364,2.7627272662091,0.726751463424544,-1.76968560032219,1.88887089630225
7.29,3.48144242758041,2.75638333735627,0.725059090224137,-1.76607772006581,1.876424107893
7.3,3.47311043654763,2.74998134127588,0.723129095271756,-1.76232903035279,1.86386339158327
7.31,3.46450256555132,2.74352816012478,0.720974405426536,-1.76232903035279,1.85120225016483
7.32,3.45564271856732,2.73703100926342,0.718611709303898,-1.75381719330746,1.83845484017483
7.33,3.44654853140469,2.73049747221714,0.716051059187546,-1.74914078217994,1.82563604049004
7.34,3.43723836670716,2.72393545564936,0.713302911057804,-1.74420396214367,1.81276136398405
7.35,3.42773462782687,2.71735316658651,0.71038146124036,-1.74420396214367,1.79984691284273
7.36,3.41810007499338,2.71075895892341,0.707341116069967,-1.73348611860144,1.78690907740773
7.37,3.40825214962738,2.70416196289594,0.704090186731436,-1.7278432514411,1.77396577120184
7.38,3.39830366021743,2.69757080923648,0.70073285098095,-1.72176476471968,1.76103392772198
7.39,3.38819329076448,2.69099509514464,0.697198195619844,-1.72176476471968,1.74813237667378
7.4,3.37797929604988,2.6844440662557,0.693535229794174,-1.71560263203263,1.73527925799369
7.41,3.36768091033739,2.67792730991266,0.68975360042473,-1.70226864665712,1.72249338204865
7.42,3.35731352728739,2.67145458971296,0.685858937574428,-1.69520391111123,1.70979390501683
7.43,3.34689665983134,2.66503574692443,0.681860912906907,-1.6878837812059,1.69720013546573
7.44,3.33646481523283,2.65868056323009,0.677784252002742,-1.6878837812059,1.68473126505744
7.45,3.32605206558487,2.65239886922377,0.673653196361095,-1.67104081033275,1.67240658141704
7.46,3.31589516061434,2.64619865786891,0.669696502745435,-1.65604593274037,1.6602417667388
7.47,3.30695636810355,2.64008144969377,0.666874918409786,-1.61667863126267,1.64823980429917
7.48,3.3018930430339,2.63403360639649,0.667859436637408,-1.61667863126267,1.63637393574991
7.49,3.30367941798149,2.62803890872129,0.6756405092602,-1.40075802000143,1.62461233891117
7.5,3.31398206814188,2.62209305662466,0.691889011517222,-1.2446418768784,1.61294657709758
7.51,3.33366714590608,2.61619878832778,0.717468357578303,-1.06235081596518,1.6013820226991
7.52,3.36320996651112,2.61036200103876,0.75284796547236,-1.06235081596518,1.58993024603805
7.53,3.40286845954095,2.60459007908834,0.798278380452603,-0.625571865951053,1.57860573517133
7.54,3.45275583931625,2.59889117666173,0.85386466265452,-0.37353785052826,1.56742448861031
7.55,3.51286798826509,2.59327393904703,0.919594049218058,-0.100773709784354,1.55640346841028
7.56,3.58308517581709,2.58774742843321,0.995337747383888,-0.100773709784354,1.54556045458595
7.57,3.66314561953218,2.58232138329938,1.0808242362328,0.499724688147838,1.53491455403338
7.58,3.75256948663222,2.57700689002617,1.17556259660604,0.821229306075201,1.52448751823136
7.59,3.85044668771566,2.57181834740354,1.27862834031211,1.14760965381617,1.51430759760575
7.6,3.95468712068346,2.56678038835545,1.38790673232801,1.14760965381617,1.50442312195338
7.61,4.05850058445843,2.56196066362158,1.49653992083685,1.61920427888442,1.49496682202554
7.62,4.14716540793701,2.55749907043458,1.58966633750244,1.51551417528684,1.48621317619264
7.63,4.21228236434724,2.55347246858736,1.65880989575988,1.44511390917837,1.4783129833684
7.64,4.25949427411388,2.54982605436874,1.70966821974514,1.44511390917837,1.47115871867147
7.65,4.29324898306974,2.54651800167491,1.74673098139483,1.3877158591896,1.46466831928617
7.66,4.31711466873709,2.54351627095342,1.77359839778367,1.32729255695593,1.45877892361061
7.67,4.33363987285863,2.54079934781017,1.79284052504846,1.31297486215888,1.45344832040355
7.68,4.34469471376566,2.53835355375468,1.80634116001098,1.30510700859617,1.44864967246668
7.69,4.35193539006104,2.53616511263393,1.8157702774271,1.30510700859617,1.44435595098778
7.7,4.3564125063009,2.53422751264889,1.82218499365201,1.30476171629294,1.44055437981712
7.71,4.35882445552986,2.53253855718611,1.82628589834376,1.30946082358374,1.43724064919914
7.72,4.35981342462361,2.53109518563083,1.82871823899279,1.31629236370725,1.43440875420768
7.73,4.3598253874874,2.52989624314397,1.82992914434343,1.31629236370725,1.43205642904847
7.74,4.35920026703963,2.52894121402828,1.83025905301135,1.33456170668108,1.43018266192349
7.75,4.35819312964068,2.52822997254013,1.82996315710054,1.34521286055458,1.42878720612374
7.76,4.3569963567094,2.52776254857919,1.82923380813021,1.35652891361203,1.42787012031236
7.77,4.35575442275091,2.52753896401776,1.82821545873315,1.35652891361203,1.42743144740284
7.78,4.35457574930989,2.52755910499935,1.82701664431054,1.38044806067453,1.42747096400873
7.79,4.35354176491722,2.52782263000108,1.82571913491614,1.39279539914228,1.42798800006213
7.8,4.35271279646581,2.52832890352847,1.82438389293734,1.40526224654138,1.42898130872286
7.81,4.35214559226059,2.52907657271792,1.82306901954267,1.40526224654138,1.43044823567256
7.82,4.35185037084897,2.53006493903402,1.82178543181495,1.43030267959633,1.43238741038475
7.83,4.35185842516185,2.53129215581739,1.82056626934446,1.44278208294603,1.43479520971371
7.84,4.35219193122775,2.53275594122592,1.81943599000183,1.45517418070043,1.43766715668525
7.85,4.35286248347685,2.53445377072066,1.81840871275619,1.45517418070043,1.44099829815394
7.86,4.3538772917976,2.53638272396757,1.81749456783003,1.47954442688601,1.44478290442438
7.87,4.35524023723209,2.53853948975291,1.81670074747918,1.49146439390624,1.44901447889522
7.88,4.35695244366779,2.54092037642216,1.81603206724563,1.50317246993536,1.45368577854029
7.89,4.35901282909991,2.54352132335975,1.81549150574016,1.50317246993536,1.45878883643184
7.9,4.3614184697939,2.54633791489348,1.81508055490043,1.52585678920309,1.464314989021
7.91,4.36416490982305,2.54936539527049,1.81479951455257,1.53678872616338,1.4702549055207
7.92,4.36724639228474,2.55259868481129,1.81464770747345,1.5474193567059,1.47659861959975
7.93,4.3706560621795,2.5560323966925,1.814623665487,1.5474193567059,1.48333556231069
7.94,4.37438611726779,2.5596608544972,1.81472526277059,1.55772904416296,1.49045459652351
7.95,4.37842793536962,2.56347811019855,1.81494982517107,1.57731023191525,1.49794405220955
7.96,4.38277218846005,2.56747796242874,1.8152942260313,1.58654585180932,1.5057917622852
7.97,4.38740893756971,2.57165397504404,1.81575496252567,1.59538844003027,1.51398509903641
7.98,4.39232775355063,2.57599949556256,1.81632825798807,1.59538844003027,1.52251101029374
7.99,4.39751806719363,2.58050767340594,1.81701039378769,1.6118301471143,1.53135605522245
8,4.40296586562211,2.58517122606461,1.8177946395575,1.61937035096989,1.54050594553877
8.01,4.40866408967454,2.58998348982409,1.81868059985045,1.62653101678773,1.54994760703487
8.02,4.41459782446893,2.59493685810372,1.81966096636521,1.63315308444346,1.55966611559949
8.03,4.42075336160493,2.60002388839459,1.82072947321034,1.63933427661349,1.56964686903018
8.04,4.42711900602249,2.6052370147683,1.82188199125419,1.63933427661349,1.5798750229754
8.05,4.43368174958042,2.61056859477525,1.82311315480517,1.65018925889411,1.59033558294904
8.06,4.44042904871253,2.61601091223739,1.82441813647514,1.65485671084602,1.60101340980977
8.07,4.44734425824841,2.62155614824442,1.82578811000399,1.65899802473667,1.61189316285556
8.08,4.45442253699252,2.62719660653646,1.82722593045606,1.66264268253339,1.62295974202453
8.09,4.46164252042574,2.63292433980736,1.82871818061838,1.66570979052505,1.63419755470204
8.1,4.46900426208476,2.63873176858907,1.83027249349568,1.66830381665216,1.64559172997177
8.11,4.47648585436131,2.64461091820576,1.83187493615555,1.67028289206343,1.65712662151971
8.12,4.48407077127883,2.65055393114798,1.83351684013085,1.67174495130926,1.66878681291234
8.13,4.4917561215556,2.65655319256985,1.83520292898575,1.67174495130926,1.68055736382204
8.14,4.49949454185294,2.66260059303443,1.83689394881852,1.67296747442086,1.69242236353355
8.15,4.50734528234052,2.66868933398498,1.83865594835555,1.67290785788152,1.70436847327852
8.16,4.5152615888345,2.67481151995629,1.84045006887821,1.67208984713567,1.71638020215425
8.17,4.52323208854325,2.68095978220218,1.84227230634108,1.67082501269305,1.72844309268067
8.18,4.53125784311147,2.68712684783236,1.84413099527911,1.6689616001198,1.74054287544708
8.19,4.53926555880826,2.6933051215657,1.84596043724256,1.6664979328055,1.7526646485119
8.2,4.54737840649029,2.69948821108963,1.84789019540066,1.66371203178111,1.76479587015785
8.21,4.555477547869,2.7056686993372,1.84980884853181,1.66006790797639,1.77692198809958
8.22,4.56348343242955,2.71183960747241,1.85164382495713,1.66006790797639,1.78902930986088
8.23,4.57145541783009,2.71799441480564,1.85346100302445,1.65160545794871,1.80110504184867
8.24,4.57939889682363,2.72412669184674,1.8552722049769,1.64663389398086,1.81313656940329
8.25,4.5873123261191,2.73023019204868,1.85708213407041,1.64120563178647,1.82511163679952
8.26,4.59519402120688,2.73629882973027,1.85889519147661,1.63527266583271,1.83701830393079
8.27,4.60299689747253,2.74232671841707,1.86067017905546,1.62886105898565,1.84884502153429
8.28,4.61079763963712,2.74830807164405,1.86248956799307,1.62204259487475,1.86058043656562
8.29,4.61853032669775,2.75423743773507,1.86429288896268,1.62204259487475,1.87221385283621
8.3,4.62617998008261,2.76010949868358,1.86607048139903,1.60692389652421,1.88373483641719
8.31,4.6337960009127,2.76591896925391,1.86787703165878,1.59873849826149,1.89513301767617
8.32,4.64133703895081,2.77166099218467,1.86967604676615,1.59010587414448,1.90639886666632
8.33,4.64879658403681,2.77733080869626,1.87146577534055,1.58110293759058,1.91752304666207
8.34,4.65615544168076,2.78292390431939,1.87323153736137,1.57169475044846,1.92849670027465
8.35,4.66344120395238,2.7884357838203,1.87500542013208,1.56198274360982,1.93931100785544
8.36,4.6706334936028,2.79386233846687,1.87677115513594,1.55186459626623,1.94995790807199
8.37,4.67772839228474,2.79919959084785,1.87852880143689,1.54145007735607,1.96042959724349
8.38,4.6847059464745,2.80266630353725,1.88203964293726,1.54145007735607,1.9707188125668
8.39,4.69126926411996,2.80575618721068,1.88551307690928,1.52321671953986,1.98082273217893
8.4,4.69727222434131,2.80878787224083,1.88848435210048,1.51339621832284,1.99073634222753
8.41,4.70287628705676,2.81175866618645,1.89111762087031,1.50220605216598,2.00045083842969
8.42,4.70815598049264,2.81466640202252,1.89348957847013,1.49180358301236,2.00995913461362
8.43,4.71317795703948,2.81750904835099,1.89566890868849,1.48094694111097,2.01925458810774
8.44,4.71797898906043,2.8202848217751,1.89769416728533,1.47014321208204,2.02833136720459
8.45,4.72258311193428,2.82299209888295,1.89959101305133,1.45868113830483,2.03718416334723
8.46,4.72693015177169,2.82562970731992,1.90130044445177,1.4446438927254,2.04580914293614
8.47,4.73057019430547,2.82819813760798,1.90237205669749,1.4446438927254,2.05420790997811
8.48,4.73174981852307,2.830703179517,1.90104663900607,1.35148910076488,2.06239939702059
8.49,4.72735353215023,2.83315592357733,1.8941976085729,1.23815912922943,2.07041987009786
8.5,4.71509356522771,2.83556378822515,1.87952977700256,1.09382478100351,2.07829358749623
8.51,4.69379852003044,2.83792960530785,1.85586891472259,0.921771091316093,2.08602980935668
8.52,4.6628440002511,2.84025409273526,1.82258990751584,0.724648392110494,2.09363088324429
8.53,4.62188500818281,2.84253701227092,1.77934799591189,0.503709566408094,2.1010960301259
8.54,4.57074942974246,2.84477763050969,1.72597179923277,0.503709566408094,2.10842285176667
8.55,4.50939124497974,2.84697492107107,1.66241632390867,-0.00475945481678153,2.1156079919024
8.56,4.43787744819234,2.84912762140178,1.58874982679056,-0.289673127332284,2.12264732198383
8.57,4.35639863530826,2.85123420672294,1.50516442858533,-0.592670342296627,2.129535855984
8.58,4.26531563340004,2.85329269578654,1.4120229376135,-0.910838273454628,2.136267115222
8.59,4.16528206028338,2.85530020675255,1.30998185353083,-1.23884158548866,2.14283167608084
8.6,4.0576211550982,2.85725152126351,1.20036963383469,-1.56391308709163,2.14921247453168
8.61,3.94592564197543,2.859133039602,1.08679260237343,-1.83488165346679,2.15536503949855
8.62,3.84143821061753,2.86090253186528,0.980535678752241,-1.84672490218481,2.16115127919948
8.63,3.75856930911942,2.86250733799318,0.896061971126246,-1.84672490218481,2.16639899523768
8.64,3.6972720497387,2.86395083873761,0.833321211001092,-1.68486265296524,2.17111924267199
8.65,3.65178958267438,2.86525722171787,0.786532360956512,-1.63465700043361,2.17539111501743
8.66,3.61840381372057,2.86644195830964,0.751961855410928,-1.6052660112783,2.17926520367254
8.67,3.59395919142578,2.86751774825915,0.726441443166636,-1.58319313233016,2.18278303680741
8.68,3.57633800707389,2.86849277607127,0.707845231002616,-1.57058269527065,2.18597137775307
8.69,3.56380893411971,2.86937351745088,0.694435416668831,-1.56320103974027,2.18885140206438
8.7,3.55499666665169,2.87016515279793,0.68483151385376,-1.56320103974027,2.19144004964922
8.71,3.54897316562988,2.87087081121256,0.678102354417316,-1.5610370617375,2.19374755266507
8.72,3.54512126086809,2.87149214860297,0.673629112265125,-1.5610370617375,2.19577932593171
8.73,3.54284434152009,2.87203102739597,0.670813314124126,-1.56848385064856,2.19754145958481
8.74,3.54174031582863,2.87248841992591,0.669251895902722,-1.5743249882594,2.19903713315772
8.75,3.54150840768574,2.87286490251594,0.668643505169793,-1.58104232044501,2.20026823122714
8.76,3.54191866933928,2.87316078944584,0.668757879893434,-1.5883912101256,2.20123578148791
8.77,3.54279697130033,2.87337619313301,0.669420778167316,-1.59613681867694,2.20194015154495
8.78,3.54401176956643,2.87351107989411,0.670500689672323,-1.60413316052616,2.20238123125373
8.79,3.54546291444345,2.87356531467725,0.671897599766204,-1.60413316052616,2.20255857899459
8.8,3.54707411195227,2.8735386913555,0.673535420596771,-1.62041472160365,2.20247152073249
8.81,3.54878680758201,2.87343095681261,0.675355850769398,-1.62854274719588,2.20211922877723
8.82,3.5505558307182,2.87324182782746,0.677314002890738,-1.63658775104101,2.20150077699581
8.83,3.55234600130634,2.87297100399087,0.679374997315465,-1.64450984029128,2.20061518305016
8.84,3.5541296420958,2.87261817702262,0.68151146507318,-1.65227925230797,2.19946143886397
8.85,3.55588467885029,2.87218303780657,0.683701641043723,-1.65987316669333,2.19803853362749
8.86,3.55759164031619,2.87166530871981,0.685926331596382,-1.66727151259864,2.19634555951378
8.87,3.55923935930887,2.87106463851686,0.688174720792011,-1.67446923956941,2.19438136795012
8.88,3.56080515486107,2.87038092275785,0.690424232103223,-1.67446923956941,2.19214561741816
8.89,3.5622970923774,2.86961359305924,0.692683499318166,-1.68819833536222,2.1896364493037
8.9,3.56369624598633,2.86876252739485,0.694933718591483,-1.69471465787416,2.18685346458115
8.91,3.5649932115769,2.86782750384257,0.697165707734333,-1.70101990887514,2.1837959375652
8.92,3.56617985663219,2.86680830853714,0.699371548095052,-1.70707766131271,2.18046316891644
8.93,3.56724917829426,2.86570474791915,0.701544430375108,-1.7129079276666,2.17685452569562
8.94,3.56819238402183,2.86451676498247,0.70367561903936,-1.71848199970929,2.17296982149266
8.95,3.56900862327383,2.86324399231117,0.70576463096266,-1.71848199970929,2.16880785485753
8.96,3.56968748491715,2.86188643497461,0.707801049942542,-1.72897146703261,2.16436864236698
8.97,3.57022377914444,2.86044401325078,0.709779765893656,-1.72897146703261,2.15965192333006
8.98,3.57061292439181,2.85891669744023,0.711696226951584,-1.73851906183371,2.15465760062956
8.99,3.57084812296045,2.85730459508566,0.713543527874793,-1.74293370054248,2.14938602593011
9,3.57092468885603,2.8556077228525,0.715316966003531,-1.74712937056187,2.14383725372768
9.01,3.57083706458053,2.85382600405661,0.717011060523921,-1.75112201253292,2.1380110332651
9.02,3.5705789089198,2.85195960731362,0.71861930160618,-1.7548788362773,2.13190791591555
9.03,3.57014090788384,2.85000859762102,0.720132310262821,-1.75844526620816,2.12552811422073
9.04,3.56952753704012,2.84797352336406,0.721554013676064,-1.75844526620816,2.11887342140047
9.05,3.56872294276891,2.84585438474024,0.722868558028673,-1.76489057717356,2.11194383810059
9.06,3.56773629783171,2.84365192545668,0.72408437237503,-1.76772678360786,2.10474179624334
9.07,3.5665433979223,2.84136614117963,0.725177256742664,-1.77050822373437,2.0972672816574
9.08,3.56515038640675,2.83899782940812,0.726152556998621,-1.77294697654532,2.08952290216457
9.09,3.56355691772764,2.83654761630218,0.727009301425462,-1.77525351944626,2.08151070530811
9.1,3.56176579557574,2.8340163735104,0.727749422065333,-1.77730585394901,2.07323354137902
9.11,3.55975149013827,2.83140463166982,0.728346858468455,-1.7792649252955,2.0646931455603
9.12,3.55752262407723,2.82871347384153,0.728809150235694,-1.78092698300094,2.05589305946182
9.13,3.55508295381969,2.82594400110783,0.729138952711855,-1.78092698300094,2.04683688362262
9.14,3.55243617960435,2.82309745950057,0.729338720103783,-1.78373560821271,2.03752869256686
9.15,3.54955216875524,2.82017492933465,0.729377239420584,-1.78492543573314,2.02797201892432
9.16,3.54648077201734,2.8171782690877,0.729302502929648,-1.78577704267937,2.01817293991677
9.17,3.5431423526097,2.81410848050042,0.729033872109278,-1.78669697960646,2.00813473123639
9.18,3.53960946160803,2.8109678166349,0.728641644973123,-1.78712949907332,1.99786476039614
9.19,3.53581539236556,2.80775772748755,0.728057664878017,-1.78768443061679,1.98736776888428
9.2,3.53179475829173,2.80448049893468,0.727314259357057,-1.78768443061679,1.97665123151639
9.21,3.52755260737007,2.8011383532954,0.726414254074671,-1.7878527076083,1.96572241527597
9.22,3.52308548918337,2.79622286996468,0.726862619218692,-1.7878527076083,1.9545892708707
9.23,3.51810458841615,2.79045101101939,0.727653577396759,-1.78262770469255,1.94326488362004
9.24,3.51235316151863,2.7845876472499,0.727765514268738,-1.78151683184924,1.9317609639043
9.25,3.5061379737817,2.77863765300531,0.727500320776387,-1.77946377508088,1.92008707519643
9.26,3.49942208650681,2.77260525257385,0.726816833932962,-1.77734908172674,1.90825150554989
9.27,3.49223162362525,2.76649550627807,0.725736117347179,-1.7745551595026,1.89626418331758
9.28,3.48470183383851,2.76031411951508,0.724387714323435,-1.77137209389305,1.88413630248858
9.29,3.47673909245443,2.75406686997905,0.722672222475374,-1.77137209389305,1.8718791988989
9.3,3.46849304839856,2.74776029976471,0.720732748633854,-1.76394175030109,1.85950570813836
9.31,3.460047138531,2.74140124666602,0.718645891864977,-1.75978208588849,1.84702924595873
9.32,3.45128869248637,2.73499695270823,0.716291739778135,-1.7554019757834,1.83446402121355
9.33,3.44236225531744,2.72855485049502,0.713807404822424,-1.75057673695071,1.82182461667123
9.34,3.43315324596168,2.72208296458169,0.711070281379994,-1.74570215295459,1.80912677650928
9.35,3.423760992576,2.71558932617518,0.708171666400824,-1.740308865741,1.7963862579557
9.36,3.41420605132149,2.70908235198259,0.705123699338897,-1.73479679791723,1.78361957458984
9.37,3.40450397476951,2.70257078786255,0.701933186906962,-1.72896692211246,1.77084388578632
9.38,3.39466901037005,2.69606360520858,0.698605405161472,-1.72896692211246,1.75807679341923
9.39,3.38471278504106,2.68957001482387,0.695142770217186,-1.71660878527227,1.74533636908443
9.4,3.37465235143913,2.6830993922945,0.691552959144632,-1.71004617345483,1.73264100768181
9.41,3.36450368171226,2.6766612892176,0.687842392494662,-1.70322459421915,1.72000944944493
9.42,3.35428414650514,2.67026539007313,0.684018756432014,-1.69613296076829,1.70746069532348
9.43,3.34401241422534,2.66392148412567,0.680090930099674,-1.68876156270836,1.69501395185457
9.44,3.33371651537971,2.6576393684208,0.676077146958905,-1.68094033856794,1.68268844084161
9.45,3.32344470125063,2.65142867137866,0.672016029871965,-1.68094033856794,1.67050305324494
9.46,3.3134242745079,2.64529742698801,0.668126847519882,-1.65695926167837,1.65847355175049
9.47,3.30459746060721,2.63924729470896,0.665350165898248,-1.65695926167837,1.64660319221898
9.48,3.29961060625169,2.63326467540861,0.666345930843075,-1.52940639423548,1.6348652931517
9.49,3.30144818013672,2.62733320251658,0.674114977620133,-1.40270624840171,1.62322774333753
9.5,3.3117886763321,2.62144844030141,0.690340236030691,-1.24680723291865,1.61168183987137
9.51,3.33150448972545,2.61561305533338,0.715891434392074,-1.06469242542378,1.60023281456409
9.52,3.36107404452131,2.60983290758607,0.751241136935248,-0.85806958893152,1.58889216468386
9.53,3.40075708298828,2.60411536356165,0.796641719426639,-0.628206169098398,1.57767434330795
9.54,3.45066772250752,2.59846857140031,0.852199151107205,-0.628206169098398,1.56659533708742
9.55,3.51080299222299,2.59290116389004,0.917901828332949,-0.103638646056444,1.55567208355227
9.56,3.58104406068188,2.58742222121592,0.993621839465959,0.188142169462185,1.54492239802564
9.57,3.66113050648848,2.58204148700019,1.0790890194883,0.496716763845071,1.53436539749436
9.58,3.75058462442064,2.57677006300533,1.17381456141531,0.81822142115555,1.52402286361646
9.59,3.84850190172835,2.5716223032532,1.27687959847515,1.14469291027519,1.51392295898279
9.6,3.95280992744199,2.56662271256362,1.38618721487838,1.45253545120398,1.50411376204981
9.61,4.0567873128099,2.5618383460283,1.4949489667816,1.6192367029442,1.49472683490753
9.62,4.14574190774194,2.55740889729074,1.5883330104512,1.51644945413075,1.48603625648443
9.63,4.21113001105227,2.55341263961935,1.65771737143292,1.51644945413075,1.47819559893317
9.64,4.2585560163023,2.54979512491449,1.70876089138781,1.38816375305939,1.47109803508223
9.65,4.292489298435,2.54651433849317,1.74597495994182,1.35264407735602,1.46466113212361
9.66,4.31649982833453,2.54353825611495,1.77296157221958,1.32748726649042,1.45882205849753
9.67,4.3331475407511,2.54084529018631,1.7923022505648,1.31313919658878,1.45353845934554
9.68,4.34430704329184,2.53842175536322,1.80588528792862,1.30523673090139,1.44878348402264
9.69,4.35164316116862,2.53625379635244,1.81538936481618,1.30336608256798,1.44452994844349
9.7,4.35617315248961,2.53433570794937,1.82183744454024,1.30336608256798,1.44076665899667
9.71,4.35866139954833,2.53266405403373,1.8259973455146,1.30958295281423,1.43748687401417
9.72,4.35971803319535,2.53123642673916,1.82848160645619,1.30958295281423,1.43468586926222
9.73,4.35978994866613,2.53005172999295,1.82973821867318,1.32494051861003,1.43236149424617
9.74,4.35921839651915,2.52910950188068,1.83010889463847,1.33467131113622,1.43051284268989
9.75,4.35825894135044,2.52840967620133,1.82984926514911,1.34532753326567,1.429139784707
9.76,4.35710489568413,2.5279523393565,1.82915255632763,1.35664479777083,1.42824248981745
9.77,4.35590112568648,2.52773757486033,1.82816355082615,1.36844142036558,1.42782112187597
9.78,4.35475650207028,2.52776532979904,1.82699117227124,1.3805673514895,1.42787557706571
9.79,4.35375259881264,2.52803532422395,1.82571727458869,1.3805673514895,1.42840530612738
9.8,4.35294859288213,2.52854704381389,1.82440154906825,1.40538823821163,1.42940929996285
9.81,4.35240286645812,2.52929914094363,1.82310372551449,1.41790503641288,1.43088491453141
9.82,4.35212634626034,2.5302910402698,1.82183530599053,1.430439889457,1.43283102100935
9.83,4.35216640100396,2.53152035585228,1.82064604515168,1.44289577235516,1.43524293818217
9.84,4.35252018529156,2.53298557936369,1.81953460592787,1.45528569696168,1.43811770671155
9.85,4.35320191492477,2.5346842931458,1.81851762177897,1.46755594986747,1.44145058315206
9.86,4.35423450925695,2.53661305017458,1.81762145908237,1.47964386926929,1.44523480444253
9.87,4.35560338291461,2.53876929859896,1.81683408431566,1.49158108134946,1.44946536385115
9.88,4.35732049507686,2.54114903434985,1.81617146072701,1.49158108134946,1.45413440539441
9.89,4.3593845611254,2.54374824957333,1.81563631155206,1.51475908219689,1.45923406566288
9.9,4.36179281323914,2.54656257703721,1.81523023620193,1.52596874764834,1.464755776147
9.91,4.36454069585367,2.5495873097943,1.81495338605936,1.53690038284614,1.47069030181642
9.92,4.36762255058583,2.5528174131419,1.81480513744393,1.54752850457237,1.4770277645844
9.93,4.3710315088443,2.55624754427849,1.81478396456581,1.55783550674639,1.48375768187439
9.94,4.37475984330018,2.55987206798041,1.81488777531977,1.56780378215124,1.49086899737756
9.95,4.378799000328,2.56368507561403,1.81511392471397,1.56780378215124,1.49835011835472
9.96,4.3831396754761,2.56768040330856,1.81545927216754,1.58664300866884,1.5061889512914
9.97,4.38777202957844,2.57185164990682,1.81592037967163,1.58664300866884,1.51437293711718
9.98,4.39268567612258,2.57619219638198,1.8164934797406,1.60391116777466,1.52288908930145
9.99,4.39786991172794,2.58069522615099,1.81717468557695,1.61191394979528,1.53172403370825
10,4.4033114842432,2.58535353209075,1.81795795215245,1.61945986631196,1.54086362996204
10.01,4.40900272141229,2.59016037985725,1.81884234155504,1.62660278809913,1.55029466527992
10.02,4.41492891620167,2.59510824125586,1.81982067494581,1.63323158217811,1.560002369344
10.03,4.42107664517613,2.60018969493588,1.82088695024025,1.63940206489719,1.56997218146419
10.04,4.42743393023335,2.6053972006023,1.82203672963105,1.63940206489719,1.58018930758172
10.05,4.43398801240277,2.6107231352361,1.82326487716666,1.65024886752563,1.59063879133324
10.06,4.44072637037212,2.61615980149071,1.82456656888141,1.65491523625127,1.60130553052477
10.07,4.44763132418019,2.62169934114756,1.82593198303263,1.65903949706439,1.61217410733151
10.08,4.45468846441025,2.6273337847146,1.82735467969565,1.66265693644958,1.62322888561004
10.09,4.46190696933069,2.63305609960613,1.82885086972455,1.66580181430936,1.63445606742723
10.1,4.46924891886323,2.63885774962164,1.83039116924159,1.66829113661014,1.64583890475766
10.11,4.47671698710765,2.64473135784657,1.83198562926109,1.67034245871372,1.65736292409497
10.12,4.48429533833245,2.65066900547209,1.83362633286035,1.67034245871372,1.66901258873625
10.13,4.49196830666823,2.65666293855989,1.83530536810833,1.67177881554634,1.68077268545451
10.14,4.4997076327034,2.66270520665348,1.83700242604992,1.67303541650712,1.69262761545412
10.15,4.50754975659151,2.66878889583082,1.83876086076069,1.67291370074405,1.70456381362007
10.16,4.51544605912032,2.67490604590325,1.84054001321707,1.67209419733392,1.71656566206218
10.17,4.52340880022367,2.68104947746362,1.84235932276006,1.67086731702658,1.72861907478362
10.18,4.53142830126002,2.68721186057287,1.84421644068715,1.66896177771254,1.74070967044397
10.19,4.53942885920836,2.69338557558444,1.84604328362392,1.66653160980152,1.75282249929667
10.2,4.54753648233427,2.69956423503526,1.84797224729901,1.66653160980152,1.76494502913919
10.21,4.55562210271692,2.7057403931868,1.84988170953012,1.66009872399241,1.7770626514325
10.22,4.5636308401634,2.71190717154151,1.8517236686219,1.65604866618816,1.78916187056444
10.23,4.57161536840078,2.71805801996999,1.85355734843079,1.65163200717393,1.80122983518113
10.24,4.57954543344883,2.72418645009037,1.85535898335846,1.646608299133,1.81325381507732
10.25,4.58746332754035,2.7302862546907,1.85717707284965,1.64122245211559,1.82522163170315
10.26,4.59530195420413,2.73635132614644,1.8589506280577,1.63522521326275,1.83712130189931
10.27,4.60313849907741,2.74237573899822,1.86076276007919,1.62891837725383,1.84894119991451
10.28,4.61092657231849,2.74835380137262,1.86257277094587,1.62197637829443,1.86067015829308
10.29,4.61865550462468,2.75428000312799,1.86437550149669,1.62197637829443,1.87229736613712
10.3,4.62632376909491,2.76014897719751,1.86617479189739,1.60687927077745,1.88381229326152
10.31,4.63392321459076,2.76595557875345,1.86796763583731,1.598686962974,1.89520484551427
10.32,4.64144987042426,2.77169484207833,1.86975502834593,1.59007035195391,1.90646528015768
10.33,4.64889716593621,2.77736200737788,1.87153515855833,1.58106675569564,1.91758425847541
10.34,4.65624195159747,2.78295257459567,1.8732893770018,1.57168200950057,1.92855295135671
10.35,4.66351990630187,2.78846201671867,1.87505788958319,1.56196162556169,1.93936247680204
10.36,4.67069759451097,2.79388628146554,1.87681131304543,1.55184983756521,1.95000488423539
10.37,4.67778836779218,2.79922130906213,1.87856705873004,1.55184983756521,1.96047220837991
10.38,4.68478077558228,2.8026780060455,1.88210276953677,1.54144559094045,1.97075707976879
10.39,4.69131662036518,2.80576676192117,1.88554985844402,1.52315423652208,1.98085731148221
10.4,4.69728630011842,2.80879740512311,1.88848889499531,1.51340857537644,1.99076751475257
10.41,4.70287668473853,2.81176715373629,1.89110953100224,1.50223190890193,2.00047859271765
10.42,4.70816185327182,2.81467383839852,1.8934880148733,1.49184098555835,2.00998345156316
10.43,4.71318401966457,2.81751551286796,1.89566850679661,1.48095323458308,2.01927572707823
10.44,4.71798836271472,2.82029035841511,1.89769800429961,1.47018108662196,2.02834947201743
10.45,4.72259524795914,2.82299676303543,1.89959848492371,1.47018108662196,2.03719941512585
10.46,4.72694302889787,2.82563355789714,1.90130947100073,1.44466914463364,2.04582173432366
10.47,4.73058153009504,2.82820123271714,1.90238029737791,1.41779439396763,2.05421803098504
10.48,4.73176579062003,2.83070554148899,1.90106024913105,1.3515016694407,2.06240712066899
10.49,4.72736857883482,2.83315761792417,1.89421096091065,1.23817763913904,2.07042541061205
10.5,4.71510850304174,2.83556485360318,1.87954364943857,1.09384693089968,2.07829707128239
10.51,4.69381344868267,2.83793008098638,1.85588336769629,0.921793635710885,2.08603136482547
10.52,4.66285845255014,2.84025401871372,1.82260443383641,0.724674859591208,2.09363064119388
10.53,4.62189922536997,2.8425364223022,1.77936280306777,0.503737784262052,2.10109410092818
10.54,4.57076333557574,2.8447765612057,1.72598677437004,0.503737784262052,2.10841935514263
10.55,4.50940488399819,2.84697340513945,1.66243147885874,-0.004731577493299,2.115603034806
10.56,4.43789068912774,2.84912569329892,1.58876499582882,-0.289642663268202,2.12264101708746
10.57,4.356411570734,2.85123189299185,1.50517967774215,-0.592640253200956,2.12952829008334
10.58,4.26532817084505,2.85329002575976,1.41203814508529,-0.910808387427593,2.13625838423442
10.59,4.16529413957136,2.85529720664006,1.3099969329313,-1.23881274535628,2.14282186571299
10.6,4.0576327122176,2.85724821695899,1.20038449525861,-1.56388594505747,2.14920166945589
10.61,3.94593630810784,2.85912945648865,1.08680685161919,-1.8348671314166,2.15535332271788
10.62,3.8414454883604,2.86089870204659,0.980546786313804,-1.8348671314166,2.16113875569236
10.63,3.75856825545457,2.86250330394379,0.896064951510782,-1.84676242933788,2.16638580389619
10.64,3.69726442311104,2.8639466113657,0.833317811745339,-1.68486092625421,2.17110541916583
10.65,3.65178177286602,2.86525279393878,0.786528978927233,-1.63466706761099,2.17537663617982
10.66,3.61839605265509,2.86643734715514,0.751958705499943,-1.60528113157435,2.17925012519732
10.67,3.59397033909291,2.86751287043071,0.726457468662205,-1.58313834260566,2.18276708630841
10.68,3.57630965364331,2.86848795917383,0.707821694469477,-1.57067705817225,2.18595562649844
10.69,3.56384787438153,2.86936817487877,0.694479699502759,-1.56306319713353,2.18883393185357
10.7,3.55507692847547,2.87015939976392,0.684917528711543,-1.56306319713353,2.19142123722803
10.71,3.54907747183328,2.87086472622646,0.678212745606821,-1.56110087383773,2.19372765476051
10.72,3.54519916793308,2.87148604280721,0.673713125125869,-1.5640200277262,2.19575935997957
10.73,3.54290044977495,2.87202489193113,0.670875557843815,-1.56854275999161,2.19752139661481
10.74,3.54178073724458,2.87248224242887,0.669298494815705,-1.57439118006042,2.19901693274241
10.75,3.54153649192352,2.8728586801129,0.668677811810614,-1.58108243035395,2.20024788396919
10.76,3.54193766511373,2.87315451952523,0.668783145588498,-1.58842642828641,2.2012152788475
10.77,3.54280897616493,2.87336987716366,0.669439099001273,-1.59616179452492,2.20191949832518
10.78,3.54401850122492,2.87350472039448,0.67051378083044,-1.60415383614785,2.20236043568996
10.79,3.5454656018997,2.87355891560071,0.671906686298983,-1.60415383614785,2.20253765401433
10.8,3.54707371932704,2.87353225722986,0.673541462097189,-1.62042767183853,2.20245048114163
10.81,3.54878404651171,2.87342449269007,0.675359553821646,-1.62855318174472,2.20209809109652
10.82,3.55055124920739,2.87323533895232,0.677315910255066,-1.63659656348009,2.2014795583741
10.83,3.55234001022857,2.87296449570869,0.679375514519874,-1.6445173653964,2.20059390096742
10.84,3.55412255602941,2.8726116546364,0.681510901393008,-1.65228592246693,2.19944011066103
10.85,3.55587673664455,2.87217650650673,0.683700230137815,-1.65987922574481,2.19801717627702
10.86,3.55758248001007,2.87165878122132,0.685923698788749,-1.66727997942619,2.19632421459371
10.87,3.55922973361597,2.87105811209157,0.688171621524407,-1.66727997942619,2.19436002653942
10.88,3.56079466373468,2.87037441097051,0.690420252764175,-1.67447221539101,2.19212432387356
10.89,3.56228771744346,2.86960707547537,0.692680641968097,-1.68820083708031,2.18961513680445
10.9,3.56368648632399,2.86875602502526,0.694930461298727,-1.69472181828793,2.1868322018326
10.91,3.56498306154536,2.86782102109137,0.697162040453994,-1.70102430154415,2.18377473896878
10.92,3.56616945806742,2.86680184893821,0.699367609129202,-1.70708301741375,2.18044204602796
10.93,3.5672385704319,2.86569831520932,0.701540255222578,-1.71291303337139,2.17683349073449
10.94,3.56818204091476,2.86451034452133,0.703671696393434,-1.71848867505026,2.17294882658474
10.95,3.56899799446675,2.86323760601683,0.705760388449926,-1.71848867505026,2.16878697167502
10.96,3.56967671629448,2.86188008615331,0.707796630141175,-1.72897823300909,2.16434788172132
10.97,3.57021273776525,2.86043770433182,0.709775033433435,-1.73387271955197,2.15963129316505
10.98,3.57060196964216,2.85891043395784,0.711691535684319,-1.73852292063227,2.15463711904215
10.99,3.57083582975934,2.8572982424364,0.713537587322941,-1.74296227354569,2.14936525276703
11,3.57091211223757,2.85560124883943,0.715310863398142,-1.74714651197771,2.14381608370492
11.01,3.57082131951561,2.85381940134246,0.717001918173146,-1.75114954896424,2.13798944238985
11.02,3.57056314118609,2.85195301489852,0.718610126287568,-1.75487393466277,2.13188635871818
11.03,3.57012599190368,2.85000204983264,0.720123942071041,-1.75845404464437,2.12550670295274
11.04,3.56951313907669,2.84796702761868,0.721546111458015,-1.75845404464437,2.11885218031307
11.05,3.56870897447235,2.84584794171613,0.722861032756219,-1.76489766147775,2.11192276941176
11.06,3.56772322109122,2.84364555299613,0.724077668095087,-1.7677291474349,2.10472095829735
11.07,3.56653050333058,2.84135982883264,0.725170674497944,-1.77051737297388,2.09724664028274
11.08,3.56513752093761,2.83899158032586,0.726145940611744,-1.77295288495675,2.08950246766557
11.09,3.56354380744602,2.83654143143351,0.727002376012502,-1.77526100728429,2.08149048078759
11.1,3.5617607421733,2.83401038278011,0.727750359393189,-1.77728928240545,2.07321395169095
11.11,3.5597450771335,2.83139871668285,0.728346360450653,-1.77929604671767,2.06467380355291
11.12,3.55751450583097,2.8287076401934,0.728806865637565,-1.77929604671767,2.05587398343243
11.13,3.55507458230045,2.82593824974794,0.729136332552513,-1.78245403568421,2.04681807667575
11.14,3.55241351632682,2.82309166871526,0.729321847611562,-1.78376912814314,2.0375097566989
11.15,3.54956342258179,2.82016950288907,0.729393919692725,-1.78484556440968,2.02795427444726
11.16,3.5464519342098,2.81717263534381,0.729279298865999,-1.78592426652412,2.01815451757424
11.17,3.54315622837789,2.81410324923805,0.729052979139841,-1.78654654970402,2.00811762500842
11.18,3.53958822826357,2.81096245514866,0.728625773114909,-1.7873068944512,1.99784722833613
11.19,3.53579374975087,2.80775245827848,0.728041291472392,-1.78758580998629,1.98735053857064
11.2,3.53177783914056,2.80447530463571,0.727302534504847,-1.78758580998629,1.97663424615877
11.21,3.5275363078,2.8011332486406,0.726403059159396,-1.78783037667908,1.96570572305476
11.22,3.52307125243161,2.79621451054065,0.726856741890958,-1.78302564321219,1.95457286968076
11.23,3.51809045823123,2.79044281547286,0.727647642758376,-1.78263362291269,1.94324880395774
11.24,3.51233910759503,2.78457961769189,0.727759489903142,-1.78151811682564,1.93174520991149
11.25,3.50612355443648,2.77862979182653,0.727493762609952,-1.77947202503182,1.92007165156365
11.26,3.49942533116842,2.77259763370179,0.726827697466629,-1.77733187724841,1.90823655732291
11.27,3.49217002637118,2.76648787158833,0.725682154782847,-1.77464161007725,1.8962492040563
11.28,3.48451841884612,2.76030624371918,0.724212175126945,-1.77135535019399,1.88412085017702
11.29,3.47667464301141,2.75405907699827,0.722615566013137,-1.77135535019399,1.8718639090706
11.3,3.46844300277201,2.74775259667241,0.720690406099604,-1.76402870824071,1.85949059467127
11.31,3.46000785413113,2.74139372326529,0.718614130865845,-1.75968474534004,1.8470144850465
11.32,3.45125568454213,2.73498960113764,0.716266083404492,-1.75542428219522,1.83444959743204
11.33,3.44232659416379,2.72854770651082,0.713778887652968,-1.7505455954637,1.82181060017423
11.34,3.43313062250209,2.72207600802078,0.71105461448131,-1.74568861921781,1.80911312773677
11.35,3.42379793395303,2.71558245802503,0.708215475928001,-1.74028994141232,1.79637278264511
11.36,3.41428346055736,2.70907564029165,0.705207820265706,-1.73487417516527,1.78360640625222
11.37,3.40460846525049,2.70256427450002,0.702044190750465,-1.73487417516527,1.77083110656905
11.38,3.39474478826922,2.69605749011269,0.698687298156533,-1.7230590432261,1.75806479560109
11.39,3.38476639831973,2.689564237866,0.695202160453737,-1.71667876084227,1.74532503469309
11.4,3.37469002600826,2.68309389528028,0.691596130727974,-1.71011599507664,1.73263022253992
11.41,3.36452911455601,2.67665603760087,0.68787307695514,-1.70326841392096,1.7199991457729
11.42,3.35430064484799,2.67026035416434,0.684040290683644,-1.69617051875676,1.70745081487044
11.43,3.3440222053849,2.66391664522861,0.680105560156291,-1.68878766446911,1.69500445793853
11.44,3.33374596557501,2.65763449199607,0.676111473578936,-1.68096418183464,1.6826788732963
11.45,3.32348554019713,2.65142380687435,0.672061733322778,-1.68096418183464,1.67049350908747
11.46,3.31345328415727,2.64529277700228,0.668160507154981,-1.65699934493231,1.65846442847848
11.47,3.30461864571949,2.63924282260053,0.665375823118964,-1.61794056713611,1.64659441794223
11.48,3.29962671264893,2.63326035402259,0.66636635862634,-1.5293754502631,1.63485681459232
11.49,3.30146173417094,2.62732901220442,0.674132721966517,-1.40268787895795,1.62321952194508
11.5,3.31180089538338,2.62144437203715,0.690356523346228,-1.24678257305437,1.61167385793689
11.51,3.33151595595495,2.61560910450949,0.715906851445464,-1.06466392718428,1.60022506304761
11.52,3.36108498690984,2.60982907340724,0.751255913502605,-0.858041315832746,1.588884642025
11.53,3.40076752496235,2.60411164603884,0.79665587892351,-0.628177989328781,1.5776670495282
11.54,3.45067782382321,2.5984649699533,0.852212853869905,-0.628177989328781,1.56658827104838
11.55,3.51081275381075,2.59289767884159,0.917915074969162,-0.103611729632595,1.5556652458872
11.56,3.58105344525325,2.58741885711915,0.993634588134104,0.18816802806004,1.54491579766777
11.57,3.66113953915388,2.58203823949074,1.07910129966315,0.49674280010934,1.53435902588083
11.58,3.75059333326517,2.57676692962205,1.17382640364312,0.818244067860646,1.52401671591846
11.59,3.84851020164538,2.57161928633398,1.2768909153114,1.14471375923282,1.51391703978726
11.6,3.95281753972585,2.56661981332443,1.38619772640142,1.45255003599193,1.50410807374254
11.61,4.0567937572223,2.56183556920189,1.49495818802042,1.61924305350876,1.4947213867741
11.62,4.14574673522464,2.5574062445783,1.58834049064634,1.61924305350876,1.48603105186262
11.63,4.21113294049519,2.55341011366042,1.65772282683477,1.44554185365831,1.47819064300175
11.64,4.25855708683692,2.54979272310389,1.70876436373303,1.38815772909474,1.47109332272982
11.65,4.29248451978328,2.54651210611576,1.74597241366752,1.35264248608724,1.46465675219913
11.66,4.3165304822349,2.54353558349333,1.77299489874157,1.32753730008409,1.45881681481392
11.67,4.33317031047278,2.54084279431636,1.79232751615642,1.31306090760817,1.4535335624487
11.68,4.34433040255381,2.53841927820614,1.80591112434767,1.30524600831153,1.44877862384045
11.69,4.35165582284214,2.53625157565546,1.81540424718668,1.30333450810179,1.44452559143602
11.7,4.356182426175,2.53433360018978,1.82184882598522,1.30333450810179,1.44076252357235
11.71,4.35866875221247,2.53266203398094,1.82600671823153,1.30957766399082,1.43748291067061
11.72,4.35972355275571,2.53123450033368,1.82848905242203,1.3163917911477,1.43468208965467
11.73,4.35979381243891,2.53004989550942,1.82974391692949,1.32492891490077,1.43235789498949
11.74,4.35922087407473,2.52910775509869,1.83011311897604,1.3346654268951,1.43050941550363
11.75,4.35826039266795,2.52840801246392,1.82985238020404,1.34532089325751,1.4291365204542
11.76,4.35710549549195,2.52795075574014,1.82915473975181,1.35663912352606,1.42823938276215
11.77,4.3559010903353,2.52773606808603,1.82816502224927,1.36843661336398,1.42781816558479
11.78,4.35475601665494,2.52776389691248,1.82699211974246,1.38056444078138,1.42787276574228
11.79,4.35375176983653,2.52803396271296,1.82571780712357,1.38056444078138,1.42840263484283
11.8,4.35295084283428,2.52854564581663,1.82440519701765,1.40538137857762,1.42940655709222
11.81,4.35239543934933,2.52929812741274,1.82309731193658,1.41791564066439,1.4308829259838
11.82,4.35212041844543,2.53029007872786,1.82183033971758,1.43044205280732,1.43282913446405
11.83,4.35215011806864,2.53151982917284,1.82063028889579,1.44292101578034,1.43524190483712
11.84,4.3525020459892,2.53298530840253,1.81951673758667,1.4553088106246,1.43811717508577
11.85,4.35318807509267,2.53468404726521,1.81850402782746,1.46757058282825,1.44145010073435
11.86,4.35421576746402,2.53661317866202,1.817602588802,1.47967438222928,1.44523505653488
11.87,4.35558923751499,2.53876944413287,1.81681979338212,1.47967438222928,1.44946564938869
11.88,4.35730984003323,2.54114920311658,1.81616063691665,1.50329729286377,1.45413473651474
11.89,4.35937667744563,2.54374844475611,1.81562823268952,1.51476610390327,1.45923444861149
11.9,4.36178699743646,2.54656280143027,1.8152241960062,1.52597564708786,1.46475621640618
11.91,4.36453649730305,2.54958756372785,1.8149489335752,1.5369043523381,1.47069080003404
11.92,4.36761955718451,2.55281769654769,1.81480186063681,1.54753139769625,1.47702832062657
11.93,4.37102942472453,2.55624785602931,1.81478156869522,1.55783680741107,1.4837582935295
11.94,4.37475843542477,2.55987240642023,1.81488602900454,1.5678029928494,1.4908696613965
11.95,4.37879809407508,2.56368543851693,1.81511265555815,1.5678029928494,1.49835083037021
11.96,4.38313916548536,2.56768078812531,1.81545837736004,1.5866421073064,1.50618970630187
11.97,4.38777178079841,2.5718520545353,1.81591972626311,1.59548006409036,1.51437373099826
11.98,4.39268562965489,2.57619261825533,1.81649301139956,1.60390993111853,1.52288991701695
11.99,4.39787020871971,2.58069566065879,1.81717454806091,1.61191489787987,1.53172488621255
12,4.40331183197241,2.58535401166045,1.81795782031196,1.61945968906917,1.54086457087781
