t,theta1_rad,v_mps,mu,a_y_target_g,T_s,T_d_ref,e_T,T_a,a_y
0,0,27.7777777777778,0.8,0,0,0,0,-6.51700214766548,0
0.01,9.25019384559775e-05,27.7777777777778,0.8,8.635193599697e-05,0.124097762878677,-0.0173743917569723,0.141472154635649,6.51700214766548,-0.00476596121123171
0.02,0.000369916465578581,27.7777777777778,0.8,0.000345322525052477,0.0865214672127424,-0.00445772273517828,0.0909791899479207,6.51700214766548,-0.00122279582177372
0.03,0.00083196980672218,27.7777777777778,0.8,0.000776656194461001,-0.0512041736414366,0.0277500671630558,-0.0789542408044924,-6.51700214766548,0.00761210783998379
0.04,0.00147820597102343,27.7777777777778,0.8,0.00137992726996637,0.12183650421111,0.0134106667855932,0.108425837425517,6.51700214766548,0.00367867368313723
0.05,0.00230798720140924,27.7777777777778,0.8,0.00215454039585089,0.106690977071161,0.0338989228119274,0.0727920542592339,6.51700214766548,0.00929879753398271
0.06,0.0033204946039859,27.7777777777778,0.8,0.00309973112247947,-0.0140156658194743,0.0743669235182903,-0.0883825893377646,-6.51700214766548,0.0203995557280199
0.07,0.00451472895618856,27.7777777777778,0.8,0.0042145666607192,0.167019177619783,0.0696781927950471,0.097340984824736,6.51700214766548,0.0191133922139551
0.08,0.00588951169289329,27.7777777777778,0.8,0.00549794680248956,0.0658930975887247,0.114885171413992,-0.0489920738252673,-6.51700214766548,0.0315140972048743
0.09,0.00744348606951844,27.7777777777778,0.8,0.00694860500653496,0.200622776136236,0.125039198305668,0.0755835778305684,6.51700214766548,0.0342994435341414
0.1,0.00917511850096793,27.7777777777778,0.8,0.00856510964834813,0.173739061315077,0.165654092582595,0.00808496873248149,6.51700214766548,0.0454404960342632
0.11,0.0110827150244175,27.7777777777778,0.8,0.0103458654330105,-0.0150304098409937,0.234949160481555,-0.249979570322549,6.51700214766548,0.0644487934386072
0.12,0.0131644471814834,27.7777777777778,0.8,0.012289114969556,-0.320472739013376,0.324670428534225,-0.645143167547601,-6.51700214766548,0.0890601921766348
0.13,0.015418198533668,27.7777777777778,0.8,0.0143929405053033,-0.143507868484208,0.340106134455802,-0.48361400294001,-6.51700214766548,0.0932943533904048
0.14,0.0178417449004855,27.7777777777778,0.8,0.0166552658184466,0.163792599692648,0.341825915672921,-0.178033315980272,6.51700214766548,0.0937661057652356
0.15,0.0204326945342701,27.7777777777778,0.8,0.0190738582670356,0.134221104265397,0.403313681486302,-0.269092577220905,-6.51700214766548,0.110632785815446
0.16,0.023162820230722,27.7777777777778,0.8,0.0216463309923239,0.323117906279278,0.43344394437772,-0.110326038098442,6.51700214766548,0.11889780402347
0.17,0.026038272052339,27.7777777777778,0.8,0.0243701452743099,0.259852959510469,0.5086823855116,-0.248829426001131,-6.51700214766548,0.139536425337722
0.18,0.0290706530468188,27.7777777777778,0.8,0.0272426130371474,0.44201114895944,0.548129518230471,-0.106118369271031,2.07054023263114,0.150357149715426
0.19,0.0322529139695677,27.7777777777778,0.8,0.0302608995019517,0.574702039791025,0.601428492861836,-0.026726453070811,-6.51700214766548,0.164977566317324
0.2,0.0355408721726648,27.7777777777778,0.8,0.0334220259843842,0.907291110591499,0.626528666606209,0.280762443985289,6.51700214766548,0.171862783142992
0.21,0.0389741566481553,27.7777777777778,0.8,0.0367228728342542,0.960251010874297,0.702635281344715,0.257615729529582,-6.51700214766548,0.192739552749405
0.22,0.0425494071020923,27.7777777777778,0.8,0.0401601825142369,1.02128666242441,0.780501780245527,0.240784882178886,4.970239178483,0.214099075350636
0.23,0.0462636621762222,27.7777777777778,0.8,0.0437305628146696,0.917882107562361,0.888062034281476,0.0298200732808842,-6.51700214766548,0.243603877923068
0.24,0.050112684664909,27.7777777777778,0.8,0.047430490201253,1.06574981153113,0.950587184885873,0.115162626645255,2.43366743422231,0.26298226952078
0.25,0.0540270257155139,27.7777777777778,0.8,0.0512563132923542,1.20509466167925,1.01682790709047,0.188266754588776,6.51700214766548,0.283762725563706
0.26,0.0579277531683118,27.7777777777778,0.8,0.0552042564624795,1.03357387833393,1.12726954174139,-0.0936956634074613,-6.51700214766548,0.318409502618515
0.27,0.0619452906489925,27.7777777777778,0.8,0.0592704235683609,1.17340458492135,1.19658982004097,-0.0231852351196196,5.7989139610429,0.340156049880459
0.28,0.0660765870730683,27.7777777777778,0.8,0.0634508017939793,1.2258475203054,1.28306729724578,-0.0572197769403817,3.30760812870524,0.367285002493736
0.29,0.070316874846166,27.7777777777778,0.8,0.0677412656107291,1.1791262855779,1.38662202933598,-0.20749574375808,-6.51700214766548,0.399771281124435
0.3,0.0745837841285444,27.7777777777778,0.8,0.0721375808488172,1.31688538139426,1.46661866530653,-0.14973328391227,-6.51700214766548,0.424867121297091
0.31,0.0788649027997769,27.7777777777778,0.8,0.0766354088758771,1.6134057345972,1.52779856829952,0.0856071662976807,4.53440389747079,0.444059941703386
0.32,0.0831935876578119,27.7777777777778,0.8,0.0812303108786756,1.70037496178723,1.62225770583257,0.0781172559546608,6.51700214766548,0.473692830506975
0.33,0.0874843806127602,27.7777777777778,0.8,0.085917752243685,1.5834294812794,1.72899608661629,-0.145566605336892,-6.51700214766548,0.512455270213512
0.34,0.0918559304504571,27.7777777777778,0.8,0.0906931070321998,1.87727447077477,1.78146925235775,0.0958052184170206,6.51700214766548,0.534125617180522
0.35,0.0963053392292265,27.7777777777778,0.8,0.0955516625455793,1.97366353087389,1.85884720090444,0.114816329969445,6.51700214766548,0.566081131373507
0.36,0.100801343296957,27.7777777777778,0.8,0.100488623976112,1.84434549630344,1.96158938439834,-0.1172438880949,-5.94013350377406,0.608511557154007
0.37,0.105131406946904,27.7777777777778,0.8,0.105499119138913,1.96485962841274,2.03611013358007,-0.0712505051673242,2.49953132855241,0.639287106297852
0.38,0.109521040003176,27.7777777777778,0.8,0.110578203280181,2.07511553732957,2.11482497144985,-0.0397094341202857,-6.51700214766548,0.67179472850793
0.39,0.113967943800147,27.7777777777778,0.8,0.115720863957074,2.28213413447803,2.18605147497073,0.0960826595073065,6.51700214766548,0.70120982139844
0.4,0.118460283319938,27.7777777777778,0.8,0.120922025984384,2.15031383770489,2.28400716479636,-0.133693327091462,-6.51700214766548,0.74638169114748
0.41,0.122974567407859,27.7777777777778,0.8,0.126176556443135,2.26673612683609,2.33055375459086,-0.0638176277547648,6.51700214766548,0.7809415955624
0.42,0.127522064836874,27.7777777777778,0.8,0.13147926974615,2.29283672961074,2.3838626552585,-0.0910259256477581,-6.51700214766548,0.820522379453812
0.43,0.132085076889465,27.7777777777778,0.8,0.136824932755605,2.47982638170002,2.42842905200995,0.0513973296900687,6.51700214766548,0.853612030460413
0.44,0.136681742746558,27.7777777777778,0.8,0.142208269947498,2.54628976584552,2.48158430097188,0.0647054648736374,-6.51700214766548,0.893078731058374
0.45,0.141308204162503,27.7777777777778,0.8,0.14762396861796,2.64487187058525,2.53367862865755,0.111193241927699,6.51700214766548,0.931757718999806
0.46,0.145941247511114,27.7777777777778,0.8,0.153066684126247,2.51567420012642,2.59964678367795,-0.0839725835515255,-6.51700214766548,0.98073774400269
0.47,0.15057988328501,27.7777777777778,0.8,0.15853104516926,2.68506551022948,2.62114583286754,0.0639196773619455,3.08613504559989,1.01703176226308
0.48,0.155235525411262,27.7777777777778,0.8,0.16401165908237,2.76752425554401,2.64518379815114,0.122340457392875,-3.11908313163877,1.05799161737084
0.49,0.159901556922172,27.7777777777778,0.8,0.169503117161328,2.80855113431145,2.67055953405633,0.137991600255129,-1.04994639851037,1.10123098699577
0.5,0.164576691264448,27.7777777777778,0.8,0.175,2.8943181778706,2.69506559371138,0.199252584159213,6.51700214766548,1.14298845859915
0.51,0.169252752679224,27.7777777777778,0.8,0.180496882838672,2.85380771558834,2.72302624335685,0.130781472231499,-2.47749934715179,1.19063243115193
0.52,0.173929030025522,27.7777777777778,0.8,0.18598834091763,2.92981468942366,2.74687373364792,0.182940955775737,6.51700214766548,1.23348056364227
0.53,0.178597549896659,27.7777777777778,0.8,0.19146895483074,2.9036344993796,2.76627568076505,0.137358818614553,-1.24394716501576,1.28112053050758
0.54,0.183256246645752,27.7777777777778,0.8,0.196933315873753,2.94315458485943,2.7846162681537,0.158538316705729,6.51700214766548,1.32615441139651
0.55,0.187905588004071,27.7777777777778,0.8,0.20237603138204,2.88564177819385,2.80476799776592,0.0808737804279298,-4.08044076893622,1.37563541065961
0.56,0.19254353592744,27.7777777777778,0.8,0.207791730052502,2.98405607653224,2.82229033775053,0.16176573878171,-0.566678959612605,1.41866014891037
0.57,0.197157450076463,27.7777777777778,0.8,0.213175067244395,3.05349095919318,2.84047880270232,0.21301215649086,2.41269421517894,1.46332050502842
0.58,0.201741616411872,27.7777777777778,0.8,0.21852073025385,3.06485935371966,2.85626729799263,0.208592055727034,6.51700214766548,1.51068067524228
0.59,0.206292626522309,27.7777777777778,0.8,0.223823443556865,2.99130582227281,2.87247490608151,0.118830916191303,2.4050249322505,1.56165682025868
0.6,0.210803693112837,27.7777777777778,0.8,0.229077974015616,3.01230817646368,2.88738614470059,0.124922031763096,-0.8599851086725,1.60855562593387
0.61,0.215273427385197,27.7777777777778,0.8,0.234279136042926,3.06244569319802,2.90194348534914,0.160502207848882,5.68279463310154,1.65434135223501
0.62,0.219693842736967,27.7777777777778,0.8,0.239421796719819,3.06239313485097,2.91719869300312,0.145194441847851,6.51862586066548,1.70232200881061
0.63,0.22406600179429,27.7777777777778,0.8,0.244500880861087,3.03552461077143,2.93283167257314,0.102692938198288,-0.0817664987068341,1.75138511901402
0.64,0.228379928315836,27.7777777777778,0.8,0.249511376023888,3.12312902512545,2.94691259249201,0.176216432633437,6.51700214766548,1.79553764426656
0.65,0.23262231678476,27.7777777777778,0.8,0.254448337454421,3.07431331125914,2.96281654719382,0.111496764065317,-4.4087354238904,1.84540652823388
0.66,0.236796440786434,27.7777777777778,0.8,0.2593068929678,3.14394429993302,2.9770493131149,0.166894986818123,6.1819796220966,1.89003518604635
0.67,0.240905689214367,27.7777777777778,0.8,0.264082247756315,3.13221626981726,2.99235220640514,0.139864063412127,2.64550459614196,1.9380193650863
0.68,0.24494038783069,27.7777777777778,0.8,0.268769689121324,3.11913318806365,3.00852945795943,0.110603730104226,3.72536306401832,1.9857553608366
0.69,0.248890855770959,27.7777777777778,0.8,0.273364591124123,3.10753218922457,3.0255187210922,0.0820134681323754,1.21848507904999,2.0330720928009
0.7,0.252756225786104,27.7777777777778,0.8,0.277862419151183,3.23000240339245,3.0403919804468,0.18961042294565,6.51700214766548,2.07449555071178
0.71,0.256531539662905,27.7777777777778,0.8,0.282258734389271,3.27456958097332,3.05639013153875,0.218179449434571,-3.42329416348228,2.11905194031068
0.72,0.260213352001101,27.7777777777778,0.8,0.286549198206021,3.32735344027656,3.07211896688811,0.255234473388446,6.51700214766548,2.16285825966192
0.73,0.263802124098182,27.7777777777778,0.8,0.290729576431639,3.26468502133948,3.08936402947201,0.175320991867473,0.460073778171912,2.21097234108485
0.74,0.267299419985097,27.7777777777778,0.8,0.294795743537521,3.29216058956691,3.10471480284648,0.187445786720427,5.8843751978088,2.2547238915978
0.75,0.270695031884737,27.7777777777778,0.8,0.298743686707646,3.27848446724001,3.12047481221576,0.158009655024251,4.17052400718923,2.299641813919
0.76,0.273980074321313,27.7777777777778,0.8,0.302569509798747,3.31140837435152,3.13533022471227,0.176078149639255,6.51700214766548,2.34198152634759
0.77,0.277154399525258,27.7777777777778,0.8,0.30626943718533,3.27623190917174,3.15094849617756,0.12528341299418,-2.83335743964351,2.38649547859412
0.78,0.280217580769417,27.7777777777778,0.8,0.309839817485763,3.37593865918653,3.16438094158107,0.211557717605467,6.51700214766548,2.42477956365276
0.79,0.283173866451404,27.7777777777778,0.8,0.313277127165746,3.40083100074103,3.17806903478657,0.222761965954467,1.70666119546443,2.46563164267536
0.8,0.286013127492412,27.7777777777778,0.8,0.316577974015616,3.46171333214193,3.18972963255738,0.271983699584544,6.51700214766548,2.5042791588018
0.81,0.288732206466835,27.7777777777778,0.8,0.319739100498048,3.44327315576487,3.20213896857003,0.241134187194839,5.09898111020336,2.54540826925509
0.82,0.291333125824303,27.7777777777778,0.8,0.322757386962853,3.40698436661957,3.21448469855028,0.192499668069291,5.68411976321721,2.58632656588811
0.83,0.293808813964119,27.7777777777778,0.8,0.32562985472569,3.37845895096091,3.22644426489829,0.152014686062616,0.91657798084996,2.62596497400274
0.84,0.296156382420835,27.7777777777778,0.8,0.328353669007676,3.40096805032308,3.23749515320727,0.163472897115805,6.51700214766548,2.66259168838969
0.85,0.29837523502033,27.7777777777778,0.8,0.330926141732964,3.40791250422206,3.24835916553194,0.159553338690127,2.84642400452697,2.69896056316757
0.86,0.300464235813735,27.7777777777778,0.8,0.333344734181553,3.43906512622483,3.25565502395525,0.183410102269579,6.51700214766548,2.73343865011514
0.87,0.302418264644369,27.7777777777778,0.8,0.335607059494697,3.43650751079081,3.26303514640648,0.17347236438433,2.76953177995587,2.76831494414302
0.88,0.304235393121689,27.7777777777778,0.8,0.337710885030444,3.466406441504,3.26992062605147,0.196485815452527,4.96066360639999,2.80085370135314
0.89,0.305913827959273,27.7777777777778,0.8,0.339654134566989,3.50544181501621,3.27651729807122,0.22892451694499,6.51700214766548,2.83202763843703
0.9,0.307455748315358,27.7777777777778,0.8,0.341434890351652,3.5130269965356,3.28316525271608,0.229861743819515,6.51862586066548,2.86344392216543
0.91,0.308856286183952,27.7777777777778,0.8,0.343051394993465,3.49081684846669,3.2898227873031,0.200994061163588,5.07553869571024,2.89490547789055
0.92,0.310113134878721,27.7777777777778,0.8,0.34450205319751,3.48997080680911,3.29604442673689,0.193926380072214,6.3195040269898,2.92430712097469
0.93,0.311225054041746,27.7777777777778,0.8,0.345785433339281,3.49565968240238,3.30138919623988,0.194270486162496,6.51700214766548,2.95227858541438
0.94,0.312190946343056,27.7777777777778,0.8,0.346900268877521,3.49983141276657,3.30540977703557,0.194421635731006,6.51700214766548,2.97913246052378
0.95,0.313009858563563,27.7777777777778,0.8,0.347845459604149,3.49333262199826,3.30931185447639,0.184020767521868,6.51700214766548,3.00519483946554
0.96,0.313680982535774,27.7777777777778,0.8,0.348620072730034,3.48089084070351,3.31306210691255,0.167828733790961,3.12117279158359,3.03024316349306
0.97,0.314203655941354,27.7777777777778,0.8,0.349223343805539,3.51916039779847,3.3163245878543,0.202835809944178,5.16808827534889,3.05203361124394
0.98,0.314577362964755,27.7777777777778,0.8,0.349654677474947,3.55017204493699,3.31945272118917,0.230719323747822,6.51700214766548,3.07292673742867
0.99,0.314801734802264,27.7777777777778,0.8,0.349913648064003,3.55523768494196,3.32254600335009,0.232691681591861,6.51700214766548,3.09358708901688
1,0.314876550025964,27.7777777777778,0.8,0.35,3.54291972173557,3.32554316422628,0.217376557509289,6.51862586066548,3.11360543659943
1.01,0.314876550025964,27.7777777777778,0.8,0.35,3.52259311736824,3.32844519275804,0.194147924610206,2.43320463944665,3.13298838541107
1.02,0.314876550025964,27.7777777777778,0.8,0.35,3.51086888287041,3.33121237887031,0.179656504000101,6.51700214766548,3.15147070775196
1.03,0.314876550025964,27.7777777777778,0.8,0.35,3.49594985818266,3.33390872570567,0.162041132476987,6.51700214766548,3.16947988723322
1.04,0.314876550025964,27.7777777777778,0.8,0.35,3.48397300120866,3.33649390714419,0.147479094064477,6.51700214766548,3.18674658152759
1.05,0.314876550025964,27.7777777777778,0.8,0.35,3.47061229021279,3.33870034628541,0.13191194392738,4.8437013504961,3.20342046537718
1.06,0.314876550025964,27.7777777777778,0.8,0.35,3.46411684562104,3.34075618755219,0.123360658068848,6.51862586066548,3.21916131239032
1.07,0.314876550025964,27.7777777777778,0.8,0.35,3.45492086712688,3.34273918248239,0.112181684644483,6.51700214766548,3.23434440085564
1.08,0.314876550025964,27.7777777777778,0.8,0.35,3.4459288079526,3.34463248953613,0.101296318416473,6.18808802422545,3.24884078107881
1.09,0.314876550025964,27.7777777777778,0.8,0.35,3.43516697688522,3.34644648882421,0.0887204880610062,6.31497063271392,3.26272992988473
1.1,0.314876550025964,27.7777777777778,0.8,0.35,3.42459047888935,3.34817117034259,0.0764193085467664,5.43880737384162,3.27593520422464
1.11,0.314876550025964,27.7777777777778,0.8,0.35,3.41648867843681,3.34979661288166,0.0666920655551531,6.27399842617174,3.28838064091742
1.12,0.314876550025964,27.7777777777778,0.8,0.35,3.40676919388303,3.35134376346441,0.0554254304186221,6.27552234409637,3.30022662388457
1.13,0.314876550025964,27.7777777777778,0.8,0.35,3.3973851464549,3.35280529094795,0.0445798555069477,6.27552512468871,3.31141702116652
1.14,0.314876550025964,27.7777777777778,0.8,0.35,3.38832028806082,3.35418362111242,0.0341366669484096,6.27552512976228,3.32197040610096
1.15,0.314876550025964,27.7777777777778,0.8,0.35,3.37955340833014,3.35548124063137,0.0240721676987712,6.27552512977153,3.3319058182649
1.16,0.314876550025964,27.7777777777778,0.8,0.35,3.37106505379023,3.35670079994353,0.014364253846693,6.27552512977155,3.34124355112709
1.17,0.314876550025964,27.7777777777778,0.8,0.35,3.36283719159082,3.3578451129484,0.00499207864242202,6.27552512977155,3.35000514971731
1.18,0.314876550025964,27.7777777777778,0.8,0.35,3.35485353585117,3.3589170029736,-0.00406346712242955,6.27552512977155,3.35821223125334
1.19,0.314876550025964,27.7777777777778,0.8,0.35,3.34709875721375,3.35991942188522,-0.0128206646714681,6.27552512977155,3.36588739712622
1.2,0.314876550025964,27.7777777777778,0.8,0.35,3.33955877254218,3.36085534344001,-0.0212965708978352,6.27552512977155,3.37305341633614
1.21,0.314876550025964,27.7777777777778,0.8,0.35,3.33222044530999,3.36172776791809,-0.0295073226080955,6.27552512977155,3.37973326096315
1.22,0.314876550025964,27.7777777777778,0.8,0.35,3.3250715041445,3.36253972309858,-0.0374682189540829,6.27552512977155,3.38595011363762
1.23,0.314876550025964,27.7777777777778,0.8,0.35,3.31810081086181,3.36329413864927,-0.0451933277874597,6.27552512977155,3.39172640578607
1.24,0.314876550025964,27.7777777777778,0.8,0.35,3.31129772537005,3.36399398607206,-0.0526962607020161,6.27552512977155,3.39708488914408
1.25,0.314876550025964,27.7777777777778,0.8,0.35,3.30465244336831,3.36464216135496,-0.0599897179866535,6.27552512977155,3.40204773726404
1.26,0.314876550025964,27.7777777777778,0.8,0.35,3.29815576751819,3.36524151909265,-0.0670857515744583,6.27552512977155,3.40663680676448
1.27,0.314876550025964,27.7777777777778,0.8,0.35,3.29179918393604,3.36579483075553,-0.0739956468194922,6.27552512977155,3.41087331781068
1.28,0.314876550025964,27.7777777777778,0.8,0.35,3.28557475251247,3.36630479334512,-0.0807300408326479,6.27552512977155,3.41477792038623
1.29,0.314876550025964,27.7777777777778,0.8,0.35,3.28000513318059,3.36677185973891,-0.0867667265583218,6.51700214766548,3.41835408201328
1.3,0.314876550025964,27.7777777777778,0.8,0.35,3.27386052191711,3.36720430511097,-0.0933437831938653,6.2684529910313,3.42166516276314
1.31,0.314876550025964,27.7777777777778,0.8,0.35,3.2701953241495,3.36758905901493,-0.0973937348654301,6.51700214766548,3.42461108686624
1.32,0.314876550025964,27.7777777777778,0.8,0.35,3.26624551142246,3.36794291376141,-0.10169740233895,6.51700214766548,3.42732042708579
1.33,0.314876550025964,27.7777777777778,0.8,0.35,3.26220012643044,3.36826671633815,-0.106066589907708,6.33190935049496,3.4297996685065
1.34,0.314876550025964,27.7777777777778,0.8,0.35,3.25791173549167,3.36856315155855,-0.110651416066881,5.6749709299065,3.43206936779164
1.35,0.314876550025964,27.7777777777778,0.8,0.35,3.25705906031845,3.36879679523495,-0.111737734916498,6.51700214766548,3.43400655593972
1.36,0.314876550025964,27.7777777777778,0.8,0.35,3.25690136190893,3.368956254253,-0.112054892344071,5.77084421078304,3.4357326913642
1.37,0.314876550025964,27.7777777777778,0.8,0.35,3.25457664438609,3.36910770397013,-0.114531059584043,5.02291139979801,3.43737212653045
1.38,0.314876550025964,27.7777777777778,0.8,0.35,3.25408173167445,3.36923774375578,-0.115156012081329,6.25622838001299,3.43877980032241
1.39,0.314876550025964,27.7777777777778,0.8,0.35,3.25203608719485,3.36935964579965,-0.117323558604797,6.4710754630368,3.44009938349064
1.4,0.314876550025964,27.7777777777778,0.8,0.35,3.2513254371886,3.36946397584368,-0.118138538655079,5.73871235103687,3.44122875069135
1.41,0.314876550025964,27.7777777777778,0.8,0.35,3.2508377478641,3.36955596080283,-0.118718212938733,5.51923394563865,3.44222448300206
1.42,0.314876550025964,27.7777777777778,0.8,0.35,3.25050905650352,3.36963664363107,-0.119127587127548,6.51700214766548,3.44309787034429
1.43,0.314876550025964,27.7777777777778,0.8,0.35,3.25308359184961,3.36969725154898,-0.116613659699363,6.27936263057331,3.44375394784545
1.44,0.314876550025964,27.7777777777778,0.8,0.35,3.25252155477684,3.36976015226911,-0.117238597492269,5.76589865971791,3.44443484480929
1.45,0.314876550025964,27.7777777777778,0.8,0.35,3.25535544533246,3.36980280411212,-0.114447358779661,4.13100135163164,3.44489654875076
1.46,0.314876550025964,27.7777777777778,0.8,0.35,3.25604319791829,3.36984584845096,-0.113802650532663,4.89217159488225,3.44536250143878
1.47,0.314876550025964,27.7777777777778,0.8,0.35,3.25722549761687,3.36988013087907,-0.112654633262198,4.73773714188469,3.44573360690734
1.48,0.314876550025964,27.7777777777778,0.8,0.35,3.25661497777258,3.36991429037677,-0.113299312604195,3.16661613337186,3.44610338166066
1.49,0.314876550025964,27.7777777777778,0.8,0.35,3.26344762940225,3.36991647578367,-0.106468846381415,6.51700214766548,3.44612703857455
1.5,0.314876550025964,27.7777777777778,0.8,0.35,3.26208883758536,3.36994285088552,-0.107854013300166,3.51757648695164,3.44641254765512
1.51,0.314876550025964,27.7777777777778,0.8,0.35,3.26633760256249,3.36994433604047,-0.103606733477984,6.51700214766548,3.44642862437878
1.52,0.314876550025964,27.7777777777778,0.8,0.35,3.26633166926834,3.36995670174281,-0.103625032474476,5.60546949728129,3.44656248245167
1.53,0.314876550025964,27.7777777777778,0.8,0.35,3.26679488714071,3.36996322568757,-0.103168338546858,3.43085517038901,3.44663310380811
1.54,0.314876550025964,27.7777777777778,0.8,0.35,3.27161643798309,3.3699508232022,-0.0983343852191156,6.51700214766548,3.4464988475609
1.55,0.314876550025964,27.7777777777778,0.8,0.35,3.27199846307746,3.36995132711918,-0.0979528640417215,5.4034076401465,3.44650430243549
1.56,0.314876550025964,27.7777777777778,0.8,0.35,3.27308134780021,3.36994622307137,-0.0968648752711641,5.3959583408508,3.44644905138835
1.57,0.314876550025964,27.7777777777778,0.8,0.35,3.27417513218747,3.36993845276908,-0.0957633205816095,5.39594474860662,3.44636493827759
1.58,0.314876550025964,27.7777777777778,0.8,0.35,3.27544075689111,3.36992779207053,-0.0944870351794149,5.43498510155174,3.44624953678042
1.59,0.314876550025964,27.7777777777778,0.8,0.35,3.2765805632765,3.36991562978614,-0.0933350665096344,3.48288913843548,3.44611788069609
1.6,0.314876550025964,27.7777777777778,0.8,0.35,3.28143206828606,3.36988888629545,-0.0884568180093956,5.61165233903094,3.44582838382591
1.61,0.314876550025964,27.7777777777778,0.8,0.35,3.28222063837843,3.36987516604317,-0.0876545276647307,5.35684268207792,3.44567986282161
1.62,0.314876550025964,27.7777777777778,0.8,0.35,3.28459833936448,3.36985444124478,-0.0852561018802969,5.52790838194096,3.44545551797679
1.63,0.314876550025964,27.7777777777778,0.8,0.35,3.28553180001313,3.36983774349639,-0.0843059434832671,5.34786817810896,3.44527476573492
1.64,0.314876550025964,27.7777777777778,0.8,0.35,3.28687109209072,3.36981857075023,-0.0829474786595128,5.34753967064589,3.44506722177326
1.65,0.314876550025964,27.7777777777778,0.8,0.35,3.28819949769598,3.36979862587996,-0.0815991281839796,5.34753907124003,3.44485131960889
1.66,0.314876550025964,27.7777777777778,0.8,0.35,3.28970612443003,3.3697774148876,-0.0800712904575773,5.37391363170174,3.44462171174014
1.67,0.314876550025964,27.7777777777778,0.8,0.35,3.29126852145229,3.3697555136266,-0.0784869921743159,5.53321102820441,3.44438463174985
1.68,0.314876550025964,27.7777777777778,0.8,0.35,3.2924375872893,3.36973464027302,-0.0772970529837189,5.34275375284969,3.44415867880285
1.69,0.314876550025964,27.7777777777778,0.8,0.35,3.2937517259411,3.36971295628436,-0.0759612303432675,5.34240623804457,3.44392395077419
1.7,0.314876550025964,27.7777777777778,0.8,0.35,3.29505442955187,3.36969114420134,-0.0746367146494644,5.34240560395727,3.44368783613075
1.71,0.314876550025964,27.7777777777778,0.8,0.35,3.29645755649912,3.36966892499177,-0.0732113684926521,5.34259699512397,3.44344731436405
1.72,0.314876550025964,27.7777777777778,0.8,0.35,3.29774313508617,3.36964711428563,-0.0719039791994667,5.34059218064319,3.44321121462532
1.73,0.314876550025964,27.7777777777778,0.8,0.35,3.29902133143647,3.36962540499736,-0.0706040735608879,5.34058852259068,3.44297621272965
1.74,0.314876550025964,27.7777777777778,0.8,0.35,3.30028738160124,3.36960387709725,-0.0693164954960137,5.34058851591608,3.4427431743512
1.75,0.314876550025964,27.7777777777778,0.8,0.35,3.30154135023277,3.36958258483004,-0.0680412345972714,5.3405885159039,3.44251268668643
1.76,0.314876550025964,27.7777777777778,0.8,0.35,3.30278332345232,3.36956157482294,-0.0667782513706254,5.34058851590388,3.44228525447241
1.77,0.314876550025964,27.7777777777778,0.8,0.35,3.30401339346758,3.36954088686909,-0.0655274934015164,5.34058851590388,3.44206130846773
1.78,0.314876550025964,27.7777777777778,0.8,0.35,3.30523165944876,3.36952055450379,-0.0642888950550309,5.34058851590388,3.44184121169024
1.79,0.314876550025964,27.7777777777778,0.8,0.35,3.30643822994701,3.36950060544913,-0.0630623755021178,5.34058851590388,3.44162526423017
1.8,0.314876550025964,27.7777777777778,0.8,0.35,3.30763322236439,3.36948106209172,-0.0618478397273279,5.34058851590388,3.44141370842137
1.81,0.314876550025964,27.7777777777778,0.8,0.35,3.30881674902711,3.36946194245449,-0.0606451934273768,5.34058851590388,3.44120673936101
1.82,0.314876550025964,27.7777777777778,0.8,0.35,3.30998893411009,3.3694432600296,-0.0594543259195124,5.34058851590388,3.44100450310119
1.83,0.314876550025964,27.7777777777778,0.8,0.35,3.31114990189439,3.3694250245998,-0.0582751227054072,5.34058851590388,3.44080710553939
1.84,0.314876550025964,27.7777777777778,0.8,0.35,3.31229978205083,3.36940724240922,-0.0571074603583894,5.34058851590388,3.44061461426819
1.85,0.314876550025964,27.7777777777778,0.8,0.35,3.31343870044825,3.36938991688757,-0.0559512164393152,5.34058851590388,3.44042706641401
1.86,0.314876550025964,27.7777777777778,0.8,0.35,3.31456679077918,3.36937304849223,-0.0548062577130501,5.34058851590388,3.44024446692797
1.87,0.314876550025964,27.7777777777778,0.8,0.35,3.3156841845083,3.36935663542336,-0.053672450915061,5.34058851590388,3.44006679632674
1.88,0.314876550025964,27.7777777777778,0.8,0.35,3.31679101687693,3.36934067364919,-0.0525496567722645,5.34058851590388,3.43989401096682
1.89,0.314876550025964,27.7777777777778,0.8,0.35,3.31788741180016,3.36932515780533,-0.0514377460051634,5.34058851590388,3.43972605277881
1.9,0.314876550025964,27.7777777777778,0.8,0.35,3.31897350737192,3.36931008034164,-0.0503365729697181,5.34058851590388,3.43956284003298
1.91,0.314876550025964,27.7777777777778,0.8,0.35,3.32004943141234,3.36929543278002,-0.0492460013676785,5.34058851590388,3.4394042809543
1.92,0.314876550025964,27.7777777777778,0.8,0.35,3.32111531314616,3.36928120541348,-0.0481658922673214,5.34058851590388,3.43925027046502
1.93,0.314876550025964,27.7777777777778,0.8,0.35,3.32217128131936,3.36926738756846,-0.0470961062491009,5.34058851590388,3.43910069302459
1.94,0.314876550025964,27.7777777777778,0.8,0.35,3.32321745998241,3.36925396794047,-0.0460365079580609,5.34058851590388,3.43895542626242
1.95,0.314876550025964,27.7777777777778,0.8,0.35,3.32425397789383,3.36924093436391,-0.0449869564700802,5.34058851590388,3.43881433848641
1.96,0.314876550025964,27.7777777777778,0.8,0.35,3.32528095373067,3.36922827453958,-0.0439473208089058,5.34058851590388,3.4386772965586
1.97,0.314876550025964,27.7777777777778,0.8,0.35,3.32629850858298,3.36921597565458,-0.0429174670715979,5.34058851590388,3.43854416177987
1.98,0.314876550025964,27.7777777777778,0.8,0.35,3.32730676351365,3.36920402460003,-0.0418972610863815,5.34058851590388,3.43841479224742
1.99,0.314876550025964,27.7777777777778,0.8,0.35,3.3283058334797,3.36919240829496,-0.0408865748152589,5.34058851590388,3.43828904636032
2,0.314876550025964,27.7777777777778,0.8,0.35,3.32929583602387,3.36918111345532,-0.0398852774314524,5.34058851590388,3.43816678031943
2.01,0.314876550025964,27.7777777777778,0.8,0.35,3.33027688017022,3.36917012706647,-0.0388932468962584,5.34058851590388,3.4380478532421
2.02,0.314876550025964,27.7777777777778,0.8,0.35,3.33124907567427,3.36915943611997,-0.0379103604457023,5.34058851590388,3.43793212431249
2.03,0.314876550025964,27.7777777777778,0.8,0.35,3.33221253090891,3.36914902775481,-0.0369364968458923,5.34058851590388,3.43781945431083
2.04,0.314876550025964,27.7777777777778,0.8,0.35,3.33316735048835,3.36913888938567,-0.0359715388973219,5.34058851590388,3.43770970700192
2.05,0.314876550025964,27.7777777777778,0.8,0.35,3.33411363867369,3.36912900864037,-0.0350153699666729,5.34058851590388,3.43760274845737
2.06,0.314876550025964,27.7777777777778,0.8,0.35,3.3350514967563,3.36911937348133,-0.0340678767250293,5.34058851590388,3.43749844837116
2.07,0.314876550025964,27.7777777777778,0.8,0.35,3.33598101965495,3.36910997232525,-0.0331289526702991,5.34058851590388,3.43739668135446
2.08,0.314876550025964,27.7777777777778,0.8,0.35,3.33690230830599,3.36910079372547,-0.0321984854194834,5.34058851590388,3.43729732349806
2.09,0.314876550025964,27.7777777777778,0.8,0.35,3.33781545141786,3.36909182689133,-0.031276375473472,5.34058851590388,3.43720025799339
2.1,0.314876550025964,27.7777777777778,0.8,0.35,3.33872054549244,3.36908306117281,-0.0303625156803653,5.34058851590388,3.43710536955469
2.11,0.314876550025964,27.7777777777778,0.8,0.35,3.33961767764528,3.36907448651794,-0.0294568088726561,5.34058851590388,3.43701254936992
2.12,0.314876550025964,27.7777777777778,0.8,0.35,3.34050693512241,3.36906609323519,-0.0285591581127846,5.34058851590388,3.43692169252874
2.13,0.314876550025964,27.7777777777778,0.8,0.35,3.34138840691984,3.36905787197489,-0.0276694650550482,5.34058851590388,3.43683269782138
2.14,0.314876550025964,27.7777777777778,0.8,0.35,3.34226217496877,3.36904981392697,-0.0267876389582087,5.34058851590388,3.43674546987952
2.15,0.314876550025964,27.7777777777778,0.8,0.35,3.34312832123326,3.36904191065946,-0.025913589426199,5.34058851590388,3.43665991742732
2.16,0.314876550025964,27.7777777777778,0.8,0.35,3.34398692477422,3.36903415417874,-0.0250472294045179,5.34058851590388,3.43657595393431
2.17,0.314876550025964,27.7777777777778,0.8,0.35,3.34483806413711,3.36902653687777,-0.0241884727406534,5.34058851590388,3.43649349705473
2.18,0.314876550025964,27.7777777777778,0.8,0.35,3.34568181923676,3.36901905150217,-0.023337232265408,5.34058851590388,3.43641246826035
2.19,0.314876550025964,27.7777777777778,0.8,0.35,3.34651826335241,3.36901169128446,-0.0224934279320426,5.34058851590388,3.43633279429347
2.2,0.314876550025964,27.7777777777778,0.8,0.35,3.34734746967514,3.36900444981353,-0.021656980138387,5.34058851590388,3.43625440575427
2.21,0.314876550025964,27.7777777777778,0.8,0.35,3.34816951209378,3.36899732101779,-0.0208278089240106,5.34058851590388,3.43617723691794
2.22,0.314876550025964,27.7777777777778,0.8,0.35,3.34898445894931,3.3689902992512,-0.0200058403018968,5.34058851590388,3.43610122666656
2.23,0.314876550025964,27.7777777777778,0.8,0.35,3.34979238144705,3.36898337915187,-0.0191909977048179,5.34058851590388,3.43602631695781
2.24,0.314876550025964,27.7777777777778,0.8,0.35,3.35059334752762,3.36897655572377,-0.0183832081961475,5.34058851590388,3.43595245371004
2.25,0.314876550025964,27.7777777777778,0.8,0.35,3.35138742235891,3.36896982431193,-0.0175824019530229,5.34058851590388,3.43587958653344
2.26,0.314876550025964,27.7777777777778,0.8,0.35,3.3521746725781,3.36896318053316,-0.0167885079550598,5.34058851590388,3.43580766798011
2.27,0.314876550025964,27.7777777777778,0.8,0.35,3.35295516258482,3.3689566203134,-0.0160014577285792,5.34058851590388,3.43573665394867
2.28,0.314876550025964,27.7777777777778,0.8,0.35,3.35372895510386,3.36895013986524,-0.0152211847613728,5.34058851590388,3.43566650344056
2.29,0.314876550025964,27.7777777777778,0.8,0.35,3.35449611338772,3.36894373564889,-0.0144476222611716,5.34058851590388,3.43559717813778
2.3,0.314876550025964,27.7777777777778,0.8,0.35,3.35525669804175,3.36893740439608,-0.0136807063543287,5.34058851590388,3.43552864266149
2.31,0.314876550025964,27.7777777777778,0.8,0.35,3.35601077043748,3.36893114305833,-0.0129203726208553,5.34058851590388,3.43546086401199
2.32,0.314876550025964,27.7777777777778,0.8,0.35,3.35675838765693,3.36892494884792,-0.0121665611909965,5.34058851590388,3.43539381201242
2.33,0.314876550025964,27.7777777777778,0.8,0.35,3.35749960801699,3.36891881916598,-0.0114192111489819,5.34058851590388,3.43532745853
2.34,0.314876550025964,27.7777777777778,0.8,0.35,3.35823449060182,3.36891275159787,-0.0106782609960532,5.34058851590388,3.43526177742665
2.35,0.314876550025964,27.7777777777778,0.8,0.35,3.35896309315288,3.3689067439229,-0.00994365077001858,5.34058851590388,3.43519674466324
2.36,0.314876550025964,27.7777777777778,0.8,0.35,3.35968546891084,3.36890079413038,-0.00921532521953772,5.34058851590388,3.43513233847436
2.37,0.314876550025964,27.7777777777778,0.8,0.35,3.36040167304066,3.36889490034747,-0.00849322730680679,5.34058851590388,3.43506853858652
2.38,0.314876550025964,27.7777777777778,0.8,0.35,3.36111176288242,3.36888906082916,-0.00777729794674453,5.34058851590388,3.43500532611016
2.39,0.314876550025964,27.7777777777778,0.8,0.35,3.36181578869764,3.36888327402927,-0.00706748533163415,5.34058851590388,3.43494268430788
2.4,0.314876550025964,27.7777777777778,0.8,0.35,3.36251380552659,3.36887753848588,-0.00636373295928472,5.34058851590388,3.43488059735442
2.41,0.314876550025964,27.7777777777778,0.8,0.35,3.36320586614641,3.36887185287413,-0.00566598672772578,5.34058851590388,3.43481905090843
2.42,0.314876550025964,27.7777777777778,0.8,0.35,3.3638920217418,3.36886621599057,-0.0049741942487751,5.34058851590388,3.43475803194242
2.43,0.314876550025964,27.7777777777778,0.8,0.35,3.36457232258193,3.36886062673852,-0.00428830415658465,5.34058851590388,3.43469752858498
2.44,0.314876550025964,27.7777777777778,0.8,0.35,3.36524681911183,3.3688550841113,-0.00360826499946976,5.34058851590388,3.43463752993891
2.45,0.314876550025964,27.7777777777778,0.8,0.35,3.36591556191462,3.36884958718523,-0.00293402527060893,5.34058851590388,3.43457802600538
2.46,0.314876550025964,27.7777777777778,0.8,0.35,3.36657860038735,3.36884413512298,-0.00226553473563174,5.34058851590388,3.4345190077203
2.47,0.314876550025964,27.7777777777778,0.8,0.35,3.36723598348382,3.36883872716074,-0.00160274367692459,5.34058851590388,3.43446046681549
2.48,0.314876550025964,27.7777777777778,0.8,0.35,3.36788776061484,3.36883336259493,-0.000945601980095301,5.34058851590388,3.43440239567477
2.49,0.314876550025964,27.7777777777778,0.8,0.35,3.36853397643352,3.36882804081631,-0.000294064382782455,5.34058851590388,3.434344787703
2.5,0.314876550025964,27.7777777777778,0.8,0.35,3.36917468158343,3.36882276122164,0.000351920361784774,5.34058851590388,3.43428763637041
2.51,0.314876550025964,27.7777777777778,0.8,0.35,3.36980992176765,3.36881752329261,0.000992398475036183,5.34058851590388,3.4342309360661
2.52,0.314876550025964,27.7777777777778,0.8,0.35,3.37043974442706,3.36881232653965,0.00162741788741272,5.34058851590388,3.43417468149047
2.53,0.314876550025964,27.7777777777778,0.8,0.35,3.37106419649282,3.36880717051461,0.00225702597820865,5.34058851590388,3.43411886779254
2.54,0.314876550025964,27.7777777777778,0.8,0.35,3.37168332100931,3.3688020548321,0.0028812661772144,5.34058851590388,3.43406349080033
2.55,0.314876550025964,27.7777777777778,0.8,0.35,3.37229716490812,3.36879697910671,0.00350018580141453,5.34058851590388,3.43400854634183
2.56,0.314876550025964,27.7777777777778,0.8,0.35,3.37290577225804,3.36879194300054,0.0041138292574967,5.34058851590388,3.43395403075932
2.57,0.314876550025964,27.7777777777778,0.8,0.35,3.37350918750937,3.36878694619537,0.00472224131399734,5.34058851590388,3.433899940608
2.58,0.314876550025964,27.7777777777778,0.8,0.35,3.37410745639615,3.36878198838273,0.00532546801341827,5.34058851590388,3.43384627254877
2.59,0.314876550025964,27.7777777777778,0.8,0.35,3.37470062126083,3.36877706929656,0.00592355196427219,5.34058851590388,3.43379302370152
2.6,0.314876550025964,27.7777777777778,0.8,0.35,3.37528872454815,3.36877218868423,0.00651653586391676,5.34058851590388,3.43374019133156
2.61,0.314876550025964,27.7777777777778,0.8,0.35,3.37587181086435,3.36876734628853,0.00710446457581204,5.34058851590388,3.43368777265461
2.62,0.314876550025964,27.7777777777778,0.8,0.35,3.37644992153401,3.36876254188697,0.00768737964703448,5.34058851590388,3.43363576526217
2.63,0.314876550025964,27.7777777777778,0.8,0.35,3.37702309789429,3.36875777526487,0.00826532262942115,5.34058851590388,3.43358416683038
2.64,0.314876550025964,27.7777777777778,0.8,0.35,3.3775913838084,3.36875304619429,0.0088383376141139,5.34058851590388,3.43353297489184
2.65,0.314876550025964,27.7777777777778,0.8,0.35,3.37815482154906,3.36874767354494,0.00940714800412001,5.34058851590388,3.43348218715923
2.66,0.314876550025964,27.7777777777778,0.8,0.35,3.37871345020045,3.36874109291954,0.00997235728090873,5.34058851590388,3.43343180164583
2.67,0.314876550025964,27.7777777777778,0.8,0.35,3.37926730934156,3.36873456456426,0.0105327447772945,5.34058851590388,3.43338181634621
2.68,0.314876550025964,27.7777777777778,0.8,0.35,3.37981644183839,3.36872808818229,0.0110883536560968,5.34058851590388,3.43333222898774
2.69,0.314876550025964,27.7777777777778,0.8,0.35,3.38036088662153,3.36872166351976,0.0116392231017701,5.34058851590388,3.43328303762669
2.7,0.314876550025964,27.7777777777778,0.8,0.35,3.38090068386765,3.36871529030773,0.012185393559919,5.34058851590388,3.43323424020391
2.71,0.314876550025964,27.7777777777778,0.8,0.35,3.38143587337585,3.36870896827895,0.0127269050969021,5.34058851590388,3.43318583467304
2.72,0.314876550025964,27.7777777777778,0.8,0.35,3.38196649358157,3.36870269717795,0.0132637964036268,5.34058851590388,3.43313781907812
2.73,0.314876550025964,27.7777777777778,0.8,0.35,3.38249258360183,3.36869647673758,0.0137961068642496,5.34058851590388,3.43309019137369
2.74,0.314876550025964,27.7777777777778,0.8,0.35,3.38301418268524,3.36869030668435,0.0143238760008964,5.34058851590388,3.4330429494657
2.75,0.314876550025964,27.7777777777778,0.8,0.35,3.38353132748239,3.3686841867686,0.0148471407137882,5.34058851590388,3.43299609144267
2.76,0.314876550025964,27.7777777777778,0.8,0.35,3.38404405739308,3.36867811670399,0.0153659406890894,5.34058851590388,3.43294961511206
2.77,0.314876550025964,27.7777777777778,0.8,0.35,3.38455240848697,3.36867209623557,0.0158803122513991,5.34058851590388,3.43290351852185
2.78,0.314876550025964,27.7777777777778,0.8,0.35,3.38505641909206,3.36866612507642,0.016390294015642,5.34058851590388,3.43285779947526
2.79,0.314876550025964,27.7777777777778,0.8,0.35,3.38555612576857,3.36866020295301,0.0168959228155594,5.34058851590388,3.43281245587794
2.8,0.314876550025964,27.7777777777778,0.8,0.35,3.38605156444674,3.36865432959227,0.0173972348544731,5.34058851590388,3.43276748563905
2.81,0.314876550025964,27.7777777777778,0.8,0.35,3.38654277216696,3.36864850470157,0.0178942674653917,5.34058851590388,3.43272288651804
2.82,0.314876550025964,27.7777777777778,0.8,0.35,3.38702978598904,3.36864272798105,0.0183870580079879,5.34058851590388,3.43267865621907
2.83,0.314876550025964,27.7777777777778,0.8,0.35,3.38751263992874,3.36863699915894,0.0188756407697945,5.34058851590388,3.43263479266119
2.84,0.314876550025964,27.7777777777778,0.8,0.35,3.38799137040199,3.36863131792905,0.0193600524729374,5.34058851590388,3.43259129350005
2.85,0.314876550025964,27.7777777777778,0.8,0.35,3.38846601160942,3.36862568400397,0.0198403276054502,5.34058851590388,3.43254815653503
2.86,0.314876550025964,27.7777777777778,0.8,0.35,3.38893659972174,3.36862009706685,0.020316502654885,5.34058851590388,3.43250537934018
2.87,0.314876550025964,27.7777777777778,0.8,0.35,3.38940316762793,3.36861455683238,0.0207886107955453,5.34058851590388,3.43246295973094
2.88,0.314876550025964,27.7777777777778,0.8,0.35,3.38986575195059,3.36860906296553,0.0212566889850576,5.34058851590388,3.43242089514211
2.89,0.314876550025964,27.7777777777778,0.8,0.35,3.39032438465535,3.36860361517926,0.0217207694760879,5.34058851590388,3.43237918337594
2.9,0.314876550025964,27.7777777777778,0.8,0.35,3.39077910048784,3.36859821314822,0.0221808873396205,5.34058851590388,3.43233782194128
2.91,0.314876550025964,27.7777777777778,0.8,0.35,3.39122993217887,3.36859285656478,0.0226370756140932,5.34058851590388,3.43229680848278
2.92,0.314876550025964,27.7777777777778,0.8,0.35,3.39167691449946,3.36858754509189,0.0230893694075673,5.34058851590388,3.43225614041981
2.93,0.314876550025964,27.7777777777778,0.8,0.35,3.3921200787273,3.36858227842811,0.0235378002991968,5.34058851590388,3.43221581544419
2.94,0.314876550025964,27.7777777777778,0.8,0.35,3.39255945649864,3.36857705626273,0.0239824002359059,5.34058851590388,3.43217583117714
2.95,0.314876550025964,27.7777777777778,0.8,0.35,3.39299508174588,3.36857187825324,0.024423203492649,5.34058851590388,3.43213618499597
2.96,0.314876550025964,27.7777777777778,0.8,0.35,3.39342698652133,3.36856674407451,0.0248602424468154,5.34058851590388,3.43209687441147
2.97,0.314876550025964,27.7777777777778,0.8,0.35,3.39385520196022,3.36856165340785,0.0252935485523711,5.34058851590388,3.43205789698342
2.98,0.314876550025964,27.7777777777778,0.8,0.35,3.39427976022095,3.36855660591833,0.025723154302622,5.34058851590388,3.43201925014739
2.99,0.314876550025964,27.7777777777778,0.8,0.35,3.39470069223021,3.36855160128158,0.0261490909486257,5.34058851590388,3.43198093141981
3,0.314876550025964,27.7777777777778,0.8,0.35,3.39511802836647,3.36854663917601,0.0265713891904604,5.34058851590388,3.43194293833836
3.01,0.314876550025964,27.7777777777778,0.8,0.35,3.39553180026717,3.36854171926161,0.026990081005561,5.34058851590388,3.43190526829975
3.02,0.314876550025964,27.7777777777778,0.8,0.35,3.39594203810482,3.3685368412124,0.0274051968924161,5.34058851590388,3.4318679188081
3.03,0.314876550025964,27.7777777777778,0.8,0.35,3.39634877295729,3.3685320046886,0.0278167682686936,5.34058851590388,3.43183088726168
3.04,0.314876550025964,27.7777777777778,0.8,0.35,3.39675203332262,3.36852720937805,0.0282248239445693,5.34058851590388,3.43179417127057
3.05,0.314876550025964,27.7777777777778,0.8,0.35,3.39715184969649,3.36852245494227,0.0286293947542204,5.34058851590388,3.43175776824303
3.06,0.314876550025964,27.7777777777778,0.8,0.35,3.39754825048228,3.36851774106505,0.0290305094172347,5.34058851590388,3.43172167575794
3.07,0.314876550025964,27.7777777777778,0.8,0.35,3.39794126680479,3.36851306739552,0.0294281994092667,5.34058851590388,3.43168589112897
3.08,0.314876550025964,27.7777777777778,0.8,0.35,3.39833092562191,3.36850843363015,0.0298224919917613,5.34058851590388,3.4316504120319
3.09,0.314876550025964,27.7777777777778,0.8,0.35,3.39871725652369,3.3685038394321,0.0302134170915935,5.34058851590388,3.43161523588782
3.1,0.314876550025964,27.7777777777778,0.8,0.35,3.39910028795394,3.36849928447632,0.0306010034776212,5.34058851590388,3.43158036020783
3.11,0.314876550025964,27.7777777777778,0.8,0.35,3.39948004839509,3.36849476843556,0.0309852799595265,5.34058851590388,3.43154578248639
3.12,0.314876550025964,27.7777777777778,0.8,0.35,3.39985656606951,3.36849029098412,0.0313662750853938,5.34058851590388,3.43151150022964
3.13,0.314876550025964,27.7777777777778,0.8,0.35,3.40022986764182,3.36848585181336,0.0317440158284623,5.34058851590388,3.4314775110745
3.14,0.314876550025964,27.7777777777778,0.8,0.35,3.40059998115079,3.368481450597,0.0321185305537859,5.34058851590388,3.43144381252269
3.15,0.314876550025964,27.7777777777778,0.8,0.35,3.40096693330338,3.36847708702339,0.0324898462799887,5.34058851590388,3.43141040218808
3.16,0.314876550025964,27.7777777777778,0.8,0.35,3.40133075170792,3.36847276076908,0.0328579909388398,5.34058851590388,3.43137727759409
3.17,0.314876550025964,27.7777777777778,0.8,0.35,3.40169146313803,3.36846847151955,0.0332229916184752,5.34058851590388,3.43134443633261
3.18,0.314876550025964,27.7777777777778,0.8,0.35,3.40204909492807,3.36846421895274,0.0335848759753303,5.34058851590388,3.43131187593765
3.19,0.314876550025964,27.7777777777778,0.8,0.35,3.40240367238027,3.36846000276995,0.0339436696103252,5.34058851590388,3.43127959412224
3.2,0.314876550025964,27.7777777777778,0.8,0.35,3.40275522185075,3.36845582265923,0.034299399191517,5.34058851590388,3.43124758849791
3.21,0.314876550025964,27.7777777777778,0.8,0.35,3.40310376927519,3.36845167831301,0.0346520909621724,5.34058851590388,3.43121585670964
3.22,0.314876550025964,27.7777777777778,0.8,0.35,3.40344933981279,3.36844756943238,0.0350017703804029,5.34058851590388,3.4311843964688
3.23,0.314876550025964,27.7777777777778,0.8,0.35,3.40379195940961,3.36844349570857,0.0353484637010339,5.34058851590388,3.43115320541126
3.24,0.314876550025964,27.7777777777778,0.8,0.35,3.40413165328225,3.36843945684107,0.0356921964411852,5.34058851590388,3.43112228123604
3.25,0.314876550025964,27.7777777777778,0.8,0.35,3.40446844740694,3.36843545251991,0.036032994887027,5.34058851590388,3.43109162156999
3.26,0.314876550025964,27.7777777777778,0.8,0.35,3.4048023649229,3.36843148246861,0.0363708824542908,5.34058851590388,3.43106122429601
3.27,0.314876550025964,27.7777777777778,0.8,0.35,3.40513343135658,3.36842754638195,0.0367058849746287,5.34058851590388,3.4310310870773
3.28,0.314876550025964,27.7777777777778,0.8,0.35,3.40546167111505,3.36842364396783,0.0370380271472186,5.34058851590388,3.43100120767726
3.29,0.314876550025964,27.7777777777778,0.8,0.35,3.40578710786546,3.36841977494275,0.0373673329227158,5.34058851590388,3.43097158392523
3.3,0.314876550025964,27.7777777777778,0.8,0.35,3.40610976534004,3.36841593902226,0.03769382631778,5.34058851590388,3.43094221364336
3.31,0.314876550025964,27.7777777777778,0.8,0.35,3.40642966799997,3.36841213591314,0.0380175320868315,5.34058851590388,3.43091309458639
3.32,0.314876550025964,27.7777777777778,0.8,0.35,3.40674683895484,3.36840836533811,0.0383384736167294,5.34058851590388,3.43088422463151
3.33,0.314876550025964,27.7777777777778,0.8,0.35,3.40706130153975,3.36840462701718,0.0386566745225738,5.34058851590388,3.43085560163477
3.34,0.314876550025964,27.7777777777778,0.8,0.35,3.40737308002711,3.36840092065913,0.0389721593679817,5.34058851590388,3.4308272233665
3.35,0.314876550025964,27.7777777777778,0.8,0.35,3.4076821962238,3.36839724600207,0.0392849502217247,5.34058851590388,3.43079908782143
3.36,0.314876550025964,27.7777777777778,0.8,0.35,3.40798867356599,3.36839360276471,0.0395950708012833,5.34058851590388,3.43077119284582
3.37,0.314876550025964,27.7777777777778,0.8,0.35,3.40829253398639,3.36838999068364,0.0399025433027558,5.34058851590388,3.4307435364229
3.38,0.314876550025964,27.7777777777778,0.8,0.35,3.40859379958136,3.36838640949354,0.0402073900878221,5.34058851590388,3.4307161165212
3.39,0.314876550025964,27.7777777777778,0.8,0.35,3.40889249382875,3.3683828589127,0.0405096349160483,5.34058851590388,3.43068893098373
3.4,0.314876550025964,27.7777777777778,0.8,0.35,3.40918863701797,3.36837933869737,0.0408092983205965,5.34058851590388,3.4306619779442
3.41,0.314876550025964,27.7777777777778,0.8,0.35,3.40948225200854,3.36837584857329,0.0411064034352409,5.34058851590388,3.43063525530269
3.42,0.314876550025964,27.7777777777778,0.8,0.35,3.4097733601678,3.36837238828402,0.0414009718837791,5.34058851590388,3.43060876109569
3.43,0.314876550025964,27.7777777777778,0.8,0.35,3.41006198275011,3.36836895757452,0.0416930251755967,5.34058851590388,3.4305824933705
3.44,0.314876550025964,27.7777777777778,0.8,0.35,3.41034814201367,3.3683655561779,0.0419825858357781,5.34058851590388,3.43055645008365
3.45,0.314876550025964,27.7777777777778,0.8,0.35,3.4106318573793,3.36836218386108,0.0422696735182253,5.34058851590388,3.43053062945051
3.46,0.314876550025964,27.7777777777778,0.8,0.35,3.41091315092549,3.36835884035947,0.0425543105660195,5.34058851590388,3.43050502944523
3.47,0.314876550025964,27.7777777777778,0.8,0.35,3.41119204275791,3.36835552543203,0.0428365173258802,5.34058851590388,3.43047964822217
3.48,0.314876550025964,27.7777777777778,0.8,0.35,3.41146855339481,3.36835223883288,0.043116314561928,5.34058851590388,3.43045448389883
3.49,0.314876550025964,27.7777777777778,0.8,0.35,3.41174270299755,3.36834898032049,0.0433937226770644,5.34058851590388,3.43042953462584
3.5,0.314876550025964,27.7777777777778,0.8,0.35,3.4120145127245,3.36834574964156,0.0436687630829375,5.34058851590388,3.43040479846379
3.51,0.314876550025964,27.7777777777778,0.8,0.35,3.41228400177185,3.36834254656622,0.043941455205633,5.34058851590388,3.43038027365256
3.52,0.314876550025964,27.7777777777778,0.8,0.35,3.41255119014841,3.368339370855,0.0442118192934107,5.34058851590388,3.43035595835871
3.53,0.314876550025964,27.7777777777778,0.8,0.35,3.41281609735035,3.36833622227462,0.0444798750757305,5.34058851590388,3.43033185079611
3.54,0.314876550025964,27.7777777777778,0.8,0.35,3.41307874322416,3.36833310058773,0.0447456426364297,5.34058851590388,3.43030794914744
3.55,0.314876550025964,27.7777777777778,0.8,0.35,3.41333914745345,3.36833000555901,0.0450091418944396,5.34058851590388,3.43028425161084
3.56,0.314876550025964,27.7777777777778,0.8,0.35,3.4135973281021,3.36832693697244,0.0452703911296588,5.34058851590388,3.43026075653243
3.57,0.314876550025964,27.7777777777778,0.8,0.35,3.41385330526138,3.368323894588,0.0455294106733812,5.34058851590388,3.43023746207448
3.58,0.314876550025964,27.7777777777778,0.8,0.35,3.4141070966521,3.36832087819393,0.0457862184581632,5.34058851590388,3.43021436661553
3.59,0.314876550025964,27.7777777777778,0.8,0.35,3.41435872236505,3.36831788755037,0.0460408348146837,5.34058851590388,3.43019146831906
3.6,0.314876550025964,27.7777777777778,0.8,0.35,3.4146081992924,3.36831492245552,0.0462932768368796,5.34058851590388,3.43016876564008
3.61,0.314876550025964,27.7777777777778,0.8,0.35,3.41485554637934,3.36831198268329,0.0465435636960478,5.34058851590388,3.43014625684736
3.62,0.314876550025964,27.7777777777778,0.8,0.35,3.41510078179766,3.36830906801682,0.0467917137808342,5.34058851590388,3.43012394028055
3.63,0.314876550025964,27.7777777777778,0.8,0.35,3.41534392391969,3.36830617823695,0.0470377456827409,5.34058851590388,3.43010181426153
3.64,0.314876550025964,27.7777777777778,0.8,0.35,3.41558499114319,3.36830331312425,0.0472816780189458,5.34058851590388,3.43007987711035
3.65,0.314876550025964,27.7777777777778,0.8,0.35,3.41582400017961,3.3683004724794,0.0475235277002048,5.34058851590388,3.43005812730084
3.66,0.314876550025964,27.7777777777778,0.8,0.35,3.41606096840258,3.36829765609527,0.04776331230731,5.34058851590388,3.43003656324703
3.67,0.314876550025964,27.7777777777778,0.8,0.35,3.41629591392866,3.36829486375595,0.0480010501727115,5.34058851590388,3.43001518329578
3.68,0.314876550025964,27.7777777777778,0.8,0.35,3.41652885390923,3.36829209525704,0.0482367586521861,5.34058851590388,3.42999398588212
3.69,0.314876550025964,27.7777777777778,0.8,0.35,3.41675980574099,3.36828935039129,0.0484704553497042,5.34058851590388,3.42997296941911
3.7,0.314876550025964,27.7777777777778,0.8,0.35,3.41698878626099,3.36828662895811,0.0487021573028836,5.34058851590388,3.42995213237103
3.71,0.314876550025964,27.7777777777778,0.8,0.35,3.41721581200249,3.36828393076059,0.048931881241904,5.34058851590388,3.42993147323012
3.72,0.314876550025964,27.7777777777778,0.8,0.35,3.41744089981812,3.36828125559804,0.0491596442200812,5.34058851590388,3.42991099045985
3.73,0.314876550025964,27.7777777777778,0.8,0.35,3.41766406590995,3.36827860327756,0.0493854626323933,5.34058851590388,3.42989068258314
3.74,0.314876550025964,27.7777777777778,0.8,0.35,3.41788532673444,3.36827597360323,0.0496093531312138,5.34058851590388,3.42987054810002
3.75,0.314876550025964,27.7777777777778,0.8,0.35,3.41810469900637,3.36827336637612,0.0498313326302502,5.34058851590388,3.42985058548728
3.76,0.314876550025964,27.7777777777778,0.8,0.35,3.4183221990136,3.36827078140239,0.0500514176112064,5.34058851590388,3.42983079326078
3.77,0.314876550025964,27.7777777777778,0.8,0.35,3.4185378427569,3.36826821849164,0.0502696242652663,5.34058851590388,3.42981116996267
3.78,0.314876550025964,27.7777777777778,0.8,0.35,3.41875164561789,3.36826567746084,0.050485968157048,5.34058851590388,3.4297917141916
3.79,0.314876550025964,27.7777777777778,0.8,0.35,3.41896362346059,3.36826315812127,0.0507004653393222,5.34058851590388,3.42977242450253
3.8,0.314876550025964,27.7777777777778,0.8,0.35,3.4191737914104,3.36826066029298,0.0509131311174262,5.34058851590388,3.42975329951775
3.81,0.314876550025964,27.7777777777778,0.8,0.35,3.41938216584536,3.36825818378119,0.0511239820641776,5.34058851590388,3.42973433774581
3.82,0.314876550025964,27.7777777777778,0.8,0.35,3.41958876147425,3.36825572841094,0.0513330330633059,5.34058851590388,3.42971553784718
3.83,0.314876550025964,27.7777777777778,0.8,0.35,3.41979359334609,3.36825329400327,0.0515402993428262,5.34058851590388,3.42969689845153
3.84,0.314876550025964,27.7777777777778,0.8,0.35,3.41999667666522,3.36825088037736,0.05174579628786,5.34058851590388,3.42967841817452
3.85,0.314876550025964,27.7777777777778,0.8,0.35,3.42019802665875,3.36824848735217,0.051949539306579,5.34058851590388,3.42966009562986
3.86,0.314876550025964,27.7777777777778,0.8,0.35,3.42039765811574,3.36824611475185,0.0521515433638888,5.34058851590388,3.4296419294712
3.87,0.314876550025964,27.7777777777778,0.8,0.35,3.42059558543772,3.36824376240518,0.0523518230325464,5.34058851590388,3.42962391838748
3.88,0.314876550025964,27.7777777777778,0.8,0.35,3.42079182357724,3.36824143013438,0.0525503934428548,5.34058851590388,3.42960606101769
3.89,0.314876550025964,27.7777777777778,0.8,0.35,3.42098638656102,3.36823911777272,0.0527472687883006,5.34058851590388,3.42958835608501
3.9,0.314876550025964,27.7777777777778,0.8,0.35,3.42117928896051,3.36823682514696,0.0529424638135483,5.34058851590388,3.4295708022632
3.91,0.314876550025964,27.7777777777778,0.8,0.35,3.42137054480734,3.36823455209032,0.0531359927170154,5.34058851590388,3.42955339827516
3.92,0.314876550025964,27.7777777777778,0.8,0.35,3.42156016791354,3.36823229843861,0.0533278694749253,5.34058851590388,3.42953614286379
3.93,0.314876550025964,27.7777777777778,0.8,0.35,3.42174817260332,3.36823006402158,0.0535181085817418,5.34058851590388,3.4295190347255
3.94,0.314876550025964,27.7777777777778,0.8,0.35,3.42193457283213,3.36822784867335,0.0537067241587814,5.34058851590388,3.42950207259028
3.95,0.314876550025964,27.7777777777778,0.8,0.35,3.42211938178438,3.36822565223721,0.0538937295471675,5.34058851590388,3.42948525525824
3.96,0.314876550025964,27.7777777777778,0.8,0.35,3.42230261355993,3.36822347454559,0.0540791390143345,5.34058851590388,3.42946858144632
3.97,0.314876550025964,27.7777777777778,0.8,0.35,3.42248428120268,3.36822131544346,0.0542629657592162,5.34058851590388,3.42945204996749
3.98,0.314876550025964,27.7777777777778,0.8,0.35,3.42266439798356,3.36821917477309,0.0544452232104713,5.34058851590388,3.4294356596141
3.99,0.314876550025964,27.7777777777778,0.8,0.35,3.42284297778252,3.36821705236952,0.0546259254130037,5.34058851590388,3.42941940912318
4,0.314876550025964,27.7777777777778,0.8,0.35,3.42302003294613,3.36821494808602,0.0548050848601123,5.34058851590388,3.42940329737117
4.01,0.314876550025964,27.7777777777778,0.8,0.35,3.42319557749246,3.368212861756,0.0549827157364606,5.34058851590388,3.42938732308259
4.02,0.314876550025964,27.7777777777778,0.8,0.35,3.4233696233194,3.36821079323805,0.0551588300813535,5.34058851590388,3.42937148517472
4.03,0.314876550025964,27.7777777777778,0.8,0.35,3.42354218360587,3.36820874237555,0.0553334412303199,5.34058851590388,3.42935578244838
4.04,0.314876550025964,27.7777777777778,0.8,0.35,3.423713271041,3.36820670901771,0.0555065620232913,5.34058851590388,3.42934021374898
4.05,0.314876550025964,27.7777777777778,0.8,0.35,3.42388289805713,3.36820469301677,0.0556782050403601,5.34058851590388,3.42932477794524
4.06,0.314876550025964,27.7777777777778,0.8,0.35,3.42405107725207,3.36820269422303,0.055848383029045,5.34058851590388,3.42930947389086
4.07,0.314876550025964,27.7777777777778,0.8,0.35,3.42421782075697,3.36820071249231,0.0560171082646557,5.34058851590388,3.42929430048201
4.08,0.314876550025964,27.7777777777778,0.8,0.35,3.42438314128366,3.36819874767355,0.0561843936101081,5.34058851590388,3.42927925656203
4.09,0.314876550025964,27.7777777777778,0.8,0.35,3.42454705064923,3.36819679962631,0.056350251022919,5.34058851590388,3.42926434105565
4.1,0.314876550025964,27.7777777777778,0.8,0.35,3.42470956112976,3.36819486820471,0.056514692925048,5.34058851590388,3.42924955284586
4.11,0.314876550025964,27.7777777777778,0.8,0.35,3.42487068500617,3.3681929532628,0.0566777317433624,5.34058851590388,3.42923489081524
4.12,0.314876550025964,27.7777777777778,0.8,0.35,3.42503043353544,3.36819105466681,0.0568393788686357,5.34058851590388,3.42922035393943
4.13,0.314876550025964,27.7777777777778,0.8,0.35,3.4251888184709,3.36818917227703,0.0569996461938631,5.34058851590388,3.42920594114897
4.14,0.314876550025964,27.7777777777778,0.8,0.35,3.42534585134375,3.36818730595645,0.0571585453873005,5.34058851590388,3.4291916513946
4.15,0.314876550025964,27.7777777777778,0.8,0.35,3.42550154412497,3.3681854555628,0.0573160885621706,5.34058851590388,3.42917748358706
4.16,0.314876550025964,27.7777777777778,0.8,0.35,3.42565590784733,3.36818362096496,0.0574722868823669,5.34058851590388,3.42916343672245
4.17,0.314876550025964,27.7777777777778,0.8,0.35,3.42580895393583,3.36818180202715,0.0576271519086773,5.34058851590388,3.42914950976114
4.18,0.314876550025964,27.7777777777778,0.8,0.35,3.42596069387177,3.36817999861293,0.0577806952588453,5.34058851590388,3.42913570165842
4.19,0.314876550025964,27.7777777777778,0.8,0.35,3.42611113879958,3.36817821058985,0.0579329282097238,5.34058851590388,3.42912201140025
4.2,0.314876550025964,27.7777777777778,0.8,0.35,3.42626029967225,3.36817643782775,0.0580838618445014,5.34058851590388,3.42910843798992
4.21,0.314876550025964,27.7777777777778,0.8,0.35,3.42640818755067,3.36817468019516,0.0582335073555034,5.34058851590388,3.42909498042096
4.22,0.314876550025964,27.7777777777778,0.8,0.35,3.42655481319535,3.36817293756422,0.0583818756311301,5.34058851590388,3.42908163771421
4.23,0.314876550025964,27.7777777777778,0.8,0.35,3.42670018697596,3.36817120981166,0.0585289771643009,5.34058851590388,3.42906840892604
4.24,0.314876550025964,27.7777777777778,0.8,0.35,3.42684432020063,3.36816949680311,0.0586748233975176,5.34058851590388,3.4290552930275
4.25,0.314876550025964,27.7777777777778,0.8,0.35,3.42698722314372,3.36816779841646,0.058819424727258,5.34058851590388,3.42904228908363
4.26,0.314876550025964,27.7777777777778,0.8,0.35,3.42712890670917,3.36816611452212,0.0589627921870468,5.34058851590388,3.42902939610224
4.27,0.314876550025964,27.7777777777778,0.8,0.35,3.42726938111189,3.36816444499869,0.0591049361131928,5.34058851590388,3.4290166131538
4.28,0.314876550025964,27.7777777777778,0.8,0.35,3.42740865607083,3.36816278973065,0.0592458663401749,5.34058851590388,3.42900393935384
4.29,0.314876550025964,27.7777777777778,0.8,0.35,3.42754674270525,3.36816114858587,0.0593855941193864,5.34058851590388,3.4289913736906
4.3,0.314876550025964,27.7777777777778,0.8,0.35,3.42768365059232,3.3681595214505,0.0595241291418227,5.34058851590388,3.42897891529254
4.31,0.314876550025964,27.7777777777778,0.8,0.35,3.4278193899721,3.36815790820286,0.0596614817692402,5.34058851590388,3.42896656322783
4.32,0.314876550025964,27.7777777777778,0.8,0.35,3.42795397102631,3.36815630872193,0.0597976623043812,5.34058851590388,3.42895431656997
4.33,0.314876550025964,27.7777777777778,0.8,0.35,3.42808740335363,3.36815472289363,0.0599326804600024,5.34058851590388,3.42894217444545
4.34,0.314876550025964,27.7777777777778,0.8,0.35,3.42821969684379,3.36815315060042,0.0600665462433674,5.34058851590388,3.42893013595434
4.35,0.314876550025964,27.7777777777778,0.8,0.35,3.42835086150695,3.36815159172334,0.0601992697836118,5.34058851590388,3.42891820018573
4.36,0.314876550025964,27.7777777777778,0.8,0.35,3.42848090649747,3.36815004615358,0.060330860343897,5.34058851590388,3.42890636630654
4.37,0.314876550025964,27.7777777777778,0.8,0.35,3.42860984158109,3.36814851377507,0.0604613278060193,5.34058851590388,3.42889463342808
4.38,0.314876550025964,27.7777777777778,0.8,0.35,3.42873767611626,3.36814699447658,0.0605906816396766,5.34058851590388,3.42888300069874
4.39,0.314876550025964,27.7777777777778,0.8,0.35,3.42886441944288,3.36814548814711,0.0607189312957686,5.34058851590388,3.42887146726856
4.4,0.314876550025964,27.7777777777778,0.8,0.35,3.42899008112146,3.36814399467303,0.0608460864484281,5.34058851590388,3.42886003226755
4.41,0.314876550025964,27.7777777777778,0.8,0.35,3.42891461506955,3.36814350659323,0.0607711084763207,5.29538594433823,3.42885629521368
4.42,0.314876550025964,27.7777777777778,0.8,0.35,3.42913677758469,3.3681415140273,0.0609952635573867,5.3423198091344,3.42884103884346
4.43,0.314876550025964,27.7777777777778,0.8,0.35,3.42924739837549,3.36814010602662,0.0611072923488734,5.34240544625615,3.42883025828191
4.44,0.314876550025964,27.7777777777778,0.8,0.35,3.42935685849283,3.36813871347109,0.0612181450217419,5.34240560251255,3.42881959597841
4.45,0.314876550025964,27.7777777777778,0.8,0.35,3.42946537460514,3.36813733538291,0.0613280392222326,5.34240560279766,3.42880904444624
4.46,0.314876550025964,27.7777777777778,0.8,0.35,3.42957295541674,3.36813597179196,0.061436983624783,5.34240560279818,3.42879860391428
4.47,0.314876550025964,27.7777777777778,0.8,0.35,3.42967960993721,3.36813462268282,0.0615449872543845,5.34240560279818,3.42878827426436
4.48,0.314876550025964,27.7777777777778,0.8,0.35,3.42978534653887,3.36813328801735,0.0616520585215112,5.34240560279818,3.42877805520452
4.49,0.314876550025964,27.7777777777778,0.8,0.35,3.42978700820882,3.36813245409644,0.0616545541123865,5.34044914265433,3.42877167016799
4.5,0.314876550025964,27.7777777777778,0.8,0.35,3.42988788491332,3.36813114880381,0.0617567361095066,5.34421580435055,3.42876167600557
4.51,0.314876550025964,27.7777777777778,0.8,0.35,3.4299789122843,3.36812990623717,0.0618490060471286,5.34422267712925,3.42875216211376
4.52,0.314876550025964,27.7777777777778,0.8,0.35,3.43006913024057,3.36812867986852,0.0619404503720555,5.34422268966956,3.42874277224419
4.53,0.314876550025964,27.7777777777778,0.8,0.35,3.43015856181142,3.36812746965266,0.062031092158755,5.34422268969244,3.42873350605086
4.54,0.314876550025964,27.7777777777778,0.8,0.35,3.43024721519606,3.368126275534,0.062120939662063,5.34422268969248,3.428724363108
4.55,0.314876550025964,27.7777777777778,0.8,0.35,3.43033509856663,3.3681250974092,0.0622100011574278,5.34422268969248,3.42871534262453
4.56,0.314876550025964,27.7777777777778,0.8,0.35,3.43042221898238,3.36812393515648,0.0622982838258976,5.34422268969248,3.42870644366795
4.57,0.314876550025964,27.7777777777778,0.8,0.35,3.4305085834853,3.36812278861825,0.0623857948670548,5.34422268969248,3.42869766503156
4.58,0.314876550025964,27.7777777777778,0.8,0.35,3.43059419891551,3.36812165760962,0.0624725413058895,5.34422268969248,3.42868900529988
4.59,0.314876550025964,27.7777777777778,0.8,0.35,3.43067907215979,3.36812054191765,0.0625585302421343,5.34422268969248,3.42868046284238
4.6,0.314876550025964,27.7777777777778,0.8,0.35,3.43076321032366,3.36811944130181,0.0626437690218467,5.34422268969248,3.42867203581745
4.61,0.314876550025964,27.7777777777778,0.8,0.35,3.43084662010829,3.36811835551043,0.06272826459786,5.34422268969248,3.42866372229821
4.62,0.314876550025964,27.7777777777778,0.8,0.35,3.43092930826003,3.36811728427479,0.0628120239852419,5.34422268969248,3.42865552022701
4.63,0.314876550025964,27.7777777777778,0.8,0.35,3.43101128145483,3.36811622731441,0.0628950541404203,5.34422268969248,3.42864742745648
4.64,0.314876550025964,27.7777777777778,0.8,0.35,3.43091487283237,3.36811609027049,0.0627987825618757,5.16102866528573,3.42864637815983
4.65,0.314876550025964,27.7777777777778,0.8,0.35,3.43111736689926,3.36811441351574,0.0630029533835201,5.34496020645317,3.42863353984372
4.66,0.314876550025964,27.7777777777778,0.8,0.35,3.43119087608737,3.36811342250453,0.0630774535828462,5.34529581418233,3.42862595202257
4.67,0.314876550025964,27.7777777777778,0.8,0.35,3.43126294529508,3.36811244969402,0.06315049560106,5.34529642654358,3.42861850355773
4.68,0.314876550025964,27.7777777777778,0.8,0.35,3.43133438637813,3.36811149075905,0.0632228956190861,5.34529642766091,3.42861116133295
4.69,0.314876550025964,27.7777777777778,0.8,0.35,3.43140520672696,3.36811054549411,0.0632946612328578,5.34529642766295,3.42860392377477
4.7,0.314876550025964,27.7777777777778,0.8,0.35,3.43147541230794,3.36810961367715,0.0633657986307834,5.34529642766296,3.42859678918303
4.71,0.314876550025964,27.7777777777778,0.8,0.35,3.43154500885427,3.36810869507245,0.0634363137818266,5.34529642766296,3.4285897557528
4.72,0.314876550025964,27.7777777777778,0.8,0.35,3.43161400196499,3.36810778943153,0.063506212533468,5.34529642766296,3.42858282158164
4.73,0.314876550025964,27.7777777777778,0.8,0.35,3.43168239711356,3.3681068964958,0.0635755006177665,5.34529642766296,3.42857598468964
4.74,0.314876550025964,27.7777777777778,0.8,0.35,3.43175020023365,3.36810601598692,0.0636441842467339,5.34529642766296,3.42856924294566
4.75,0.314876550025964,27.7777777777778,0.8,0.35,3.4318174166494,3.36810514763173,0.0637122690176724,5.34529642766296,3.42856259425814
4.76,0.314876550025964,27.7777777777778,0.8,0.35,3.43188405202647,3.36810429114443,0.0637797608820354,5.34529642766296,3.42855603643882
4.77,0.314876550025964,27.7777777777778,0.8,0.35,3.43179948718843,3.36810418223857,0.0636953049498676,5.32208719160476,3.42855520258525
4.78,0.314876550025964,27.7777777777778,0.8,0.35,3.43191259072997,3.36810308738091,0.0638095033490593,5.34706785067948,3.42854681964871
4.79,0.314876550025964,27.7777777777778,0.8,0.35,3.43196557970508,3.36810231294804,0.063863266757036,5.3471134312374,3.4285408900911
4.8,0.314876550025964,27.7777777777778,0.8,0.35,3.43201799000212,3.36810155182628,0.0639164381758341,5.34711351440523,3.42853506245186
4.81,0.314876550025964,27.7777777777778,0.8,0.35,3.43206993844356,3.36810080335385,0.0639691350897116,5.34711351455698,3.42852933166403
4.82,0.314876550025964,27.7777777777778,0.8,0.35,3.43212143017292,3.36810006737362,0.0640213627992989,5.34711351455726,3.4285236965246
4.83,0.314876550025964,27.7777777777778,0.8,0.35,3.43217247017534,3.36809934369685,0.0640731264784891,5.34711351455726,3.42851815558841
4.84,0.314876550025964,27.7777777777778,0.8,0.35,3.43222306282262,3.36809863212462,0.0641244306979969,5.34711351455726,3.42851270733239
4.85,0.314876550025964,27.7777777777778,0.8,0.35,3.43220289545991,3.36809827046255,0.064104624997356,5.34031611982708,3.42850993821424
4.86,0.314876550025964,27.7777777777778,0.8,0.35,3.43226426868987,3.36809751374846,0.0641667549414096,5.34817289059201,3.42850414432299
4.87,0.314876550025964,27.7777777777778,0.8,0.35,3.43230644270393,3.3680968663998,0.0642095763041231,5.34818722632246,3.42849918780406
4.88,0.314876550025964,27.7777777777778,0.8,0.35,3.43234820707002,3.36809623138526,0.0642519756847642,5.34818725247992,3.42849432572302
4.89,0.314876550025964,27.7777777777778,0.8,0.35,3.43238960121029,3.36809560836299,0.0642939928473063,5.34818725252765,3.4284895554626
4.9,0.314876550025964,27.7777777777778,0.8,0.35,3.43243062896036,3.36809499714331,0.06433563181705,5.34818725252773,3.42848487557047
4.91,0.314876550025964,27.7777777777778,0.8,0.35,3.43247129415224,3.36809439750772,0.0643768966445162,5.34818725252773,3.42848028437353
4.92,0.314876550025964,27.7777777777778,0.8,0.35,3.43251160043395,3.36809380922052,0.0644177912134269,5.34818725252773,3.42847578006723
4.93,0.314876550025964,27.7777777777778,0.8,0.35,3.43255155135916,3.36809323202965,0.064458319329511,5.34818725252773,3.42847136072153
4.94,0.314876550025964,27.7777777777778,0.8,0.35,3.43259115065594,3.36809266566178,0.0644984849941639,5.34818725252773,3.42846702424373
4.95,0.314876550025964,27.7777777777778,0.8,0.35,3.43263040200198,3.36809210983269,0.0645382921692903,5.34818725252773,3.42846276845764
4.96,0.314876550025964,27.7777777777778,0.8,0.35,3.4326693088601,3.36809156425488,0.0645777446052245,5.34818725252773,3.42845859116197
4.97,0.314876550025964,27.7777777777778,0.8,0.35,3.43270787471151,3.36809102863297,0.0646168460785455,5.34818725252773,3.42845449009507
4.98,0.314876550025964,27.7777777777778,0.8,0.35,3.43268959266709,3.36809076682821,0.064598825838877,5.34807415655757,3.42845248554894
4.99,0.314876550025964,27.7777777777778,0.8,0.35,3.4327231910957,3.36809026419522,0.0646329269004875,5.34925882496074,3.42844863706649
5,0.314876550025964,27.7777777777778,0.8,0.35,3.43275363880308,3.36808978639169,0.0646638524113827,5.34926098654689,3.42844497869448
5.01,0.314876550025964,27.7777777777778,0.3,0.35,3.36853216441147,3.22676259582224,0.14176956858923,6.51700214766548,2.62702003994007
5.02,0.314876550025964,27.7777777777778,0.3,0.35,3.21196360981559,3.23230687734682,-0.0203432675312225,5.20617062385819,2.64539583111663
5.03,0.314876550025964,27.7777777777778,0.3,0.35,3.08721839085598,3.23737134923162,-0.150152958375643,1.64716024433836,2.66218135641191
5.04,0.314876550025964,27.7777777777778,0.3,0.35,3.08260067631806,3.2417004726006,-0.15909979628254,6.51700214766548,2.67652966586435
5.05,0.314876550025964,27.7777777777778,0.3,0.35,3.05154152904429,3.24585199995181,-0.194310470907527,-3.88619360827462,2.69028935669742
5.06,0.314876550025964,27.7777777777778,0.3,0.35,3.07674619748555,3.24913293038526,-0.172386732899716,0.655398472300761,2.70261714891007
5.07,0.314876550025964,27.7777777777778,0.3,0.35,3.08283694525392,3.2516282676263,-0.168791322372379,6.51700214766548,2.71440938079948
5.08,0.314876550025964,27.7777777777778,0.3,0.35,3.05564955543239,3.25404606824388,-0.19839651281149,-4.17865256722958,2.72583519734883
5.09,0.314876550025964,27.7777777777778,0.3,0.35,3.09084573031093,3.256195591443,-0.165349861132067,5.14154519623848,2.73599321350743
5.1,0.314876550025964,27.7777777777778,0.3,0.35,3.08776496827396,3.25829729002194,-0.170532321747982,-2.30315172711052,2.74592522453863
5.11,0.314876550025964,27.7777777777778,0.3,0.35,3.11052042751184,3.26022998696586,-0.14970955945402,0.484950611536758,2.75505858341287
5.12,0.314876550025964,27.7777777777778,0.3,0.35,3.12224818852039,3.26207444123754,-0.139826252717151,0.493038357518288,2.76377493330069
5.13,0.314876550025964,27.7777777777778,0.3,0.35,3.12766006262073,3.26382763576991,-0.136167573149186,5.30858378880636,2.77206001642814
5.14,0.314876550025964,27.7777777777778,0.3,0.35,3.12455617177254,3.26549885200253,-0.140942680229987,-0.838013582631879,2.77995769415613
5.15,0.314876550025964,27.7777777777778,0.3,0.35,3.13734795002194,3.26705211276341,-0.129704162741469,-0.525673472432728,2.7872979489224
5.16,0.314876550025964,27.7777777777778,0.3,0.35,3.14514430864774,3.26852994871645,-0.12338564006871,6.483525476178,2.79428176816981
5.17,0.314876550025964,27.7777777777778,0.3,0.35,3.14623990074678,3.26993956197809,-0.123699661231313,2.6869819962358,2.8009431869882
5.18,0.314876550025964,27.7777777777778,0.3,0.35,3.14848131282625,3.27127293240679,-0.122791619580545,-2.22691263321349,2.80724430454104
5.19,0.314876550025964,27.7777777777778,0.3,0.35,3.19310659257756,3.27247379695222,-0.0793672043746576,5.5110677527566,2.81291923815503
5.2,0.314876550025964,27.7777777777778,0.3,0.35,3.18996229573355,3.27368227005423,-0.083719974320672,2.20625998259798,2.81863012757575
5.21,0.314876550025964,27.7777777777778,0.3,0.35,3.19257270214734,3.27482054345948,-0.0822478413121459,1.66915565421339,2.82400927382003
5.22,0.314876550025964,27.7777777777778,0.3,0.35,3.20599926599627,3.27588656329611,-0.0698872972998372,4.24485358054205,2.82904697089179
5.23,0.314876550025964,27.7777777777778,0.3,0.35,3.20525687470735,3.27691805377955,-0.0716611790722044,2.15324473840597,2.83392149236824
5.24,0.314876550025964,27.7777777777778,0.3,0.35,3.20801078149017,3.27789364360519,-0.0698828621150214,2.14942831796305,2.83853184373228
5.25,0.314876550025964,27.7777777777778,0.3,0.35,3.21070918293085,3.27882131509213,-0.0681121321612848,2.14942135439286,2.8429157470826
5.26,0.314876550025964,27.7777777777778,0.3,0.35,3.21334194374287,3.27970399424779,-0.0663620505049223,2.14942134168689,2.84708702987207
5.27,0.314876550025964,27.7777777777778,0.3,0.35,3.21590781757875,3.28054419427297,-0.0646363766942128,2.14942134166371,2.85105756875051
5.28,0.314876550025964,27.7777777777778,0.3,0.35,3.21840645278907,3.28134440993053,-0.0629379571414588,2.14942134166367,2.85483915323549
5.29,0.314876550025964,27.7777777777778,0.3,0.35,3.22083710203578,3.28210686813092,-0.0612697660951382,2.14942134166367,2.85844230705258
5.3,0.314876550025964,27.7777777777778,0.3,0.35,3.22319907697674,3.28283364450395,-0.059634567527211,2.14942134166367,2.86187683901946
5.31,0.314876550025964,27.7777777777778,0.3,0.35,3.22549245111515,3.28352678469244,-0.058034333577293,2.14942134166367,2.86515241624411
5.32,0.314876550025964,27.7777777777778,0.3,0.35,3.22771700531861,3.28418813618336,-0.0564711308647414,2.14942134166367,2.86827776940802
5.33,0.314876550025964,27.7777777777778,0.3,0.35,3.22987264487768,3.28481943410311,-0.0549467892254287,2.14942134166367,2.87126109820969
5.34,0.314876550025964,27.7777777777778,0.3,0.35,3.23195930991107,3.28542229488175,-0.053462984970674,2.14942134166367,2.87411004142337
5.35,0.314876550025964,27.7777777777778,0.3,0.35,3.23405331003622,3.28599827848885,-0.0519449684526281,2.1495518430101,2.87683197100777
5.36,0.314876550025964,27.7777777777778,0.3,0.35,3.23600742447164,3.28654873842845,-0.0505413139568089,2.14818485511951,2.87943328322597
5.37,0.314876550025964,27.7777777777778,0.3,0.35,3.23789591473185,3.2870749994995,-0.049179084767649,2.14818236086704,2.88192023868919
5.38,0.314876550025964,27.7777777777778,0.3,0.35,3.23971584627684,3.28757834596979,-0.04786249969295,2.14818235631594,2.88429890647035
5.39,0.314876550025964,27.7777777777778,0.3,0.35,3.24146746795886,3.28805995246885,-0.0465924845099832,2.14818235630764,2.88657483752403
5.4,0.314876550025964,27.7777777777778,0.3,0.35,3.24315107896784,3.28852092267584,-0.0453698437080021,2.14818235630762,2.8887532475143
5.41,0.314876550025964,27.7777777777778,0.3,0.35,3.24476703761349,3.28896229640806,-0.0441952587945638,2.14818235630762,2.89083905031266
5.42,0.314876550025964,27.7777777777778,0.3,0.35,3.24631568379914,3.28938504588639,-0.0430693620872518,2.14818235630762,2.89283684034986
5.43,0.314876550025964,27.7777777777778,0.3,0.35,3.24779743946669,3.28979009156371,-0.0419926520970191,2.14818235630762,2.89475096741624
5.44,0.314876550025964,27.7777777777778,0.3,0.35,3.24921275060773,3.29017829978937,-0.0409655491816383,2.14818235630762,2.89658552562467
5.45,0.314876550025964,27.7777777777778,0.3,0.35,3.25056206265999,3.29055048446742,-0.0399884218074349,2.14818235630762,2.898344361247
5.46,0.314876550025964,27.7777777777778,0.3,0.35,3.25184586121635,3.29090741451415,-0.0390615532978047,2.14818235630762,2.90003110795608
5.47,0.314876550025964,27.7777777777778,0.3,0.35,3.25306466076843,3.29124981608294,-0.0381851553145056,2.14818235630762,2.90164919733975
5.48,0.314876550025964,27.7777777777778,0.3,0.35,3.25421898935142,3.29157837405834,-0.0373593847069236,2.14818235630762,2.90320186596159
5.49,0.314876550025964,27.7777777777778,0.3,0.35,3.25530937055307,3.29189373366991,-0.0365843631168352,2.14818235630762,2.90469216298717
5.5,0.314876550025964,27.7777777777778,0.3,0.35,3.25633636244542,3.29219650609338,-0.0358601436479593,2.14818235630762,2.90612297665379
5.51,0.314876550025964,27.7777777777778,0.3,0.35,3.25730053974538,3.29248726938058,-0.0351867296351931,2.14818235630762,2.90749703866478
5.52,0.314876550025964,27.7777777777778,0.3,0.35,3.25820245508538,3.29276656802711,-0.0345641129417347,2.14818235630762,2.90881692214675
5.53,0.314876550025964,27.7777777777778,0.3,0.35,3.25904271071613,3.29303491991342,-0.0339922091972937,2.14818235630762,2.91008507445069
5.54,0.314876550025964,27.7777777777778,0.3,0.35,3.25982188648629,3.29329281343679,-0.0334709269505047,2.14818235630762,2.91130380359892
5.55,0.314876550025964,27.7777777777778,0.3,0.35,3.26054058449205,3.29354071210485,-0.0330001276127998,2.14818235630762,2.91247529999259
5.56,0.314876550025964,27.7777777777778,0.3,0.35,3.26119942508973,3.29377905585308,-0.0325796307633484,2.14818235630762,2.91360164263767
5.57,0.314876550025964,27.7777777777778,0.3,0.35,3.26179901132527,3.29400826047185,-0.0322092491465824,2.14818235630762,2.91468479643758
5.58,0.314876550025964,27.7777777777778,0.3,0.35,3.26233993930387,3.29422871981972,-0.0318887805158519,2.14818235630762,2.91572662265232
5.59,0.314876550025964,27.7777777777778,0.3,0.35,3.26282282606565,3.29444080854172,-0.0316179824760643,2.14818235630762,2.91672889174434
5.6,0.314876550025964,27.7777777777778,0.3,0.35,3.26324828466889,3.2946448819644,-0.0313965972955152,2.14818235630762,2.91769328288282
5.61,0.314876550025964,27.7777777777778,0.3,0.35,3.26361692336792,3.29484127729685,-0.031224353928923,2.14818235630762,2.91862138961889
5.62,0.314876550025964,27.7777777777778,0.3,0.35,3.26392935655891,3.29503031511566,-0.0311009585567446,2.14818235630762,2.91951472690358
5.63,0.314876550025964,27.7777777777778,0.3,0.35,3.26418619999787,3.29521230017848,-0.0310261001806165,2.14818235630762,2.92037473493214
5.64,0.314876550025964,27.7777777777778,0.3,0.35,3.26438806787695,3.29538752218994,-0.030999454312981,2.14818235630762,2.92120278276358
5.65,0.314876550025964,27.7777777777778,0.3,0.35,3.26453556506399,3.29555625636703,-0.0310206913030413,2.14818235630762,2.92200017099284
5.66,0.314876550025964,27.7777777777778,0.3,0.35,3.26462929635605,3.29571876465197,-0.0310894682959146,2.14818235630762,2.92276813748184
5.67,0.314876550025964,27.7777777777778,0.3,0.35,3.26466985641744,3.29587529608593,-0.031205439668498,2.14818235630762,2.92350785912625
5.68,0.314876550025964,27.7777777777778,0.3,0.35,3.26465785560134,3.29602608843862,-0.0313682328372793,2.14818235630762,2.92422045955588
5.69,0.314876550025964,27.7777777777778,0.3,0.35,3.26459389254037,3.29617136786278,-0.0315774753224112,2.14818235630762,2.92490700750229
5.7,0.314876550025964,27.7777777777778,0.3,0.35,3.26447854223911,3.29631134918572,-0.0318328069466052,2.14818235630762,2.92556851817635
5.71,0.314876550025964,27.7777777777778,0.3,0.35,3.26431239780254,3.29644623787769,-0.0321338400751454,2.14818235630762,2.92620596257015
5.72,0.314876550025964,27.7777777777778,0.3,0.35,3.26409604414794,3.29657622965854,-0.0324801855106038,2.14818235630762,2.92682026559834
5.73,0.314876550025964,27.7777777777778,0.3,0.35,3.26383005556457,3.29670151103972,-0.0328714554751457,2.14818235630762,2.92741230865928
5.74,0.314876550025964,27.7777777777778,0.3,0.35,3.26351499954279,3.29682225985965,-0.0333072603168616,2.14818235630762,2.92798293216523
5.75,0.314876550025964,27.7777777777778,0.3,0.35,3.26315143288852,3.29693864570626,-0.0337872128177383,2.14818235630762,2.92853293753899
5.76,0.314876550025964,27.7777777777778,0.3,0.35,3.26273992152406,3.29705083079502,-0.0343109092709608,2.14818235630762,2.92906309136327
5.77,0.314876550025964,27.7777777777778,0.3,0.35,3.26228102743121,3.29715897002689,-0.0348779425956804,2.14818235630762,2.92957412565459
5.78,0.314876550025964,27.7777777777778,0.3,0.35,3.26177528282749,3.29726321076913,-0.0354879279416407,2.14818235630762,2.93006673682735
5.79,0.314876550025964,27.7777777777778,0.3,0.35,3.26122323687781,3.29736369432163,-0.0361404574438211,2.14818235630762,2.93054159262346
5.8,0.314876550025964,27.7777777777778,0.3,0.35,3.2606254093173,3.29746055518471,-0.0368351458674114,2.14818235630762,2.93099932865196
5.81,0.314876550025964,27.7777777777778,0.3,0.35,3.25998232613134,3.29755392217556,-0.0375715960442209,2.14818235630762,2.93144055366507
5.82,0.314876550025964,27.7777777777778,0.3,0.35,3.25929451354021,3.29764391855033,-0.0383494050101154,2.14818235630762,2.93186585013523
5.83,0.314876550025964,27.7777777777778,0.3,0.35,3.25856248746135,3.29773066208264,-0.039168174621294,2.14818235630762,2.93227577462606
5.84,0.314876550025964,27.7777777777778,0.3,0.35,3.25778674340081,3.29781426515585,-0.0400275217550368,2.14818235630762,2.93267085822827
5.85,0.314876550025964,27.7777777777778,0.3,0.35,3.25696778641108,3.29789483555528,-0.0409270491441984,2.14818235630762,2.93305161030371
5.86,0.314876550025964,27.7777777777778,0.3,0.35,3.25610611362895,3.2979724763667,-0.0418663627377516,2.14818235630762,2.93341851800554
5.87,0.314876550025964,27.7777777777778,0.3,0.35,3.25520220529964,3.29804728607235,-0.0428450807727074,2.14818235630762,2.93377204673186
5.88,0.314876550025964,27.7777777777778,0.3,0.35,3.25425652897969,3.29811935885391,-0.0438628298742234,2.14818235630762,2.93411264155773
5.89,0.314876550025964,27.7777777777778,0.3,0.35,3.25326955994268,3.29818878507736,-0.0449192251346755,2.14818235630762,2.93444072952622
5.9,0.314876550025964,27.7777777777778,0.3,0.35,3.25224176000111,3.29825565116604,-0.0460138911649288,2.14818235630762,2.93475671904871
5.91,0.314876550025964,27.7777777777778,0.3,0.35,3.25117358067017,3.29832003983159,-0.0471464591614228,2.14818235630762,2.93506100099617
5.92,0.314876550025964,27.7777777777778,0.3,0.35,3.25006548357076,3.29838203048869,-0.0483165469179307,2.14818235630762,2.93535395065901
5.93,0.314876550025964,27.7777777777778,0.3,0.35,3.24891788119252,3.29844169871606,-0.0495238175235313,2.14818235630762,2.93563592520016
5.94,0.314876550025964,27.7777777777778,0.3,0.35,3.2477312295514,3.29849911748085,-0.0507678879294486,2.14818235630762,2.93590726944099
5.95,0.314876550025964,27.7777777777778,0.3,0.35,3.24650594107021,3.29855435628847,-0.0520484152182621,2.14818235630762,2.93616831184361
5.96,0.314876550025964,27.7777777777778,0.3,0.35,3.24524243827149,3.29860748191659,-0.0533650436450976,2.14818235630762,2.93641936797972
5.97,0.314876550025964,27.7777777777778,0.3,0.35,3.24394112708527,3.29865855825618,-0.0547174311709053,2.14818235630762,2.93666073977933
5.98,0.314876550025964,27.7777777777778,0.3,0.35,3.24260240677467,3.29870764654351,-0.0561052397688391,2.14818235630762,2.93689271662708
5.99,0.314876550025964,27.7777777777778,0.3,0.35,3.24122667715348,3.29875480552642,-0.0575281283729399,2.14818235630762,2.93711557614805
6,0.314876550025964,27.7777777777778,0.3,0.35,3.23981432190527,3.29880009143781,-0.058985769532546,2.14818235630762,2.93732958408239
6.01,0.314876550025964,27.7777777777778,0.3,0.35,3.2383657148371,3.29884355815454,-0.060477843317444,2.14818235630762,2.93753499503634
6.02,0.314876550025964,27.7777777777778,0.3,0.35,3.23688123552351,3.29888525740851,-0.0620040218849942,2.14818235630762,2.93773205347971
6.03,0.314876550025964,27.7777777777778,0.3,0.35,3.23536123969624,3.29892523867033,-0.0635639989740939,2.14818235630762,2.93792099319612
6.04,0.314876550025964,27.7777777777778,0.3,0.35,3.23380608932307,3.29896354944408,-0.0651574601210156,2.14818235630762,2.93810203867587
6.05,0.314876550025964,27.7777777777778,0.3,0.35,3.23221613326782,3.29900023522159,-0.066784101953778,2.14818235630762,2.93827540490001
6.06,0.314876550025964,27.7777777777778,0.3,0.35,3.23059171539398,3.29903533961479,-0.0684436242208122,2.14818235630762,2.93844129796572
6.07,0.314876550025964,27.7777777777778,0.3,0.35,3.22893317760302,3.29906890444298,-0.0701357268399523,2.14818235630762,2.93859991549878
6.08,0.314876550025964,27.7777777777778,0.3,0.35,3.22724082240459,3.29910096963121,-0.0718601472266163,2.14818235630762,2.93875144617327
6.09,0.314876550025964,27.7777777777778,0.3,0.35,3.22551498984917,3.29913157364648,-0.0736165837973082,2.14818235630762,2.93889607177293
6.1,0.314876550025964,27.7777777777778,0.3,0.35,3.22375598343361,3.29916075321344,-0.0754047697798312,2.14818235630762,2.93903396584766
6.11,0.314876550025964,27.7777777777778,0.3,0.35,3.22196410699714,3.29918854354957,-0.0772244365524268,2.14818235630762,2.93916529482498
6.12,0.314876550025964,27.7777777777778,0.3,0.35,3.22013965995434,3.29921497839904,-0.0790753184446977,2.14818235630762,2.93929021816992
6.13,0.314876550025964,27.7777777777778,0.3,0.35,3.2184285351312,3.29924006732992,-0.0808115321987195,2.15585193778545,2.9394087810984
6.14,0.314876550025964,27.7777777777778,0.3,0.35,3.21725332448126,3.29926377480047,-0.0820104503192138,1.60011087785497,2.93952081565054
6.15,0.314876550025964,27.7777777777778,0.3,0.35,3.2168793028593,3.29928609618529,-0.0824067933259882,2.77891804191123,2.93962629996805
6.16,0.314876550025964,27.7777777777778,0.3,0.35,3.21546687689851,3.29930734759166,-0.0838404706931537,2.93062278268791,2.9397267278813
6.17,0.314876550025964,27.7777777777778,0.3,0.35,3.21323837312353,3.29932751158674,-0.0860891384632185,2.17356017556277,2.93982201700771
6.18,0.314876550025964,27.7777777777778,0.3,0.35,3.21177125570731,3.29934637821588,-0.087575122508571,2.22964591894023,2.93991117516321
6.19,0.314876550025964,27.7777777777778,0.3,0.35,3.20974867179953,3.29936416571585,-0.0896154939163214,2.1012534623139,2.93999523367078
6.2,0.314876550025964,27.7777777777778,0.3,0.35,3.20799055214234,3.2993807796993,-0.0913902275569569,0.437010668402628,2.94007374648349
6.21,0.314876550025964,27.7777777777778,0.3,0.35,3.20851513460203,3.29939597986675,-0.0908808452647203,2.68335366034332,2.94014557801645
6.22,0.314876550025964,27.7777777777778,0.3,0.35,3.20572534431957,3.29941053425124,-0.0936851899316751,2.07759450225572,2.9402143577686
6.23,0.314876550025964,27.7777777777778,0.3,0.35,3.20403634565544,3.2994238737176,-0.0953875280621572,2.07648921354789,2.94027739617399
6.24,0.314876550025964,27.7777777777778,0.3,0.35,3.20349487950896,3.29943602517945,-0.0959411456704826,2.911982021511,2.94033482041851
6.25,0.314876550025964,27.7777777777778,0.3,0.35,3.20110195747232,3.29944737479346,-0.0983454173211458,2.06780612963794,2.94038845536537
6.26,0.314876550025964,27.7777777777778,0.3,0.35,3.19959244172324,3.29945760672974,-0.0998651650065039,2.10002568858757,2.94043680849507
6.27,0.314876550025964,27.7777777777778,0.3,0.35,3.19777546072448,3.29946688046416,-0.101691419739677,2.06368631690981,2.94048063344385
6.28,0.314876550025964,27.7777777777778,0.3,0.35,3.19601496614665,3.29947516984883,-0.10346020370218,2.06362001085958,2.94051980664441
6.29,0.314876550025964,27.7777777777778,0.3,0.35,3.19422235520801,3.2994825006627,-0.105260145454688,2.06361988987531,2.94055444992055
6.3,0.314876550025964,27.7777777777778,0.3,0.35,3.19239777491734,3.29948888764314,-0.107091112725799,2.06361988965456,2.94058463291673
6.31,0.314876550025964,27.7777777777778,0.3,0.35,3.19054140811916,3.29949434468793,-0.108952936568763,2.06361988965416,2.94061042130979
6.32,0.314876550025964,27.7777777777778,0.3,0.35,3.18865343081064,3.29949888498154,-0.110845454170899,-3.53026568101552,2.94063187740569
6.33,0.314876550025964,27.7777777777778,0.3,0.35,3.20455131031104,3.29950087773798,-0.0949495674269394,4.23247061055756,2.94064129458814
6.34,0.314876550025964,27.7777777777778,0.3,0.35,3.20376373839417,3.29950357440462,-0.0957398360104502,2.94495307107468,2.94065403824369
6.35,0.314876550025964,27.7777777777778,0.3,0.35,3.20310252244677,3.29950538279353,-0.0964028603467586,3.05709449419162,2.94066258415927
6.36,0.314876550025964,27.7777777777778,0.3,0.35,3.20044177612053,3.29950649163732,-0.0990647155167896,1.91274065322167,2.94066782422977
6.37,0.314876550025964,27.7777777777778,0.3,0.35,3.1993551518754,3.29950660627904,-0.100151454403641,1.91065262638576,2.94066836599293
6.38,0.314876550025964,27.7777777777778,0.3,0.35,3.1982366737514,3.29950587470667,-0.101269200955262,0.777714555846093,2.94066490879646
6.39,0.314876550025964,27.7777777777778,0.3,0.35,3.19743447602493,3.29950428011256,-0.102069804087631,1.94332054824035,2.94065737321245
6.4,0.314876550025964,27.7777777777778,0.3,0.35,3.19881316548966,3.29950170052618,-0.100688535036513,2.64914993370923,2.94064518284381
6.41,0.314876550025964,27.7777777777778,0.3,0.35,3.19744779399459,3.29949849974608,-0.102050705751495,1.00720560129537,2.9406300568959
6.42,0.314876550025964,27.7777777777778,0.3,0.35,3.19781442911712,3.29949436787996,-0.101679938762845,2.24929738582019,2.94061053090854
6.43,0.314876550025964,27.7777777777778,0.3,0.35,3.19636926565805,3.29948954891729,-0.103120283259238,1.87160608454015,2.94058775790442
6.44,0.314876550025964,27.7777777777778,0.3,0.35,3.19540346761313,3.29948389637512,-0.104080428761993,0.182053528739166,2.94056104564807
6.45,0.314876550025964,27.7777777777778,0.3,0.35,3.20053744889745,3.29947709893684,-0.0989396500393891,3.27671367410046,2.94052892294855
6.46,0.314876550025964,27.7777777777778,0.3,0.35,3.20095613019623,3.299469801205,-0.0985136710087633,2.87532867356811,2.94049443600836
6.47,0.314876550025964,27.7777777777778,0.3,0.35,3.19825412638628,3.29946188678009,-0.101207760393809,1.77286664258465,2.94045703475765
6.48,0.314876550025964,27.7777777777778,0.3,0.35,3.19768657398759,3.29945307649444,-0.101766502506845,0.637920792311184,2.9404153999318
6.49,0.314876550025964,27.7777777777778,0.3,0.35,3.19956586261396,3.29944337797528,-0.0998775153613223,2.26680733607303,2.94036956757497
6.5,0.314876550025964,27.7777777777778,0.3,0.35,3.19891575870626,3.29943303179216,-0.1005172730859,1.8551757140248,2.94032067454817
6.51,0.314876550025964,27.7777777777778,0.3,0.35,3.19818632117636,3.29942192014904,-0.101235598972683,-1.0628736036942,2.94026816418199
6.52,0.314876550025964,27.7777777777778,0.3,0.35,3.20231547894222,3.29940985502173,-0.0970943760795118,1.79736669566051,2.94021114792915
6.53,0.314876550025964,27.7777777777778,0.3,0.35,3.20440489305476,3.29939712470535,-0.0949922316505885,3.07211738966454,2.9401509881879
6.54,0.314876550025964,27.7777777777778,0.3,0.35,3.20211062526948,3.29938379413005,-0.0972731688605633,1.6558213979251,2.94008799179903
6.55,0.314876550025964,27.7777777777778,0.3,0.35,3.20264697616763,3.29936960794597,-0.0967226317783427,2.11185699500893,2.94002095205405
6.56,0.314876550025964,27.7777777777778,0.3,0.35,3.20223399689939,3.29935469680482,-0.0971206999054313,1.64879269491464,2.93995048637458
6.57,0.314876550025964,27.7777777777778,0.3,0.35,3.20271319731366,3.29933900652852,-0.096625809214856,-2.13934031054675,2.93987633873094
6.58,0.314876550025964,27.7777777777778,0.3,0.35,3.20655452331683,3.29932248662595,-0.0927679633091159,-2.15414457462232,2.93979827051687
6.59,0.314876550025964,27.7777777777778,0.3,0.35,3.21352663809039,3.29930516627555,-0.0857785281851524,3.96990172651261,2.93971641962113
6.6,0.314876550025964,27.7777777777778,0.3,0.35,3.21045616816123,3.29928731562953,-0.0888311474683037,1.55056824299974,2.93963206270386
6.61,0.314876550025964,27.7777777777778,0.3,0.35,3.21082095527987,3.29926864036358,-0.0884476850837146,1.54066971240136,2.93954380887466
6.62,0.314876550025964,27.7777777777778,0.3,0.35,3.21317211451121,3.29924918601402,-0.0860770715028094,2.21958806200624,2.93945187332483
6.63,0.314876550025964,27.7777777777778,0.3,0.35,3.2131146753736,3.29922901657379,-0.0861143412001923,1.75369170782846,2.93935655846623
6.64,0.314876550025964,27.7777777777778,0.3,0.35,3.21591535615256,3.29920806478208,-0.083292708629521,3.06848053505721,2.93925754644403
6.65,0.314876550025964,27.7777777777778,0.3,0.35,3.21486788145719,3.299186396041,-0.0843185145838046,1.50271027512986,2.93915514632935
6.66,0.314876550025964,27.7777777777778,0.3,0.35,3.21526977883836,3.29916395596489,-0.083894177126536,1.49985331760104,2.93904910111162
6.67,0.314876550025964,27.7777777777778,0.3,0.35,3.21562704575439,3.29914075669358,-0.0835137109391946,1.49984810469942,2.93893946816004
6.68,0.314876550025964,27.7777777777778,0.3,0.35,3.21593326688764,3.29911679650058,-0.0831835296129397,1.49984809518778,2.93882623931573
6.69,0.314876550025964,27.7777777777778,0.3,0.35,3.21652945404513,3.29909207466127,-0.0825626206161467,1.61311403471736,2.93870941115435
6.7,0.314876550025964,27.7777777777778,0.3,0.35,3.21653151867725,3.29906658509183,-0.0825350664145832,1.49758131472312,2.93858895492556
6.71,0.314876550025964,27.7777777777778,0.3,0.35,3.21670096808786,3.2990403242789,-0.0823393561910386,-0.166638014876474,2.93846485402625
6.72,0.314876550025964,27.7777777777778,0.3,0.35,3.2183078549384,3.29901330516371,-0.0807054502253086,-0.319997944202592,2.93833716961288
6.73,0.314876550025964,27.7777777777778,0.3,0.35,3.22186422745727,3.29898553743637,-0.0771213099790975,2.82057082280689,2.93820594747807
6.74,0.314876550025964,27.7777777777778,0.3,0.35,3.21996544223848,3.29895693276948,-0.0789914905310027,1.45427335150077,2.93807077021244
6.75,0.314876550025964,27.7777777777778,0.3,0.35,3.22022882397962,3.29892756635943,-0.0786987423798169,1.45178035878839,2.93793199317208
6.76,0.314876550025964,27.7777777777778,0.3,0.35,3.22044525388631,3.29889741102334,-0.078452157137026,1.45177580998932,2.9377894878986
6.77,0.314876550025964,27.7777777777778,0.3,0.35,3.22060902570417,3.29886646281374,-0.0782574371095697,1.45177580168943,2.9376432357375
6.78,0.314876550025964,27.7777777777778,0.3,0.35,3.22072018143609,3.29883471703587,-0.0781145355997865,0.920701537649643,2.93749321450274
6.79,0.314876550025964,27.7777777777778,0.3,0.35,3.22099167421134,3.29880217728005,-0.077810503068704,1.4604432543323,2.93733944116099
6.8,0.314876550025964,27.7777777777778,0.3,0.35,3.22099375346743,3.298768824489,-0.0777750710215686,1.44808144261838,2.93718182565328
6.81,0.314876550025964,27.7777777777778,0.3,0.35,3.22097239296707,3.29873465832323,-0.0777622653561649,1.4480588868374,2.93702036637518
6.82,0.314876550025964,27.7777777777778,0.3,0.35,3.22089846936523,3.29869967441523,-0.0778012050499965,1.44805884568135,2.93685504268716
6.83,0.314876550025964,27.7777777777778,0.3,0.35,3.22077178109505,3.2986638665279,-0.0778920854328486,1.44805884560626,2.9366858251145
6.84,0.314876550025964,27.7777777777778,0.3,0.35,3.22059241609895,3.29862722931784,-0.0780348132188906,1.44805884560612,2.93651268840587
6.85,0.314876550025964,27.7777777777778,0.3,0.35,3.22036032521039,3.29858975672204,-0.0782294315116547,1.44805884560612,2.9363356039093
6.86,0.314876550025964,27.7777777777778,0.3,0.35,3.22007556969004,3.29855144310737,-0.0784758734173305,1.44805884560612,2.93615454500418
6.87,0.314876550025964,27.7777777777778,0.3,0.35,3.22026924540979,3.29851230773453,-0.0782430623247459,1.51105943120603,2.93596960271103
6.88,0.314876550025964,27.7777777777778,0.3,0.35,3.21989258798145,3.29847230002617,-0.0785797120447191,1.45382351001383,2.93578053801603
6.89,0.314876550025964,27.7777777777778,0.3,0.35,3.21947164236089,3.29843143129424,-0.0789597889333513,0.908754824833972,2.93558740437622
6.9,0.314876550025964,27.7777777777778,0.3,0.35,3.21923879666913,3.29838970996723,-0.0791509132980996,1.44726749080409,2.9353902416221
6.91,0.314876550025964,27.7777777777778,0.3,0.35,3.21874344438042,3.29834710488491,-0.0796036605044925,1.43610695253957,2.93518890249964
6.92,0.314876550025964,27.7777777777778,0.3,0.35,3.21822113104664,3.29830362011334,-0.0800824890666996,1.43608658864287,2.93498340622382
6.93,0.314876550025964,27.7777777777778,0.3,0.35,3.2176455476112,3.29825925057357,-0.0806137029623706,1.43608655148622,2.93477372879297
6.94,0.314876550025964,27.7777777777778,0.3,0.35,3.21701620444873,3.29821398717059,-0.0811977827218637,-1.89193049794108,2.93455982722677
6.95,0.314876550025964,27.7777777777778,0.3,0.35,3.22142891406479,3.2981681117072,-0.0767391976424108,1.84491581716565,2.93434303324258
6.96,0.314876550025964,27.7777777777778,0.3,0.35,3.21979255438012,3.29812100481647,-0.0783284504363579,1.40352379160376,2.93412041989403
6.97,0.314876550025964,27.7777777777778,0.3,0.35,3.21920876894851,3.29807304314214,-0.0788642741936374,1.40271841274144,2.93389376708886
6.98,0.314876550025964,27.7777777777778,0.3,0.35,3.2185714309744,3.2980241597326,-0.079452728758199,1.40271694321985,2.93366275843344
6.99,0.314876550025964,27.7777777777778,0.3,0.35,3.21787860105562,3.2979743479281,-0.0800957468724866,1.40271694053851,2.93342736245577
7,0.314876550025964,27.7777777777778,0.3,0.35,3.21713028074098,3.29792360116661,-0.0807933204256308,1.40271694053362,2.93318754814558
7.01,0.314876550025964,27.7777777777778,0.3,0.35,3.21632635392069,3.29787191208601,-0.0815455581653159,1.40271694053361,2.93294328071167
7.02,0.314876550025964,27.7777777777778,0.3,0.35,3.21546670953481,3.29781927338086,-0.0823525638460438,1.40271694053361,2.93269452563067
7.03,0.314876550025964,27.7777777777778,0.3,0.35,3.21472724134615,3.29776569395176,-0.0830384526056043,1.42638572578184,2.93244132496423
7.04,0.314876550025964,27.7777777777778,0.3,0.35,3.21371015788017,3.29771113555676,-0.0840009776765975,-0.545029217816404,2.93218349799211
7.05,0.314876550025964,27.7777777777778,0.3,0.35,3.21330275114257,3.29765565613195,-0.0843529049893785,0.355683049222477,2.9319213185032
7.06,0.314876550025964,27.7777777777778,0.3,0.35,3.2121991819391,3.29759915120017,-0.0853999692610707,1.39289018304146,2.93165429276916
7.07,0.314876550025964,27.7777777777778,0.3,0.35,3.21113217412608,3.29754166068485,-0.0864094865587686,0.860091094619798,2.93138260945642
7.08,0.314876550025964,27.7777777777778,0.3,0.35,3.21247177511095,3.2974833753597,-0.0850116002487598,2.2602309379341,2.93110717010555
7.09,0.314876550025964,27.7777777777778,0.3,0.35,3.20990956562932,3.29742378818885,-0.0875142225595327,1.37477443139621,2.9308255786137
7.1,0.314876550025964,27.7777777777778,0.3,0.35,3.20879220251367,3.29736330477869,-0.0885711022650169,1.37315879741878,2.93053975175779
7.11,0.314876550025964,27.7777777777778,0.3,0.35,3.2087090307456,3.29730189992721,-0.0885928691816087,1.57605787419472,2.93024957044045
7.12,0.314876550025964,27.7777777777778,0.3,0.35,3.20704420847085,3.29723934574856,-0.0901951372777114,0.299280190781002,2.92995395774002
7.13,0.314876550025964,27.7777777777778,0.3,0.35,3.21129937460471,3.29717627801735,-0.0858769034126317,2.73570379243175,2.92965591814082
7.14,0.314876550025964,27.7777777777778,0.3,0.35,3.2085697232195,3.29711157796342,-0.0885418547439247,1.55954024055177,2.92935016466326
7.15,0.314876550025964,27.7777777777778,0.3,0.35,3.20712923367234,3.29704594732261,-0.0899167136502688,1.3050046110409,2.92904001350503
7.16,0.314876550025964,27.7777777777778,0.3,0.35,3.20611819093699,3.29697930152453,-0.0908611105875408,1.30454017669718,2.92872506501129
7.17,0.314876550025964,27.7777777777778,0.3,0.35,3.20592690307415,3.29691168304687,-0.0909847799727133,1.02276349634573,2.92840551991915
7.18,0.314876550025964,27.7777777777778,0.3,0.35,3.20700624254711,3.29684312817507,-0.0898368856279577,2.00363842060805,2.928081549703
7.19,0.314876550025964,27.7777777777778,0.3,0.35,3.20698780129569,3.2967734064976,-0.0897856052019126,1.89645297478902,2.92775206550546
7.2,0.314876550025964,27.7777777777778,0.3,0.35,3.2050692548872,3.29670242762758,-0.0916331727403792,0.76707197276329,2.92741664018467
7.21,0.314876550025964,27.7777777777778,0.3,0.35,3.20550375979909,3.29663059780393,-0.0911268380048433,1.43903463761969,2.92707719350664
7.22,0.314876550025964,27.7777777777778,0.3,0.35,3.20408964085458,3.29655749719241,-0.0924678563378301,1.23442085632298,2.92673174145785
7.23,0.314876550025964,27.7777777777778,0.3,0.35,3.2041335868882,3.2964834454524,-0.0923498585641953,-0.34208776629786,2.92638179465481
7.24,0.314876550025964,27.7777777777778,0.3,0.35,3.20364322618796,3.29640824537871,-0.0927650191907512,1.8075050799853,2.92602642116364
7.25,0.314876550025964,27.7777777777778,0.3,0.35,3.20282188814484,3.29633190459426,-0.0935100164494149,1.35327547669031,2.92566565700795
7.26,0.314876550025964,27.7777777777778,0.3,0.35,3.20170698205865,3.29625441921104,-0.0945474371523964,0.707928797874146,2.92529948381425
7.27,0.314876550025964,27.7777777777778,0.3,0.35,3.20322845440419,3.29617609760845,-0.0929476432042624,1.82463180544938,2.92492935889307
7.28,0.314876550025964,27.7777777777778,0.3,0.35,3.20185091056844,3.29609634105871,-0.0942454304902758,-0.29713294451031,2.92455245283253
7.29,0.314876550025964,27.7777777777778,0.3,0.35,3.20349136319037,3.29601578484703,-0.0925244216566599,2.37633074305033,2.9241717678042
7.3,0.314876550025964,27.7777777777778,0.3,0.35,3.20093665573791,3.29593362946144,-0.0949969737235303,1.1413994891875,2.92378352554906
7.31,0.314876550025964,27.7777777777778,0.3,0.35,3.20003450811382,3.29585050748544,-0.0958159993716143,1.13914619173155,2.9233907154711
7.32,0.314876550025964,27.7777777777778,0.3,0.35,3.19906434183467,3.29576622528703,-0.0967018834523636,1.13914208028857,2.92299242252238
7.33,0.314876550025964,27.7777777777778,0.3,0.35,3.19802093766491,3.29568078141724,-0.0976598437523291,1.1391420727867,2.92258863985543
7.34,0.314876550025964,27.7777777777778,0.3,0.35,3.19968994439252,3.29559450468684,-0.0959045602943154,0.50877997854786,2.92218092133354
7.35,0.314876550025964,27.7777777777778,0.3,0.35,3.20085347263665,3.29550701211476,-0.0946535394781169,1.92346482111936,2.92176745710052
7.36,0.314876550025964,27.7777777777778,0.3,0.35,3.1979820771078,3.29541787417679,-0.0974357970689903,1.07667685949921,2.92134621735085
7.37,0.314876550025964,27.7777777777778,0.3,0.35,3.19707150777707,3.29532778685775,-0.0982562790806782,0.872596071232612,2.92092049110473
7.38,0.314876550025964,27.7777777777778,0.3,0.35,3.19619885585816,3.29523653521247,-0.0990376793543093,1.09272410595033,2.92048926259435
7.39,0.314876550025964,27.7777777777778,0.3,0.35,3.19510173457613,3.29514407126015,-0.100042336684022,-1.19212240797993,2.92005230507643
7.4,0.314876550025964,27.7777777777778,0.3,0.35,3.19588518366598,3.29505065891458,-0.0991654752485971,1.86077944360495,2.9196108657302
7.41,0.314876550025964,27.7777777777778,0.3,0.35,3.19387715788146,3.29495571180107,-0.101078553919619,1.07478059653268,2.91916217352089
7.42,0.314876550025964,27.7777777777778,0.3,0.35,3.19266673622775,3.29485966618466,-0.102192929956913,0.00847832983243524,2.91870829010902
7.43,0.314876550025964,27.7777777777778,0.3,0.35,3.19155024701113,3.2947624397713,-0.103212192760167,1.0544046946337,2.91824882659711
7.44,0.314876550025964,27.7777777777778,0.3,0.35,3.19301705153811,3.29466434648233,-0.101647294944221,1.81542127752193,2.91778526648538
7.45,0.314876550025964,27.7777777777778,0.3,0.35,3.19002935222968,3.29456447926529,-0.104535127035604,0.943197791406713,2.91731332330986
7.46,0.314876550025964,27.7777777777778,0.3,0.35,3.18873063027107,3.29446362221494,-0.105732991943877,-0.103835972044693,2.91683670247249
7.47,0.314876550025964,27.7777777777778,0.3,0.35,3.19094954014397,3.29436202491424,-0.103412484770275,1.9535090026726,2.91635658342907
7.48,0.314876550025964,27.7777777777778,0.3,0.35,3.18761500954636,3.29425848765405,-0.10664347810769,1.00164143834343,2.91586729670607
7.49,0.314876550025964,27.7777777777778,0.3,0.35,3.1862549661534,3.29415399047765,-0.10789902432425,0.999904628497219,2.91537347370065
7.5,0.314876550025964,27.7777777777778,0.3,0.35,3.18490684363629,3.29404828928947,-0.109141445653177,1.05441187601835,2.91487396088874
7.51,0.314876550025964,27.7777777777778,0.3,0.35,3.18876075019486,3.29394208382184,-0.105181333626978,-1.14559554452008,2.914372065
7.52,0.314876550025964,27.7777777777778,0.3,0.35,3.19258296707638,3.2938346700085,-0.101251702932121,3.43772083953253,2.9138644588239
7.53,0.314876550025964,27.7777777777778,0.3,0.35,3.18674079070386,3.2937247205902,-0.106983929886348,0.893754911604275,2.91334487012251
7.54,0.314876550025964,27.7777777777778,0.3,0.35,3.18878735351977,3.29361464010603,-0.10482728658626,1.80877406295266,2.91282466204219
7.55,0.314876550025964,27.7777777777778,0.3,0.35,3.1864420377164,3.29350273757837,-0.107060699861972,-2.53704128817248,2.91229584351882
7.56,0.314876550025964,27.7777777777778,0.3,0.35,3.18979937556387,3.29339041857142,-0.103591043007552,-1.04105777213059,2.91176505683643
7.57,0.314876550025964,27.7777777777778,0.3,0.35,3.19414155356352,3.29327703219404,-0.0991354786305201,0.253451173610025,2.91122922607451
7.58,0.314876550025964,27.7777777777778,0.3,0.35,3.19538595022799,3.29316200213361,-0.097776051905615,-1.40838081038854,2.91068562774858
7.59,0.314876550025964,27.7777777777778,0.3,0.35,3.19822954688908,3.29304599183633,-0.0948164449472522,1.73800831215911,2.91013739711082
7.6,0.314876550025964,27.7777777777778,0.3,0.35,3.19660030244393,3.29292813498759,-0.0963278325436647,-3.6693120312795,2.90958044021247
7.61,0.314876550025964,27.7777777777778,0.3,0.35,3.2139220803504,3.29281180130611,-0.0788897209557109,2.55405980826553,2.90903068135582
7.62,0.314876550025964,27.7777777777778,0.3,0.35,3.21085132937947,3.29269133283773,-0.0818400034582565,0.589100438717854,2.90846138270909
7.63,0.314876550025964,27.7777777777778,0.3,0.35,3.21156351086792,3.2925701950157,-0.0810066841477837,0.58551510719871,2.90788892089333
7.64,0.314876550025964,27.7777777777778,0.3,0.35,3.21227481694177,3.29244785449573,-0.0801730375539651,0.382972855053305,2.90731077547987
7.65,0.314876550025964,27.7777777777778,0.3,0.35,3.21300132940989,3.29232433088293,-0.0793230014730417,0.585314026935646,2.90672703911669
7.66,0.314876550025964,27.7777777777778,0.3,0.35,3.21369626374875,3.29219959767849,-0.0785033339297416,0.0539622848651897,2.90613758657823
7.67,0.314876550025964,27.7777777777778,0.3,0.35,3.2147913488203,3.29207374745625,-0.077282398635953,0.697791909278441,2.90554285534127
7.68,0.314876550025964,27.7777777777778,0.3,0.35,3.21527203457224,3.29194661759198,-0.0766745830197442,0.58153160586531,2.90494207689143
7.69,0.314876550025964,27.7777777777778,0.3,0.35,3.21601453454768,3.29181833740242,-0.0758038028547352,0.593073859987162,2.90433586234162
7.7,0.314876550025964,27.7777777777778,0.3,0.35,3.21687844390486,3.29168890706178,-0.074810463156918,0.597601344709477,2.90372421251519
7.71,0.314876550025964,27.7777777777778,0.3,0.35,3.21752565721029,3.29155826736395,-0.0740326101536657,0.578238855608455,2.90310684762144
7.72,0.314876550025964,27.7777777777778,0.3,0.35,3.21838689618455,3.29142649594258,-0.0730395997580322,0.291756069553024,2.90248413453413
7.73,0.314876550025964,27.7777777777778,0.3,0.35,3.22033934079309,3.29129373290492,-0.0709543921118243,1.01595749581059,2.9018567353591
7.74,0.314876550025964,27.7777777777778,0.3,0.35,3.22036270525774,3.29115952077485,-0.0707968155171059,0.567045230315243,2.90122248819837
7.75,0.314876550025964,27.7777777777778,0.3,0.35,3.22182149421637,3.29102437280397,-0.0692028785875971,0.721795221114269,2.90058381852849
7.76,0.314876550025964,27.7777777777778,0.3,0.35,3.22220737734243,3.29088792484095,-0.0686805474985186,0.561396752867199,2.89993900547706
7.77,0.314876550025964,27.7777777777778,0.3,0.35,3.22295396472617,3.29075038664833,-0.0677964219221558,0.561104084381152,2.89928904032031
7.78,0.314876550025964,27.7777777777778,0.3,0.35,3.22369075069794,3.29061171712505,-0.0669209664271113,0.561103550368305,2.89863372882667
7.79,0.314876550025964,27.7777777777778,0.3,0.35,3.22441705141713,3.29047192553454,-0.066054874117413,0.561103549393927,2.89797311477244
7.8,0.314876550025964,27.7777777777778,0.3,0.35,3.22513287481154,3.29033101921058,-0.0651981443990337,0.561103549392149,2.89730723281489
7.81,0.314876550025964,27.7777777777778,0.3,0.35,3.22583828696321,3.29018901251947,-0.0643507255562592,0.561103549392146,2.89663615084495
7.82,0.314876550025964,27.7777777777778,0.3,0.35,3.22653321257973,3.29004590355626,-0.0635126909765229,0.561103549392146,2.89595985986034
7.83,0.314876550025964,27.7777777777778,0.3,0.35,3.2272177199179,3.28990170751013,-0.0626839875922292,0.561103549392146,2.89527843164074
7.84,0.314876550025964,27.7777777777778,0.3,0.35,3.22789182657497,3.28975643407599,-0.0618646075010245,0.561103549392146,2.89459191200142
7.85,0.314876550025964,27.7777777777778,0.3,0.35,3.22855554990009,3.28961009322691,-0.0610545433268221,0.561103549392146,2.89390034807214
7.86,0.314876550025964,27.7777777777778,0.3,0.35,3.22920890388855,3.28946269477254,-0.0602537908839906,0.561103549392146,2.89320378621047
7.87,0.314876550025964,27.7777777777778,0.3,0.35,3.22985190864701,3.28931424969973,-0.059462341052718,0.561103549392146,2.89250227833705
7.88,0.314876550025964,27.7777777777778,0.3,0.35,3.23048457476711,3.28916476792552,-0.0586801931584153,0.561103549392146,2.89179587131693
7.89,0.314876550025964,27.7777777777778,0.3,0.35,3.23131290918505,3.28901429563065,-0.0577013864455971,0.772490982635795,2.89108478338663
7.9,0.314876550025964,27.7777777777778,0.3,0.35,3.23178694274998,3.28886277047853,-0.0570758277285517,0.560252529411988,2.89036871996184
7.91,0.314876550025964,27.7777777777778,0.3,0.35,3.23239608725144,3.2887102503201,-0.0563141630686625,0.559865271930886,2.88964795442907
7.92,0.314876550025964,27.7777777777778,0.3,0.35,3.23299584334437,3.28855673855956,-0.0555608952151894,0.55986456532775,2.88892250287553
7.93,0.314876550025964,27.7777777777778,0.3,0.35,3.2335852920268,3.28840224900849,-0.0548169569816901,0.559864564038458,2.88819243057077
7.94,0.314876550025964,27.7777777777778,0.3,0.35,3.23416444982026,3.28824679427173,-0.0540823444514631,0.559864564036106,2.88745779708154
7.95,0.314876550025964,27.7777777777778,0.3,0.35,3.23473333529346,3.28809038724396,-0.0533570519504991,0.559864564036101,2.88671866334433
7.96,0.314876550025964,27.7777777777778,0.3,0.35,3.23529196935002,3.28793304140872,-0.0526410720587034,0.559864564036101,2.8859750930784
7.97,0.314876550025964,27.7777777777778,0.3,0.35,3.23584036779257,3.28777476972352,-0.051934401930954,0.559864564036101,2.88522714751707
7.98,0.314876550025964,27.7777777777778,0.3,0.35,3.23637855141501,3.28761558610443,-0.0512370346894206,0.559864564036101,2.88447489242369
7.99,0.314876550025964,27.7777777777778,0.3,0.35,3.23690654294366,3.28745550499424,-0.050548962050581,0.559864564036101,2.88371839605061
8,0.314876550025964,27.7777777777778,0.3,0.35,3.23742435825181,3.28729453998558,-0.0498701817337692,0.559864564036101,2.88295772263261
8.01,0.314876550025964,27.7777777777778,0.3,0.35,3.23793201939257,3.28713270581799,-0.049200686425424,0.559864564036101,2.88219294182444
8.02,0.314876550025964,27.7777777777778,0.3,0.35,3.23842954935562,3.28697001755237,-0.0485404681967458,0.559864564036101,2.88142412479949
8.03,0.314876550025964,27.7777777777778,0.3,0.35,3.23891696723789,3.28680648986536,-0.0478895226274667,0.559864564036101,2.88065134091525
8.04,0.314876550025964,27.7777777777778,0.3,0.35,3.23939429208275,3.28664213752915,-0.0472478454463987,0.559864564036101,2.87987465998079
8.05,0.314876550025964,27.7777777777778,0.3,0.35,3.23986155029253,3.28647697666277,-0.0466154263702308,0.559864564036101,2.8790941581699
8.06,0.314876550025964,27.7777777777778,0.3,0.35,3.24031876294885,3.28631102271179,-0.045992259762937,0.559864564036101,2.87830990847384
8.07,0.314876550025964,27.7777777777778,0.3,0.35,3.24076595227011,3.28614429141746,-0.0453783391473532,0.559864564036101,2.87752198528107
8.08,0.314876550025964,27.7777777777778,0.3,0.35,3.2412031406242,3.2859767986714,-0.0447736580472076,0.559864564036101,2.87673046369081
8.09,0.314876550025964,27.7777777777778,0.3,0.35,3.24163035798518,3.28580856169972,-0.0441782037145395,0.559864564036101,2.87593542510851
8.1,0.314876550025964,27.7777777777778,0.3,0.35,3.24204762180738,3.2856395958723,-0.0435919740649173,0.559864564036101,2.87513694216777
8.11,0.314876550025964,27.7777777777778,0.3,0.35,3.24245495988109,3.28546991825659,-0.0430149583754984,0.559864564036101,2.87433509552438
8.12,0.314876550025964,27.7777777777778,0.3,0.35,3.24285239750107,3.28529954564502,-0.0424471481439568,0.559864564036101,2.8735299645344
8.13,0.314876550025964,27.7777777777778,0.3,0.35,3.24323995918855,3.28512849477385,-0.0418885355853043,0.559864564036101,2.87272162828849
8.14,0.314876550025964,27.7777777777778,0.3,0.35,3.24361767409893,3.2849567831954,-0.041339109096469,0.559864564036101,2.87191016973372
8.15,0.314876550025964,27.7777777777778,0.3,0.35,3.24398556696871,3.28478442782976,-0.0407988608610528,0.559864564036101,2.8710956688296
8.16,0.314876550025964,27.7777777777778,0.3,0.35,3.24434366610793,3.28461144617411,-0.0402677800661833,0.559864564036101,2.87027820826252
8.17,0.314876550025964,27.7777777777778,0.3,0.35,3.24469200127161,3.28443785606355,-0.0397458547919394,0.559864564036101,2.86945787231606
8.18,0.314876550025964,27.7777777777778,0.3,0.35,3.24503059782987,3.28426367458286,-0.0392330767529905,0.559864564036101,2.86863474172779
8.19,0.314876550025964,27.7777777777778,0.3,0.35,3.24535948735615,3.28408891990955,-0.038729432553398,0.559864564036101,2.86780890239929
8.2,0.314876550025964,27.7777777777778,0.3,0.35,3.24567869696121,3.28391360944208,-0.0382349124808732,0.559864564036101,2.86698043655069
8.21,0.314876550025964,27.7777777777778,0.3,0.35,3.24598825808175,3.28373776132168,-0.0377495032399238,0.559864564036101,2.86614942991197
8.22,0.314876550025964,27.7777777777778,0.3,0.35,3.24628820209933,3.28356139366281,-0.0372731915634761,0.559864564036101,2.86531596808687
8.23,0.314876550025964,27.7777777777778,0.3,0.35,3.24657855843411,3.28338452422839,-0.0368059657942759,0.559864564036101,2.86448013501768
8.24,0.314876550025964,27.7777777777778,0.3,0.35,3.24685936157694,3.28320717159919,-0.0363478100222543,0.559864564036101,2.86364201851172
8.25,0.314876550025964,27.7777777777778,0.3,0.35,3.247130641396,3.28302935353602,-0.0358987121400203,0.559864564036101,2.8628017025013
8.26,0.314876550025964,27.7777777777778,0.3,0.35,3.24739243227806,3.28285108849963,-0.0354586562215764,0.559864564036101,2.86195927422654
8.27,0.314876550025964,27.7777777777778,0.3,0.35,3.24764476832574,3.28267239487563,-0.0350276265498852,0.559864564036101,2.86111482057243
8.28,0.314876550025964,27.7777777777778,0.3,0.35,3.24788768330179,3.28249329087206,-0.0346056075702661,0.559864564036101,2.86026842758488
8.29,0.314876550025964,27.7777777777778,0.3,0.35,3.24812121132939,3.28231379471064,-0.0341925833812535,0.559864564036101,2.85942018137435
8.3,0.314876550025964,27.7777777777778,0.3,0.35,3.24834539036655,3.28213392517048,-0.0337885348039313,0.559864564036101,2.85857017068539
8.31,0.314876550025964,27.7777777777778,0.3,0.35,3.24856025268761,3.28195369995267,-0.033393447265063,0.559864564036101,2.85771847916822
8.32,0.314876550025964,27.7777777777778,0.3,0.35,3.24876583837518,3.28177313801515,-0.0330072996399773,0.559864564036101,2.85686519641244
8.33,0.314876550025964,27.7777777777778,0.3,0.35,3.24896218249742,3.28159225729346,-0.0326300747960411,0.559864564036101,2.85601040717617
8.34,0.314876550025964,27.7777777777778,0.3,0.35,3.24914932194064,3.28141107597036,-0.0322617540297268,0.559864564036101,2.85515419738581
8.35,0.314876550025964,27.7777777777778,0.3,0.35,3.24932729769462,3.28122961274485,-0.0319023150502282,0.559864564036101,2.85429665540732
8.36,0.314876550025964,27.7777777777778,0.3,0.35,3.2494961462333,3.2810478854327,-0.0315517391993985,0.559864564036101,2.85343786543286
8.37,0.314876550025964,27.7777777777778,0.3,0.35,3.24965590833422,3.28086591243462,-0.0312100041004011,0.559864564036101,2.85257791441876
8.38,0.314876550025964,27.7777777777778,0.3,0.35,3.24980662413394,3.2806837118867,-0.030877087752752,0.559864564036101,2.85171688807084
8.39,0.314876550025964,27.7777777777778,0.3,0.35,3.24994833621531,3.28050130217527,-0.0305529659599642,0.559864564036101,2.85085487327755
8.4,0.314876550025964,27.7777777777778,0.3,0.35,3.25008108273817,3.28031870079109,-0.0302376180529276,0.559864564036101,2.84999195269507
8.41,0.314876550025964,27.7777777777778,0.3,0.35,3.25020490811999,3.28013592605729,-0.0299310179373005,0.559864564036101,2.84912821291309
8.42,0.314876550025964,27.7777777777778,0.3,0.35,3.25031985241236,3.27995299543393,-0.0296331430215657,0.559864564036101,2.84826373644279
8.43,0.314876550025964,27.7777777777778,0.3,0.35,3.25042596031955,3.27976992696003,-0.0293439666404858,0.559864564036101,2.84739860853128
8.44,0.314876550025964,27.7777777777778,0.3,0.35,3.25052327563492,3.2795867383027,-0.029063462667783,0.559864564036101,2.84653291266813
8.45,0.314876550025964,27.7777777777778,0.3,0.35,3.25061184065625,3.27940344671241,-0.0287916060561546,0.559864564036101,2.84566673037396
8.46,0.314876550025964,27.7777777777778,0.3,0.35,3.25069170290847,3.27922007011909,-0.028528367210618,0.559864564036101,2.84480014638048
8.47,0.314876550025964,27.7777777777778,0.3,0.35,3.2507629039,3.27903662517234,-0.0282737212723378,0.559864564036101,2.84393323936868
8.48,0.314876550025964,27.7777777777778,0.3,0.35,3.25082549436113,3.27885312992627,-0.0280276355651408,0.559864564036101,2.84306609465707
8.49,0.314876550025964,27.7777777777778,0.3,0.35,3.25087951614716,3.27866960068832,-0.0277900845411674,0.559864564036101,2.84219878930982
8.5,0.314876550025964,27.7777777777778,0.3,0.35,3.25092501799645,3.27848605469605,-0.0275610366995913,0.559864564036101,2.8413314047865
8.51,0.314876550025964,27.7777777777778,0.3,0.35,3.25096204668746,3.27830250863375,-0.0273404619462894,0.559864564036101,2.84046401993233
8.52,0.314876550025964,27.7777777777778,0.3,0.35,3.2509906512686,3.27811897933864,-0.0271283280700443,0.559864564036101,2.83959671431494
8.53,0.314876550025964,27.7777777777778,0.3,0.35,3.25101087860042,3.27793548302706,-0.0269246044266462,0.559864564036101,2.83872956456804
8.54,0.314876550025964,27.7777777777778,0.3,0.35,3.2510227792011,3.27775203630685,-0.0267292571057465,0.559864564036101,2.83786264917538
8.55,0.314876550025964,27.7777777777778,0.3,0.35,3.25102640148188,3.27756865516783,-0.0265422536859439,0.559864564036101,2.8369960437002
8.56,0.314876550025964,27.7777777777778,0.3,0.35,3.25102179646415,3.27738535580699,-0.0263635593428408,0.559864564036101,2.83612982468476
8.57,0.314876550025964,27.7777777777778,0.3,0.35,3.25100901452592,3.27720215404778,-0.026193139521856,0.559864564036101,2.83526406690595
8.58,0.314876550025964,27.7777777777778,0.3,0.35,3.25098810715418,3.27701906564273,-0.0260309584885503,0.559864564036101,2.83439884480568
8.59,0.314876550025964,27.7777777777778,0.3,0.35,3.25095912244573,3.27683610552415,-0.0258769830784225,0.559864564036101,2.83353422894962
8.6,0.314876550025964,27.7777777777778,0.3,0.35,3.25092211552522,3.27665328953158,-0.0257311740063542,0.559864564036101,2.8326702941908
8.61,0.314876550025964,27.7777777777778,0.3,0.35,3.25087713641227,3.27647063241064,-0.0255934959983728,0.559864564036101,2.83180711021274
8.62,0.314876550025964,27.7777777777778,0.3,0.35,3.25082423942006,3.27628814933369,-0.0254639099136336,0.559864564036101,2.8309447487155
8.63,0.314876550025964,27.7777777777778,0.3,0.35,3.25076347709878,3.27610585492683,-0.0253423778280455,0.559864564036101,2.83008327881775
8.64,0.314876550025964,27.7777777777778,0.3,0.35,3.25069490404381,3.27592376389361,-0.0252288598497952,0.559864564036101,2.82922277000418
8.65,0.314876550025964,27.7777777777778,0.3,0.35,3.25061857260293,3.27574189028559,-0.0251233176826622,0.559864564036101,2.82836328867836
8.66,0.314876550025964,27.7777777777778,0.3,0.35,3.25053453615963,3.27556024804465,-0.025025711885017,0.559864564036101,2.82750490072548
8.67,0.314876550025964,27.7777777777778,0.3,0.35,3.25044285140348,3.27537885141426,-0.0249360000107788,0.559864564036101,2.826647673456
8.68,0.314876550025964,27.7777777777778,0.3,0.35,3.25034357335783,3.27519771408745,-0.0248541407296217,0.559864564036101,2.82579167157924
8.69,0.314876550025964,27.7777777777778,0.3,0.35,3.25023675792972,3.27501684963816,-0.0247800917084375,0.559864564036101,2.82493695924154
8.7,0.314876550025964,27.7777777777778,0.3,0.35,3.25012246004206,3.27483627116832,-0.0247138111262619,0.559864564036101,2.82408359835888
8.71,0.314876550025964,27.7777777777778,0.3,0.35,3.25000073471754,3.27465599155076,-0.0246552568332201,0.559864564036101,2.82323164976443
8.72,0.314876550025964,27.7777777777778,0.3,0.35,3.24987164038951,3.27447602395957,-0.0246043835700589,0.559864564036101,2.82238117571507
8.73,0.314876550025964,27.7777777777778,0.3,0.35,3.24973523281266,3.27429638082319,-0.0245611480105357,0.559864564036101,2.82153223494399
8.74,0.314876550025964,27.7777777777778,0.3,0.35,3.24959156966004,3.27411707465004,-0.0245255049899966,0.559864564036101,2.82068488656227
8.75,0.314876550025964,27.7777777777778,0.3,0.35,3.24944070810877,3.27393811759378,-0.0244974094850083,0.559864564036101,2.81983918800459
8.76,0.314876550025964,27.7777777777778,0.3,0.35,3.24928270417628,3.27375952127533,-0.0244768170990519,0.559864564036101,2.81899519418801
8.77,0.314876550025964,27.7777777777778,0.3,0.35,3.24911761623519,3.27358129751884,-0.0244636812836529,0.559864564036101,2.81815296098996
8.78,0.314876550025964,27.7777777777778,0.3,0.35,3.24894550377136,3.27340345804562,-0.0244579542742591,0.559864564036101,2.81731254380191
8.79,0.314876550025964,27.7777777777778,0.3,0.35,3.24876642549938,3.27322601421345,-0.0244595887140706,0.559864564036101,2.81647399629744
8.8,0.314876550025964,27.7777777777778,0.3,0.35,3.24858043811313,3.27304897666992,-0.0244685385567949,0.559864564036101,2.81563736879394
8.81,0.314876550025964,27.7777777777778,0.3,0.35,3.24838760212107,3.27287235655264,-0.0244847544315774,0.559864564036101,2.81480271392443
8.82,0.314876550025964,27.7777777777778,0.3,0.35,3.24818797659341,3.27269616443762,-0.0245081878442135,0.559864564036101,2.81397008166805
8.83,0.314876550025964,27.7777777777778,0.3,0.35,3.24798162127974,3.27252041078725,-0.0245387895075022,0.559864564036101,2.81313952146698
8.84,0.314876550025964,27.7777777777778,0.3,0.35,3.24776859410999,3.27234510542849,-0.0245765113185064,0.559864564036101,2.81231107976064
8.85,0.314876550025964,27.7777777777778,0.3,0.35,3.24754895497004,3.27217025834984,-0.0246213033798015,0.559864564036101,2.81148480375163
8.86,0.314876550025964,27.7777777777778,0.3,0.35,3.24732276387671,3.27199587923732,-0.0246731153606148,0.559864564036101,2.81066073921331
8.87,0.314876550025964,27.7777777777778,0.3,0.35,3.24709008230409,3.2718219778433,-0.02473189553921,0.559864564036101,2.80983893223249
8.88,0.314876550025964,27.7777777777778,0.3,0.35,3.2468509696596,3.27164856325631,-0.0247975935967046,0.559864564036101,2.8090194257589
8.89,0.314876550025964,27.7777777777778,0.3,0.35,3.24660548378908,3.27147564406144,-0.0248701602723607,0.559864564036101,2.80820226036318
8.9,0.314876550025964,27.7777777777778,0.3,0.35,3.24635368787256,3.27130322954358,-0.0249495416710213,0.559864564036101,2.80738747992299
8.91,0.314876550025964,27.7777777777778,0.3,0.35,3.24609564156059,3.27113132811348,-0.0250356865528927,0.559864564036101,2.80657512418504
8.92,0.314876550025964,27.7777777777778,0.3,0.35,3.24583140511863,3.27095994805957,-0.0251285429409349,0.559864564036101,2.80576523231804
8.93,0.314876550025964,27.7777777777778,0.3,0.35,3.24556103998544,3.27078909764267,-0.0252280576572348,0.559864564036101,2.80495784336023
8.94,0.314876550025964,27.7777777777778,0.3,0.35,3.24528460671088,3.2706187847443,-0.0253341780334222,0.559864564036101,2.80415299455731
8.95,0.314876550025964,27.7777777777778,0.3,0.35,3.24500216526521,3.27044901687056,-0.0254468516053508,0.559864564036101,2.80335072138089
8.96,0.314876550025964,27.7777777777778,0.3,0.35,3.24471377715169,3.27027980161699,-0.0255660244652947,0.559864564036101,2.80255105972534
8.97,0.314876550025964,27.7777777777778,0.3,0.35,3.24441950328032,3.2701111462419,-0.0256916429615801,0.559864564036101,2.80175404389129
8.98,0.314876550025964,27.7777777777778,0.3,0.35,3.24411940488575,3.26994305784146,-0.0258236529557094,0.559864564036101,2.80095970741312
8.99,0.314876550025964,27.7777777777778,0.3,0.35,3.24381354265676,3.26977554318271,-0.0259620005259547,0.559864564036101,2.80016808226988
9,0.314876550025964,27.7777777777778,0.3,0.35,3.24350197773727,3.26960860894994,-0.0261066312126728,0.559864564036101,2.79937920004958
9.01,0.314876550025964,27.7777777777778,0.3,0.35,3.24318477057645,3.26944226141856,-0.0262574908421063,0.559864564036101,2.79859309040795
9.02,0.314876550025964,27.7777777777778,0.3,0.35,3.24286198304542,3.26927650698582,-0.0264145239404017,0.559864564036101,2.79780978357656
9.03,0.314876550025964,27.7777777777778,0.3,0.35,3.24253367489344,3.26911135141625,-0.0265776765228116,0.559864564036101,2.79702930679683
9.04,0.314876550025964,27.7777777777778,0.3,0.35,3.24219990717667,3.26894680055727,-0.0267468933806003,0.559864564036101,2.796251687702
9.05,0.314876550025964,27.7777777777778,0.3,0.35,3.24186074245637,3.26878286031649,-0.026922117860118,0.559864564036101,2.79547695420966
9.06,0.314876550025964,27.7777777777778,0.3,0.35,3.24151623923436,3.26861953566975,-0.0271032964353841,0.559864564036101,2.7947051298342
9.07,0.314876550025964,27.7777777777778,0.3,0.35,3.24116645989056,3.26845683211999,-0.0272903722294275,0.559864564036101,2.79393624058092
9.08,0.314876550025964,27.7777777777778,0.3,0.35,3.2408114644499,3.26829475455564,-0.0274832901057369,0.559864564036101,2.79317030955103
9.09,0.314876550025964,27.7777777777778,0.3,0.35,3.24045131354976,3.26813330780878,-0.0276819942590159,0.559864564036101,2.79240735957961
9.1,0.314876550025964,27.7777777777778,0.3,0.35,3.24008606684268,3.26797249633952,-0.0278864294968417,0.559864564036101,2.79164741174378
9.11,0.314876550025964,27.7777777777778,0.3,0.35,3.23971578557982,3.26781232475988,-0.0280965391800585,0.559864564036101,2.7908904878386
9.12,0.314876550025964,27.7777777777778,0.3,0.35,3.23934053006324,3.26765279733992,-0.0283122672766773,0.0287903000114614,2.79013660804315
9.13,0.314876550025964,27.7777777777778,0.3,0.35,3.2390244275634,3.26749393351935,-0.0284695059559446,0.559354491173637,2.78938586422374
9.14,0.314876550025964,27.7777777777778,0.3,0.35,3.23864597712357,3.26733570827154,-0.0286897311479635,0.558626908678518,2.78863813811192
9.15,0.314876550025964,27.7777777777778,0.3,0.35,3.23826444719898,3.26717813763508,-0.0289136904360996,0.558625581106817,2.78789350550136
9.16,0.314876550025964,27.7777777777778,0.3,0.35,3.23787812765592,3.26702122639813,-0.0291430987422121,0.558625578684485,2.78715198901943
9.17,0.314876550025964,27.7777777777778,0.3,0.35,3.2374870752156,3.26686497794038,-0.0293779027247756,0.558625578680065,2.7864136046376
9.18,0.314876550025964,27.7777777777778,0.3,0.35,3.2370913497554,3.26670939547304,-0.0296180457176392,0.558625578680057,2.78567836753112
9.19,0.314876550025964,27.7777777777778,0.3,0.35,3.23669101169232,3.2665544821934,-0.0298634705010743,0.558625578680057,2.78494629280943
9.2,0.314876550025964,27.7777777777778,0.3,0.35,3.23628611960879,3.26640024077586,-0.0301141211670646,0.558625578680057,2.78421739311095
9.21,0.314876550025964,27.7777777777778,0.3,0.35,3.23587673333282,3.26624667404446,-0.03036994071164,0.558625578680057,2.78349168178129
9.22,0.314876550025964,27.7777777777778,0.3,0.35,3.23546291224976,3.26609378460318,-0.0306308723534117,0.558625578680057,2.78276917112606
9.23,0.314876550025964,27.7777777777778,0.3,0.35,3.23504471458381,3.26594157471796,-0.0308968601341491,0.558625578680057,2.78204987185346
9.24,0.314876550025964,27.7777777777778,0.3,0.35,3.23462219876216,3.26579004654403,-0.0311678477818722,0.558625578680057,2.78133379414847
9.25,0.314876550025964,27.7777777777778,0.3,0.35,3.23419542458082,3.26563920247444,-0.0314437778936192,0.558625578680057,2.78062094931993
9.26,0.314876550025964,27.7777777777778,0.3,0.35,3.23376444954546,3.26548904426855,-0.031724594723086,0.558625578680057,2.77991134568206
9.27,0.314876550025964,27.7777777777778,0.3,0.35,3.23332933165296,3.26533957374071,-0.0320102420877495,0.558625578680057,2.77920499180894
9.28,0.314876550025964,27.7777777777778,0.3,0.35,3.23289012951103,3.26519079269844,-0.0323006631874092,0.558625578680057,2.77850189624243
9.29,0.314876550025964,27.7777777777778,0.3,0.35,3.2324468997939,3.26504270248175,-0.0325958026878581,0.558625578680057,2.77780206531495
9.3,0.314876550025964,27.7777777777778,0.3,0.35,3.23199970046661,3.26489530457625,-0.0328956041096413,0.558625578680057,2.77710550604706
9.31,0.314876550025964,27.7777777777778,0.3,0.35,3.23154858829743,3.26474860019494,-0.0332000118975073,0.558625578680057,2.77641222417112
9.32,0.314876550025964,27.7777777777778,0.3,0.35,3.23109362175516,3.26460259081557,-0.0335089690604176,0.558625578680057,2.77572222667052
9.33,0.314876550025964,27.7777777777778,0.3,0.35,3.23063485513768,3.26445727689676,-0.0338224217590772,0.558625578680057,2.77503551571247
9.34,0.314876550025964,27.7777777777778,0.3,0.35,3.23017234579895,3.26431265953237,-0.0341403137334231,0.558625578680057,2.77435209646636
9.35,0.314876550025964,27.7777777777778,0.3,0.35,3.22970614979071,3.264168739464,-0.0344625896732924,0.558625578680057,2.77367197243668
9.36,0.314876550025964,27.7777777777778,0.3,0.35,3.22923632288394,3.26402551731627,-0.0347891944323253,0.558625578680057,2.77299514657523
9.37,0.314876550025964,27.7777777777778,0.3,0.35,3.22876292110059,3.26388299371448,-0.0351200726138909,0.558625578680057,2.77232162183704
9.38,0.314876550025964,27.7777777777778,0.3,0.35,3.22828599858947,3.26374116879392,-0.0354551702044561,0.558625578680057,2.77165139886139
9.39,0.314876550025964,27.7777777777778,0.3,0.35,3.22780561075901,3.26360004291884,-0.0357944321598316,0.558625578680057,2.77098447936964
9.4,0.314876550025964,27.7777777777778,0.3,0.35,3.22732181218527,3.26345961624877,-0.0361378040635043,0.558625578680057,2.77032086411569
9.41,0.314876550025964,27.7777777777778,0.3,0.35,3.22683465761977,3.2633198889545,-0.0364852313347339,0.558625578680057,2.76966055390662
9.42,0.314876550025964,27.7777777777778,0.3,0.35,3.22634420071074,3.2631808608638,-0.0368366601530572,0.558625578680057,2.76900354792853
9.43,0.314876550025964,27.7777777777778,0.3,0.35,3.22585049545878,3.26304253193836,-0.0371920364795817,0.558625578680057,2.76834984600041
9.44,0.314876550025964,27.7777777777778,0.3,0.35,3.22535359499223,3.26290490179652,-0.0375513068042892,0.558625578680057,2.76769944631859
9.45,0.314876550025964,27.7777777777778,0.3,0.35,3.22485355270143,3.26276797019666,-0.0379144174952271,0.558625578680057,2.76705234774129
9.46,0.314876550025964,27.7777777777778,0.3,0.35,3.22435042079022,3.26263173649206,-0.0382813157018389,0.558625578680057,2.76640854721233
9.47,0.314876550025964,27.7777777777778,0.3,0.35,3.22384425213435,3.26249620028457,-0.038651948150215,0.558625578680057,2.76576804285007
9.48,0.314876550025964,27.7777777777778,0.3,0.35,3.22333509865536,3.26236136085762,-0.039026262202257,0.558625578680057,2.76513083126829
9.49,0.314876550025964,27.7777777777778,0.3,0.35,3.22282301232469,3.2622272175524,-0.0394042052277075,0.558625578680057,2.76449690935363
9.5,0.314876550025964,27.7777777777778,0.3,0.35,3.22230804465039,3.26209376954562,-0.0397857248952329,0.558625578680057,2.76386627321548
9.51,0.314876550025964,27.7777777777778,0.3,0.35,3.22179024678908,3.26196101600341,-0.0401707692143325,0.558625578680057,2.76323891891317
9.52,0.314876550025964,27.7777777777778,0.3,0.35,3.22126966866153,3.26182895558347,-0.04055928692194,0.558625578680057,2.76261484010339
9.53,0.314876550025964,27.7777777777778,0.3,0.35,3.22074636195948,3.26169758767175,-0.0409512257122739,0.558625578680057,2.76199403388436
9.54,0.314876550025964,27.7777777777778,0.3,0.35,3.22022037569578,3.26156691077271,-0.0413465350769311,0.558625578680057,2.76137649318857
9.55,0.314876550025964,27.7777777777778,0.3,0.35,3.21969176023949,3.26143692383276,-0.0417451635932693,0.558625578680057,2.76076221303706
9.56,0.314876550025964,27.7777777777778,0.3,0.35,3.21916056477372,3.26130762551812,-0.0421470607443952,0.558625578680057,2.76015118712679
9.57,0.314876550025964,27.7777777777778,0.3,0.35,3.21862683831022,3.26117901445814,-0.0425521761479191,0.558625578680057,2.75954340898048
9.58,0.314876550025964,27.7777777777778,0.3,0.35,3.21809062970724,3.26105108923932,-0.0429604595320887,0.558625578680057,2.75893887191831
9.59,0.314876550025964,27.7777777777778,0.3,0.35,3.21755198717923,3.26092384831828,-0.0433718611390477,0.558625578680057,2.75833756864668
9.6,0.314876550025964,27.7777777777778,0.3,0.35,3.21701095868715,3.26079729011623,-0.0437863314290787,0.558625578680057,2.75773949170484
9.61,0.314876550025964,27.7777777777778,0.3,0.35,3.2164675916617,3.26067141289506,-0.044203821233356,0.558625578680057,2.75714463287884
9.62,0.314876550025964,27.7777777777778,0.3,0.35,3.21592193373023,3.26054621513964,-0.0446242814094076,0.558625578680057,2.75655298500871
9.63,0.314876550025964,27.7777777777778,0.3,0.35,3.21537403158201,3.26042169498904,-0.0450476634070283,0.558625578680057,2.75596453930021
9.64,0.314876550025964,27.7777777777778,0.3,0.35,3.21482393161571,3.26029785052628,-0.045473918910572,0.558625578680057,2.75537928669425
9.65,0.314876550025964,27.7777777777778,0.3,0.35,3.21427168021466,3.26017467999076,-0.0459029997760996,0.558625578680057,2.75479721887074
9.66,0.314876550025964,27.7777777777778,0.3,0.35,3.21371732309174,3.260052181446,-0.0463348583542542,0.558625578680057,2.75421832667843
9.67,0.314876550025964,27.7777777777778,0.3,0.35,3.21316090579528,3.25993035289736,-0.0467694471020814,0.558625578680057,2.75364260069133
9.68,0.314876550025964,27.7777777777778,0.3,0.35,3.21260247316027,3.2598091922436,-0.0472067190833227,0.558625578680057,2.75307003097949
9.69,0.314876550025964,27.7777777777778,0.3,0.35,3.21204207017198,3.25968869747877,-0.0476466273067895,0.558625578680057,2.75250060806345
9.7,0.314876550025964,27.7777777777778,0.3,0.35,3.21147974076862,3.2595688662904,-0.0480891255217797,0.558625578680057,2.75193432101511
9.71,0.314876550025964,27.7777777777778,0.3,0.35,3.21091552928599,3.25944969668857,-0.0485341674025759,0.558625578680057,2.75137116043069
9.72,0.314876550025964,27.7777777777778,0.3,0.35,3.21034947917275,3.25933118638163,-0.0489817072088856,0.558625578680057,2.75081111548057
9.73,0.314876550025964,27.7777777777778,0.3,0.35,3.20978163356295,3.2592133329821,-0.0494316994191522,0.558625578680057,2.75025417488218
9.74,0.314876550025964,27.7777777777778,0.3,0.35,3.20921203536802,3.25909613423001,-0.0498840988619946,0.558625578680057,2.74970032795559
9.75,0.314876550025964,27.7777777777778,0.3,0.35,3.20864072721259,3.25897958792205,-0.0503388607094526,0.558625578680057,2.74914956428853
9.76,0.314876550025964,27.7777777777778,0.3,0.35,3.20806775090995,3.25886369142207,-0.0507959405121245,0.558625578680057,2.74860187142345
9.77,0.314876550025964,27.7777777777778,0.3,0.35,3.20749314847284,3.25874844247713,-0.0512552940042905,0.558625578680057,2.74805723871355
9.78,0.314876550025964,27.7777777777778,0.3,0.35,3.20691696103947,3.25863383843478,-0.0517168773953047,0.558625578680057,2.74751565362409
9.79,0.314876550025964,27.7777777777778,0.3,0.35,3.20633922978941,3.25851987689192,-0.0521806471025172,0.558625578680057,2.74697710479882
9.8,0.314876550025964,27.7777777777778,0.3,0.35,3.20575999519989,3.25840655535868,-0.0526465601587871,0.558625578680057,2.74644158047125
9.81,0.314876550025964,27.7777777777778,0.3,0.35,3.20517929766738,3.25829387128604,-0.0531145736186529,0.558625578680057,2.7459090685955
9.82,0.314876550025964,27.7777777777778,0.3,0.35,3.20459717695573,3.25818182189569,-0.0535846449399515,0.558625578680057,2.7453795560421
9.83,0.314876550025964,27.7777777777778,0.3,0.35,3.20401367259551,3.25807040468247,-0.0540567320869516,0.558625578680057,2.7448530309724
9.84,0.314876550025964,27.7777777777778,0.3,0.35,3.2044124424986,3.25795967235033,-0.0535472298517288,0.693252034138834,2.7443297424498
9.85,0.314876550025964,27.7777777777778,0.3,0.35,3.20355006548989,3.25784950041852,-0.0542994349286312,0.548318064034672,2.74380910221483
9.86,0.314876550025964,27.7777777777778,0.3,0.35,3.20303205831328,3.25773996780995,-0.0547079094966754,0.548053612596508,2.74329148323393
9.87,0.314876550025964,27.7777777777778,0.3,0.35,3.20310251347014,3.25763108727585,-0.0545285738057086,0.78683613669006,2.74277694576569
9.88,0.314876550025964,27.7777777777778,0.3,0.35,3.20214308590936,3.25752277527447,-0.0553796893651177,0.545850531101985,2.74226509501638
9.89,0.314876550025964,27.7777777777778,0.3,0.35,3.20163732717397,3.25741509976577,-0.0557777725918065,0.545410820591547,2.74175625214475
9.9,0.314876550025964,27.7777777777778,0.3,0.35,3.20113088918424,3.25730803631399,-0.0561771471297559,0.545410018280834,2.7412503016746
9.91,0.314876550025964,27.7777777777778,0.3,0.35,3.20062276163604,3.25720158244016,-0.0565788208041273,0.545410016816911,2.74074723189105
9.92,0.314876550025964,27.7777777777778,0.3,0.35,3.20011298928365,3.25709573629172,-0.0569827470080657,0.54541001681424,2.74024703403942
9.93,0.314876550025964,27.7777777777778,0.3,0.35,3.19960160661362,3.25699049408218,-0.0573888874685688,0.545410016814235,2.73974969022595
9.94,0.314876550025964,27.7777777777778,0.3,0.35,3.199088652671,3.25688585286102,-0.057797200190028,0.545410016814235,2.73925518650724
9.95,0.314876550025964,27.7777777777778,0.3,0.35,3.1985741701547,3.25678181029127,-0.058207640136569,0.545410016814235,2.73876351183951
9.96,0.314876550025964,27.7777777777778,0.3,0.35,3.19805819794093,3.2566783634091,-0.0586201654681671,0.545410016814235,2.73827465221653
9.97,0.314876550025964,27.7777777777778,0.3,0.35,3.1975407746328,3.25657550935472,-0.0590347347219233,0.545410016814235,2.73778859412386
9.98,0.314876550025964,27.7777777777778,0.3,0.35,3.19702193840814,3.25647324517651,-0.0594513067683691,0.545410016814235,2.73730532361292
9.99,0.314876550025964,27.7777777777778,0.3,0.35,3.19759963414251,3.25637162141027,-0.0587719872677588,1.10354081428815,2.73682507950111
10,0.314876550025964,27.7777777777778,0.3,0.35,3.19655364429628,3.2562705073423,-0.0597168630460176,0.535875242556998,2.73634724407381
10.01,0.314876550025964,27.7777777777778,0.3,0.35,3.19609929587443,3.25616999938441,-0.0600707035099797,0.534839460699011,2.735872272945
10.02,0.314876550025964,27.7777777777778,0.3,0.35,3.19564568110608,3.25607006887071,-0.0604243877646304,0.534837570776298,2.73540003064804
10.03,0.314876550025964,27.7777777777778,0.3,0.35,3.1951903415528,3.25597071308458,-0.0607803715317745,0.534837567327881,2.73493050434499
10.04,0.314876550025964,27.7777777777778,0.3,0.35,3.19473331463505,3.25587192941484,-0.0611386147797907,0.534837567321599,2.73446368169625
10.05,0.314876550025964,27.7777777777778,0.3,0.35,3.1942746362843,3.25577371442898,-0.0614990781446755,0.534837567321577,2.73399954648067
10.06,0.314876550025964,27.7777777777778,0.3,0.35,3.19381434709113,3.25567606539981,-0.0618617183086805,0.534837567321577,2.73353808581044
10.07,0.314876550025964,27.7777777777778,0.3,0.35,3.19335248273553,3.25557897894884,-0.0622264962133108,0.534837567321577,2.73307928371974
10.08,0.314876550025964,27.7777777777778,0.3,0.35,3.19288908386001,3.25548245248772,-0.062593368627708,0.534837567321577,2.73262312797682
10.09,0.314876550025964,27.7777777777778,0.3,0.35,3.19259388339846,3.25538649233571,-0.062792608937253,0.550300368665749,2.73216964844468
10.1,0.314876550025964,27.7777777777778,0.3,0.35,3.19210096339892,3.25529107745981,-0.0631901140608884,0.532427685032205,2.73171874572748
10.11,0.314876550025964,27.7777777777778,0.3,0.35,3.19164942799503,3.2551962138137,-0.0635467858186711,0.532395073927387,2.73127044796059
10.12,0.314876550025964,27.7777777777778,0.3,0.35,3.1911964770102,3.25510189887766,-0.0639054218674606,0.532395014519647,2.73082474323651
10.13,0.314876550025964,27.7777777777778,0.3,0.35,3.19074205635993,3.25500812825819,-0.0642660718982637,0.532395014315661,2.73038161079295
10.14,0.314876550025964,27.7777777777778,0.3,0.35,3.19028620685426,3.25491489958754,-0.0646286927332747,0.532395014315289,2.72994103944049
10.15,0.314876550025964,27.7777777777778,0.3,0.35,3.18982896403235,3.2548222097889,-0.0649932457565483,0.532395014315288,2.72950301463913
10.16,0.314876550025964,27.7777777777778,0.3,0.35,3.18937035949598,3.25473005527471,-0.0653596957787319,0.532395014315288,2.7290675194351
10.17,0.314876550025964,27.7777777777778,0.3,0.35,3.18891043021677,3.25463843319692,-0.0657280029801544,0.532395014315288,2.72863454036928
10.18,0.314876550025964,27.7777777777778,0.3,0.35,3.1884492107455,3.25454734048508,-0.0660981297395842,0.532395014315288,2.72820406293171
10.19,0.314876550025964,27.7777777777778,0.3,0.35,3.18798673742007,3.25445677453706,-0.0664700371169924,0.329859304087392,2.7277760748254
10.2,0.314876550025964,27.7777777777778,0.3,0.35,3.18946448558623,3.25436681138563,-0.0649023257993918,1.51828770027819,2.72735093535897
10.21,0.314876550025964,27.7777777777778,0.3,0.35,3.18796932061167,3.25427725174455,-0.0663079311328713,0.517700912794721,2.72692770276412
10.22,0.314876550025964,27.7777777777778,0.3,0.35,3.18761174751044,3.25418825282741,-0.0665765053169687,0.515873647172107,2.72650711998616
10.23,0.314876550025964,27.7777777777778,0.3,0.35,3.18725462067522,3.25409976761036,-0.066845146935143,0.515871874110495,2.72608896480414
10.24,0.314876550025964,27.7777777777778,0.3,0.35,3.18689562592556,3.2540117933771,-0.0671161674515393,0.515871870875307,2.72567322438164
10.25,0.314876550025964,27.7777777777778,0.3,0.35,3.18653480180788,3.25392432763569,-0.0673895258278101,0.515871870869404,2.72525988694247
10.26,0.314876550025964,27.7777777777778,0.3,0.35,3.18617218565683,3.2538373673882,-0.0676651817313698,0.515871870869393,2.72484893831927
10.27,0.314876550025964,27.7777777777778,0.3,0.35,3.18580781454677,3.25375090968379,-0.0679430951370192,0.515871870869393,2.72444036456732
10.28,0.314876550025964,27.7777777777778,0.3,0.35,3.18544172486443,3.25366495148022,-0.0682232266157885,0.515871870869393,2.7240341513098
10.29,0.314876550025964,27.7777777777778,0.3,0.35,3.18507395278636,3.25357948979563,-0.0685055370092673,0.515871870869393,2.72363028445533
10.3,0.314876550025964,27.7777777777778,0.3,0.35,3.18529181972264,3.25349454439079,-0.068202724668156,0.797297936654571,2.72322885738755
10.31,0.314876550025964,27.7777777777778,0.3,0.35,3.18460431664876,3.25341005766445,-0.0688057410156908,0.511264820435773,2.72282959789981
10.32,0.314876550025964,27.7777777777778,0.3,0.35,3.18426378732691,3.25332606979548,-0.0690622824685727,0.510987272206457,2.7224326958657
10.33,0.314876550025964,27.7777777777778,0.3,0.35,3.18392215697941,3.2532425661937,-0.0693204092142894,0.510986765782543,2.72203808233625
10.34,0.314876550025964,27.7777777777778,0.3,0.35,3.18357878738319,3.25315954403016,-0.0695807566469679,0.510986764858505,2.72164574394275
10.35,0.314876550025964,27.7777777777778,0.3,0.35,3.18323371215967,3.2530770003066,-0.0698432881469295,0.510986764856819,2.72125566651623
10.36,0.314876550025964,27.7777777777778,0.3,0.35,3.18288697009441,3.25299493247307,-0.070107962378668,0.510986764856816,2.72086783800647
10.37,0.314876550025964,27.7777777777778,0.3,0.35,3.1825385957332,3.25291333757171,-0.0703747418385041,0.510986764856816,2.72048224443535
10.38,0.314876550025964,27.7777777777778,0.3,0.35,3.18218862360834,3.25283221270575,-0.070643589097405,0.510986764856816,2.72009887211369
10.39,0.314876550025964,27.7777777777778,0.3,0.35,3.18245564490506,3.25275157840663,-0.0702959335015731,0.540091239789348,2.71971781806705
10.4,0.314876550025964,27.7777777777778,0.3,0.35,3.18206459079737,3.2526713851261,-0.0706067943287279,0.503525387725922,2.71933884814489
10.41,0.314876550025964,27.7777777777778,0.3,0.35,3.18175916447953,3.25259165518746,-0.0708324907079363,0.503458668431895,2.71896206784063
10.42,0.314876550025964,27.7777777777778,0.3,0.35,3.1814520833489,3.25251238318021,-0.0710602998313132,0.503458546693608,2.71858745158578
10.43,0.314876550025964,27.7777777777778,0.3,0.35,3.18114322534511,3.25243356685519,-0.0712903415100841,0.50345854647148,2.71821498875148
10.44,0.314876550025964,27.7777777777778,0.3,0.35,3.18083262317802,3.25235520322254,-0.0715225800445247,0.503458546471075,2.71784466520855
10.45,0.314876550025964,27.7777777777778,0.3,0.35,3.1805203077214,3.25227728916283,-0.0717569814414376,0.503458546471074,2.71747646621548
10.46,0.314876550025964,27.7777777777778,0.3,0.35,3.18020631688119,3.2521998221946,-0.0719935053134124,0.503458546471074,2.71711038004559
10.47,0.314876550025964,27.7777777777778,0.3,0.35,3.17989068418799,3.25212279951199,-0.0722321153239904,0.503458546471074,2.7167463934392
10.48,0.314876550025964,27.7777777777778,0.3,0.35,3.17957344266635,3.25204621826411,-0.0724727755977628,0.503458546471074,2.71638449292395
10.49,0.314876550025964,27.7777777777778,0.3,0.35,3.17925462536955,3.25197007571761,-0.0727154503480585,0.503458546471074,2.71602466558265
10.5,0.314876550025964,27.7777777777778,0.3,0.35,3.17893426444505,3.25189436900166,-0.0729601045566071,0.503458546471074,2.71566689784875
10.51,0.314876550025964,27.7777777777778,0.3,0.35,3.17861239220411,3.25181909541395,-0.0732067032098471,-0.54350866248551,2.71531117695189
10.52,0.314876550025964,27.7777777777778,0.3,0.35,3.17956152124855,3.25174429355806,-0.0721827723095143,0.764290091948293,2.7149576853212
10.53,0.314876550025964,27.7777777777778,0.3,0.35,3.18002975124148,3.25166990400696,-0.0716401527654771,0.836483064658556,2.71460614212203
10.54,0.314876550025964,27.7777777777778,0.3,0.35,3.17911125930484,3.25159589676784,-0.072484637463003,0.482492711923649,2.71425640561715
10.55,0.314876550025964,27.7777777777778,0.3,0.35,3.17892901014026,3.25152233281932,-0.0725933226790571,0.481277231907749,2.7139087639736
10.56,0.314876550025964,27.7777777777778,0.3,0.35,3.1787459216667,3.25144918786086,-0.0727032661941585,0.481275012205394,2.71356310235418
10.57,0.314876550025964,27.7777777777778,0.3,0.35,3.1785604724464,3.25137645936253,-0.0728159869161331,0.481275010051537,2.71321940880323
10.58,0.314876550025964,27.7777777777778,0.3,0.35,3.18072778664212,3.25130421614848,-0.0705764295063629,1.23579187294792,2.71287800856341
10.59,0.314876550025964,27.7777777777778,0.3,0.35,3.17962173687872,3.25123228750841,-0.0716105506296936,0.467622762823425,2.71253809490797
10.6,0.314876550025964,27.7777777777778,0.3,0.35,3.17952263352136,3.25116079600848,-0.0716381624871207,-1.71368033420365,2.71220024704859
10.61,0.314876550025964,27.7777777777778,0.3,0.35,3.18040219794282,3.25108974013033,-0.0706875421875051,0.529082923800864,2.71186445780995
10.62,0.314876550025964,27.7777777777778,0.3,0.35,3.18019244186729,3.25101905572452,-0.0708266138572378,0.456297618838814,2.71153042404069
10.63,0.314876550025964,27.7777777777778,0.3,0.35,3.18015379780592,3.25094877552745,-0.0707949777215298,0.45604769936234,2.71119830044332
10.64,0.314876550025964,27.7777777777778,0.3,0.35,3.18175921288468,3.25087894170548,-0.0691197288208087,1.14513499781696,2.7108682862838
10.65,0.314876550025964,27.7777777777778,0.3,0.35,3.180856235454,3.25080943230691,-0.0699531968529064,0.444913900784555,2.71053980525403
10.66,0.314876550025964,27.7777777777778,0.3,0.35,3.18088767034094,3.2507403413629,-0.0698526710219602,0.443636253618681,2.71021330171784
10.67,0.314876550025964,27.7777777777778,0.3,0.35,3.1814204410607,3.25067165537468,-0.069251214313983,0.484549608358428,2.70988871188393
10.68,0.314876550025964,27.7777777777778,0.3,0.35,3.18166151274575,3.25060334927219,-0.068941836526434,0.497156199258477,2.70956591727852
10.69,0.314876550025964,27.7777777777778,0.3,0.35,3.18200195421805,3.25053543118685,-0.0685334769687964,0.434493736071631,2.70924495632839
10.7,0.314876550025964,27.7777777777778,0.3,0.35,3.1821054011861,3.25046788860442,-0.0683624874183195,0.428997506722929,2.70892576989489
10.71,0.314876550025964,27.7777777777778,0.3,0.35,3.182217840332,3.25040072620794,-0.0681828858759355,0.428978634578859,2.70860838010861
10.72,0.314876550025964,27.7777777777778,0.3,0.35,3.18232612812791,3.25033394116742,-0.0680078130395092,0.428978600114662,2.70829277359596
10.73,0.314876550025964,27.7777777777778,0.3,0.35,3.18243029203853,3.25026753112067,-0.0678372390821429,0.42897860008122,2.70797893919386
10.74,0.314876550025964,27.7777777777778,0.3,0.35,3.18253038512893,3.25020149374967,-0.0676711086207393,-0.617988608875425,2.70766686594805
10.75,0.314876550025964,27.7777777777778,0.3,0.35,3.18348185419437,3.25013585071193,-0.0666539965175539,0.48927061814221,2.70735665620557
10.76,0.314876550025964,27.7777777777778,0.3,0.35,3.18347406663599,3.25007055012719,-0.0665964834912023,0.419136032558151,2.70704806479554
10.77,0.314876550025964,27.7777777777778,0.3,0.35,3.18362728978164,3.25000561828273,-0.0663783285010857,-0.627959146342327,2.70674121594388
10.78,0.314876550025964,27.7777777777778,0.3,0.35,3.18441136623777,3.24994106696407,-0.0655297007263029,0.509962349981854,2.70643616534555
10.79,0.314876550025964,27.7777777777778,0.3,0.35,3.1843724789222,3.24987685494671,-0.065504376024502,0.4120170944494,2.70613271818563
10.8,0.314876550025964,27.7777777777778,0.3,0.35,3.18456146606883,3.24981300631267,-0.0652515402438461,0.411680784434643,2.70583098826874
10.81,0.314876550025964,27.7777777777778,0.3,0.35,3.1847463389513,3.24974951343262,-0.0650031744813253,0.4116801702673,2.70553093954083
10.82,0.314876550025964,27.7777777777778,0.3,0.35,3.18492671467885,3.24968637405891,-0.0647596593800555,0.411680169671352,2.70523256138018
10.83,0.314876550025964,27.7777777777778,0.3,0.35,3.18510264692376,3.24962358596884,-0.064520939045086,0.411680169670264,2.70493584328301
10.84,0.314876550025964,27.7777777777778,0.3,0.35,3.18527417404937,3.24956114662123,-0.0642869725718604,0.411680169670262,2.7046407732404
10.85,0.314876550025964,27.7777777777778,0.3,0.35,3.18544134732462,3.24949905377268,-0.0640577064480614,0.411680169670262,2.70434734065072
10.86,0.314876550025964,27.7777777777778,0.3,0.35,3.18560421424817,3.24943730512382,-0.0638330908756553,0.411680169670262,2.70405553464781
10.87,0.314876550025964,27.7777777777778,0.3,0.35,3.1857628215381,3.24937589838195,-0.0636130768438515,0.411680169670262,2.70376534439704
10.88,0.314876550025964,27.7777777777778,0.3,0.35,3.18591721410428,3.24931483123901,-0.0633976171347288,0.411680169670262,2.70347675899123
10.89,0.314876550025964,27.7777777777778,0.3,0.35,3.18606744409899,3.24925410156497,-0.063186657465979,0.411680169670262,2.70318976836445
10.9,0.314876550025964,27.7777777777778,0.3,0.35,3.1862135583729,3.24919370713989,-0.0629801487669956,0.411680169670262,2.70290436202591
10.91,0.314876550025964,27.7777777777778,0.3,0.35,3.18635560366494,3.24913364576461,-0.0627780420996662,0.411680169670262,2.70262052958303
10.92,0.314876550025964,27.7777777777778,0.3,0.35,3.18649362290867,3.24907391518207,-0.0625802922734029,0.411680169670262,2.70233826036962
10.93,0.314876550025964,27.7777777777778,0.3,0.35,3.18680598014712,3.24901451817931,-0.0622085380321877,0.427142971014434,2.70205756755643
10.94,0.314876550025964,27.7777777777778,0.3,0.35,3.18690957007313,3.24895544286013,-0.0620458727869999,0.40927028738089,2.70177839492545
10.95,0.314876550025964,27.7777777777778,0.3,0.35,3.18705194661709,3.24889669196322,-0.06184474534613,0.409237728663667,2.70150075541901
10.96,0.314876550025964,27.7777777777778,0.3,0.35,3.18719044101311,3.24883826319189,-0.0616478221787804,0.409237616868332,2.70122463818354
10.97,0.314876550025964,27.7777777777778,0.3,0.35,3.18732501643437,3.24878015440648,-0.0614551379721062,0.409237616664172,2.70095003310767
10.98,0.314876550025964,27.7777777777778,0.3,0.35,3.18745571631273,3.24872236348296,-0.061266647170239,0.409237616663974,2.7006769301539
10.99,0.314876550025964,27.7777777777778,0.3,0.35,3.18758258444344,3.24866488832412,-0.0610823038806809,0.409237616663974,2.70040531941136
11,0.314876550025964,27.7777777777778,0.3,0.35,3.18770566327858,3.24860772682688,-0.0609020635483,0.409237616663974,2.70013519094151
11.01,0.314876550025964,27.7777777777778,0.3,0.35,3.18782499423172,3.24855087688867,-0.0607258826569477,0.409237616663974,2.69986653480831
11.02,0.314876550025964,27.7777777777778,0.3,0.35,3.18794061984998,3.24849433645255,-0.0605537166025738,0.409237616663974,2.69959934129119
11.03,0.314876550025964,27.7777777777778,0.3,0.35,3.18805258204556,3.24843810347022,-0.06038552142466,0.409237616663974,2.69933360071047
11.04,0.314876550025964,27.7777777777778,0.3,0.35,3.18816092108251,3.24838217588066,-0.0602212547981509,0.409237616663974,2.69906930332643
11.05,0.314876550025964,27.7777777777778,0.3,0.35,3.18826567922873,3.24832655168649,-0.0600608724577558,0.409237616663974,2.6988064397
11.06,0.314876550025964,27.7777777777778,0.3,0.35,3.18877603339766,3.2482712376157,-0.059495204218035,0.825969749971287,2.69854504162572
11.07,0.314876550025964,27.7777777777778,0.3,0.35,3.18860946831242,3.24821620958332,-0.0596067412708972,0.407559904009174,2.69828499528507
11.08,0.314876550025964,27.7777777777778,0.3,0.35,3.18871816698932,3.24816148399839,-0.0594433170090731,0.406796459211334,2.69802637822236
11.09,0.314876550025964,27.7777777777778,0.3,0.35,3.18882518457013,3.24810705357486,-0.0592818690047356,0.406795066204059,2.69776915600585
11.1,0.314876550025964,27.7777777777778,0.3,0.35,3.18892870717906,3.24803158984601,-0.0591028826669522,0.406795063662331,2.69751332044617
11.11,0.314876550025964,27.7777777777778,0.3,0.35,3.1890287706586,3.24795481560603,-0.0589260449474298,0.406795063657693,2.69725886233551
11.12,0.314876550025964,27.7777777777778,0.3,0.35,3.18912541395589,3.24787845420604,-0.0587530402501546,0.406795063657685,2.69700577252867
11.13,0.314876550025964,27.7777777777778,0.3,0.35,3.18921867620806,3.24780250292161,-0.058583826713547,0.406795063657685,2.69675404199585
11.14,0.314876550025964,27.7777777777778,0.3,0.35,3.18930859452362,3.24772695899839,-0.0584183644747664,0.406795063657685,2.69650366160812
11.15,0.314876550025964,27.7777777777778,0.3,0.35,3.18939520731394,3.24765181974926,-0.058256612435319,-0.726139196997388,2.69625462245939
11.16,0.314876550025964,27.7777777777778,0.3,0.35,3.19447392753633,3.24757722474454,-0.0531032972082164,2.25091818224992,2.69600738713714
11.17,0.314876550025964,27.7777777777778,0.3,0.35,3.19194157421995,3.24750281430999,-0.0555612400900345,0.37850043732639,2.69576076354836
11.18,0.314876550025964,27.7777777777778,0.3,0.35,3.19221838570416,3.24742887868132,-0.0552104929771633,0.375083960394643,2.6955157136412
11.19,0.314876550025964,27.7777777777778,0.3,0.35,3.19249876862986,3.24735533696056,-0.0548565683306981,0.375077726574943,2.69527196928993
11.2,0.314876550025964,27.7777777777778,0.3,0.35,3.19277458599798,3.247282186702,-0.0545076007040187,0.375077715218777,2.69502952238858
11.21,0.314876550025964,27.7777777777778,0.3,0.35,3.19304584554334,3.24720942485044,-0.0541635793071054,0.375077715179784,2.69478836281112
11.22,0.314876550025964,27.7777777777778,0.3,0.35,3.19331260345036,3.24713704904183,-0.0538244455914625,0.375077715179712,2.69454848272215
11.23,0.314876550025964,27.7777777777778,0.3,0.35,3.1935749113754,3.24706505684638,-0.0534901454709784,0.375077715179712,2.69430987406853
11.24,0.314876550025964,27.7777777777778,0.3,0.35,3.19383281433689,3.24699344572683,-0.0531606313899431,0.375077715179712,2.6940725284408
11.25,0.314876550025964,27.7777777777778,0.3,0.35,3.19408635466568,3.24692221311775,-0.0528358584520641,0.375077715179712,2.69383643733618
11.26,0.314876550025964,27.7777777777778,0.3,0.35,3.19433557831266,3.24685135655219,-0.0525157782395276,0.375077715179712,2.69360159257831
11.27,0.314876550025964,27.7777777777778,0.3,0.35,3.19458052870732,3.24678087353798,-0.0522003448306578,0.375077715179712,2.6933679859072
11.28,0.314876550025964,27.7777777777778,0.3,0.35,3.1948212498393,3.2467107616196,-0.0518895117803062,0.375077715179712,2.69313560918438
11.29,0.314876550025964,27.7777777777778,0.3,0.35,3.19505778436341,3.24664101833986,-0.0515832339764498,0.375077715179712,2.69290445426579
11.3,0.314876550025964,27.7777777777778,0.3,0.35,3.19529017476991,3.24657164126335,-0.0512814664934367,0.375077715179712,2.69267451307957
11.31,0.314876550025964,27.7777777777778,0.3,0.35,3.19551846163447,3.24650262794094,-0.0509841663064647,0.375077715179712,2.69244577750845
11.32,0.314876550025964,27.7777777777778,0.3,0.35,3.19574268876943,3.24643397601353,-0.0506912872441045,0.375077715179712,2.69221823973349
11.33,0.314876550025964,27.7777777777778,0.3,0.35,3.19596289659413,3.24636568307816,-0.0504027864840273,0.375077715179712,2.69199189179034
11.34,0.314876550025964,27.7777777777778,0.3,0.35,3.19617912679218,3.24629774678178,-0.0501186199896004,0.375077715179712,2.6917667258802
11.35,0.314876550025964,27.7777777777778,0.3,0.35,3.19639141971234,3.24623016476869,-0.0498387450563511,0.375077715179712,2.69154273419538
11.36,0.314876550025964,27.7777777777778,0.3,0.35,3.19659981563795,3.24616293470597,-0.0495631190680252,0.375077715179712,2.69131990900372
11.37,0.314876550025964,27.7777777777778,0.3,0.35,3.19680435422568,3.24609605427199,-0.0492917000463154,0.375077715179712,2.6910982426105
11.38,0.314876550025964,27.7777777777778,0.3,0.35,3.19700507536925,3.24602952117372,-0.0490244458044696,0.375077715179712,2.69087772741574
11.39,0.314876550025964,27.7777777777778,0.3,0.35,3.19720201825004,3.24596333312734,-0.0487613148772978,0.375077715179712,2.69065835585003
11.4,0.314876550025964,27.7777777777778,0.3,0.35,3.19739522236928,3.24589748787906,-0.0485022655097795,0.375077715179712,2.69044012044353
11.41,0.314876550025964,27.7777777777778,0.3,0.35,3.19758472466665,3.24583198314642,-0.0482472584797744,0.375077715179712,2.69022301363128
11.42,0.314876550025964,27.7777777777778,0.3,0.35,3.19777056423889,3.24576681671396,-0.0479962524750768,0.375077715179712,2.69000702807043
11.43,0.314876550025964,27.7777777777778,0.3,0.35,3.19795277950065,3.24570198637543,-0.0477492068747818,0.375077715179712,2.68979215644865
11.44,0.314876550025964,27.7777777777778,0.3,0.35,3.19813140699126,3.24563748990929,-0.0475060829180238,0.375077715179712,2.68957839140295
11.45,0.314876550025964,27.7777777777778,0.3,0.35,3.19830648412652,3.24557332513457,-0.0472668410080491,0.375077715179712,2.6893657257048
11.46,0.314876550025964,27.7777777777778,0.3,0.35,3.19847804824856,3.2455094898914,-0.0470314416428393,0.375077715179712,2.68915415219559
11.47,0.314876550025964,27.7777777777778,0.3,0.35,3.19864613525425,3.24544598201287,-0.0467998467586237,0.375077715179712,2.6889436636934
11.48,0.314876550025964,27.7777777777778,0.3,0.35,3.19881078094779,3.24538279935248,-0.0465720184046909,0.375077715179712,2.68873425308389
11.49,0.314876550025964,27.7777777777778,0.3,0.35,3.19897202086451,3.24531993978031,-0.0463479189157985,0.375077715179712,2.68852591330775
11.5,0.314876550025964,27.7777777777778,0.3,0.35,3.19912989153798,3.24525740120887,-0.0461275096708884,0.375077715179712,2.68831863744628
11.51,0.314876550025964,27.7777777777778,0.3,0.35,3.19928442702912,3.24519518152187,-0.0459107544927506,0.375077715179712,2.6881124184853
11.52,0.314876550025964,27.7777777777778,0.3,0.35,3.19943566349235,3.24513327866762,-0.0456976151752726,0.375077715179712,2.68790724962476
11.53,0.314876550025964,27.7777777777778,0.3,0.35,3.19958363351886,3.24507169054285,-0.0454880570239853,0.375077715179712,2.68770312389363
11.54,0.314876550025964,27.7777777777778,0.3,0.35,3.19972837291332,3.24501041513168,-0.0452820422183585,0.375077715179712,2.68750003461059
11.55,0.314876550025964,27.7777777777778,0.3,0.35,3.19986991495521,3.24494945038755,-0.0450795354323392,0.375077715179712,2.68729797499252
11.56,0.314876550025964,27.7777777777778,0.3,0.35,3.20000829299911,3.24488879428653,-0.0448805012874205,0.375077715179712,2.68709693833141
11.57,0.314876550025964,27.7777777777778,0.3,0.35,3.20014354101574,3.24482844483838,-0.0446849038226418,0.375077715179712,2.68689691803087
11.58,0.314876550025964,27.7777777777778,0.3,0.35,3.20027569069187,3.24476840002648,-0.0444927093346075,0.375077715179712,2.68669790740707
11.59,0.314876550025964,27.7777777777778,0.3,0.35,3.20040477542372,3.24470865789021,-0.044303882466497,0.375077715179712,2.68649989996182
11.6,0.314876550025964,27.7777777777778,0.3,0.35,3.20053082829564,3.24464921648307,-0.0441183881874312,0.375077715179712,2.68630288924364
11.61,0.314876550025964,27.7777777777778,0.3,0.35,3.20065388007819,3.24459007383093,-0.04393619375274,0.375077715179712,2.68610686870959
11.62,0.314876550025964,27.7777777777778,0.3,0.35,3.20077396303131,3.24453122801082,-0.0437572649795031,0.375077715179712,2.68591183198623
11.63,0.314876550025964,27.7777777777778,0.3,0.35,3.20089110934844,3.24447267711851,-0.0435815677700724,0.375077715179712,2.68571777276223
11.64,0.314876550025964,27.7777777777778,0.3,0.35,3.20100534895474,3.24441441922249,-0.0434090702677481,0.375077715179712,2.68552468463588
11.65,0.314876550025964,27.7777777777778,0.3,0.35,3.20111671393339,3.24435645245613,-0.043239738522737,0.375077715179712,2.68533256142041
11.66,0.314876550025964,27.7777777777778,0.3,0.35,3.20122523390271,3.24429877492089,-0.0430735410181731,0.375077715179712,2.68514139682345
11.67,0.314876550025964,27.7777777777778,0.3,0.35,3.20133093940885,3.24424138475728,-0.0429104453484284,0.375077715179712,2.68495118468192
11.68,0.314876550025964,27.7777777777778,0.3,0.35,3.20143385961028,3.24418428009605,-0.0427504204857767,0.375077715179712,2.68476191880044
11.69,0.314876550025964,27.7777777777778,0.3,0.35,3.20153402539506,3.24412745912358,-0.0425934337285105,0.375077715179712,2.68457359316797
11.7,0.314876550025964,27.7777777777778,0.3,0.35,3.20163146666804,3.24407092002471,-0.0424394533566721,0.375077715179712,2.68438620176848
11.71,0.314876550025964,27.7777777777778,0.3,0.35,3.20172621198199,3.24401466097485,-0.0422884489928572,0.375077715179712,2.68419973855455
11.72,0.314876550025964,27.7777777777778,0.3,0.35,3.2018182902687,3.24395868017626,-0.0421403899075572,0.375077715179712,2.68401419756781
11.73,0.314876550025964,27.7777777777778,0.3,0.35,3.20190773060415,3.24390297585296,-0.0419952452488173,0.375077715179712,2.68382957292204
11.74,0.314876550025964,27.7777777777778,0.3,0.35,3.20199456013379,3.24384754620672,-0.0418529860729251,0.375077715179712,2.68364585865718
11.75,0.314876550025964,27.7777777777778,0.3,0.35,3.20207880784023,3.2437923894967,-0.0417135816564707,0.375077715179712,2.68346304900355
11.76,0.314876550025964,27.7777777777778,0.3,0.35,3.20216050163061,3.24373750397759,-0.0415770023469793,0.375077715179712,2.68328113817643
11.77,0.314876550025964,27.7777777777778,0.3,0.35,3.20223966910699,3.24368288791579,-0.0414432188088023,0.375077715179712,2.68310012043014
11.78,0.314876550025964,27.7777777777778,0.3,0.35,3.20231633787068,3.24362853959581,-0.0413122017251366,0.375077715179712,2.68291999007883
11.79,0.314876550025964,27.7777777777778,0.3,0.35,3.20239053521382,3.24357445731352,-0.0411839220996928,0.375077715179712,2.6827407414744
11.8,0.314876550025964,27.7777777777778,0.3,0.35,3.2030545755749,3.24352065134388,-0.0404660757689812,0.50121261502848,2.68256240867192
11.81,0.314876550025964,27.7777777777778,0.3,0.35,3.20286373699795,3.24346709176427,-0.0406033547663212,0.370031285875261,2.68238489249672
11.82,0.314876550025964,27.7777777777778,0.3,0.35,3.20296523143029,3.24341379818011,-0.0404485667498156,0.369791927972281,2.68220825792841
11.83,0.314876550025964,27.7777777777778,0.3,0.35,3.20306469737589,3.2433607639023,-0.0402960665264125,0.369791491231732,2.68203248279689
11.84,0.314876550025964,27.7777777777778,0.3,0.35,3.2031615696343,3.24330798714225,-0.0401464175079509,0.36979149043484,2.68185756117407
11.85,0.314876550025964,27.7777777777778,0.3,0.35,3.20325588193978,3.24325546641077,-0.0399995844709879,0.369791490433386,2.68168348812424
11.86,0.314876550025964,27.7777777777778,0.3,0.35,3.20408993437111,3.2432032144129,-0.0391132800417964,0.503595971759984,2.68151030575658
11.87,0.314876550025964,27.7777777777778,0.3,0.35,3.20391191264945,3.24315119661515,-0.039239283965701,0.362348036261591,2.68133789961437
11.88,0.314876550025964,27.7777777777778,0.3,0.35,3.20405095257832,3.2430994353594,-0.0390484827810758,0.361863039872398,2.68116634374686
11.89,0.314876550025964,27.7777777777778,0.3,0.35,3.20418778662925,3.24304792358458,-0.0388601369553241,0.361862154174886,2.68099561475104
11.9,0.314876550025964,27.7777777777778,0.3,0.35,3.20432181866037,3.24299665975448,-0.0386748410941098,0.361862153315461,2.68082570753534
11.91,0.314876550025964,27.7777777777778,0.3,0.35,3.20445308027176,3.24294564237705,-0.0384925621052865,0.361862153313893,2.6806566171546
11.92,0.314876550025964,27.7777777777778,0.3,0.35,3.20458159977502,3.24289486989976,-0.0383132701247386,0.36186215331389,2.6804883384631
11.93,0.314876550025964,27.7777777777778,0.3,0.35,3.20470740609697,3.24284434079634,-0.0381369346993754,0.36186215331389,2.68032086640228
11.94,0.314876550025964,27.7777777777778,0.3,0.35,3.20483052572231,3.24279405351397,-0.0379635277916637,0.36186215331389,2.68015419582547
11.95,0.314876550025964,27.7777777777778,0.3,0.35,3.20495098644522,3.24274400653789,-0.0377930200926722,0.36186215331389,2.67998832171223
11.96,0.314876550025964,27.7777777777778,0.3,0.35,3.20506881643908,3.2426941983753,-0.0376253819362154,0.36186215331389,2.67982323911485
11.97,0.314876550025964,27.7777777777778,0.3,0.35,3.20518404189117,3.2426446275142,-0.0374605856230232,0.36186215331389,2.67965894302201
11.98,0.314876550025964,27.7777777777778,0.3,0.35,3.20529668919601,3.24259529246126,-0.0372986032652545,0.36186215331389,2.6794954284843
11.99,0.314876550025964,27.7777777777778,0.3,0.35,3.20540678619942,3.2425461917635,-0.037139405564075,0.36186215331389,2.67933269068596
12,0.314876550025964,27.7777777777778,0.3,0.35,3.20551435880514,3.24249732394898,-0.0369829651438405,0.36186215331389,2.67917072474848
12.01,0.314876550025964,27.7777777777778,0.3,0.35,3.20561943228863,3.24244868754958,-0.0368292552609479,0.36186215331389,2.67900952580592
12.02,0.314876550025964,27.7777777777778,0.3,0.35,3.20572203355652,3.24240028114038,-0.0366782475838634,2.0309235647962,2.67884908913562
12.03,0.314876550025964,27.7777777777778,0.3,0.35,3.20400983588638,3.24235207383469,-0.0383422379483154,-0.0813730736373415,2.67868931236767
12.04,0.314876550025964,27.7777777777778,0.3,0.35,3.20473015472131,3.24230413421508,-0.0375739794937733,0.375723751379542,2.67853042281
12.05,0.314876550025964,27.7777777777778,0.3,0.35,3.20472648162839,3.24225640777639,-0.0375299261479927,0.37729460521444,2.67837223981241
12.06,0.314876550025964,27.7777777777778,0.3,0.35,3.20471915461442,3.24220890568666,-0.0374897510722385,0.377296127021847,2.67821480038992
12.07,0.314876550025964,27.7777777777778,0.3,0.35,3.20471018808382,3.24216162654478,-0.0374514384609546,0.377296132251673,2.67805809989873
12.08,0.314876550025964,27.7777777777778,0.3,0.35,3.20469959929525,3.2421145688171,-0.0374149695218562,0.377296132256748,2.67790213325578
12.09,0.314876550025964,27.7777777777778,0.3,0.35,3.20468741363945,3.24206773128765,-0.0373803176482048,0.377296132256757,2.67774689643085
12.1,0.314876550025964,27.7777777777778,0.3,0.35,3.20467365032163,3.24202111259793,-0.0373474622762955,0.377296132256757,2.67759238492137
12.11,0.314876550025964,27.7777777777778,0.3,0.35,3.20465832835255,3.24197471139903,-0.037316383046484,0.377296132256757,2.67743859425662
12.12,0.314876550025964,27.7777777777778,0.3,0.35,3.20464146655964,3.24192852635185,-0.0372870597922095,0.377296132256757,2.67728551999827
12.13,0.314876550025964,27.7777777777778,0.3,0.35,3.20462308259684,3.24188255610115,-0.0372594735043097,0.377296132256757,2.67713315765455
12.14,0.314876550025964,27.7777777777778,0.3,0.35,3.20460319518517,3.24183679933361,-0.0372336041484367,0.377296132256757,2.6769815028727
12.15,0.314876550025964,27.7777777777778,0.3,0.35,3.20458182252356,3.24179125473655,-0.0372094322129861,0.377296132256757,2.67683055130193
12.16,0.314876550025964,27.7777777777778,0.3,0.35,3.20455898321083,3.24174592102186,-0.0371869378110325,0.377296132256757,2.67668029867307
12.17,0.314876550025964,27.7777777777778,0.3,0.35,3.20453469458876,3.24170079688245,-0.0371661022936953,0.377296132256757,2.67653074065384
12.18,0.314876550025964,27.7777777777778,0.3,0.35,3.20450897396885,3.24165588102414,-0.0371469070552846,0.377296132256757,2.67638187295488
12.19,0.314876550025964,27.7777777777778,0.3,0.35,3.20448183930373,3.24161117218353,-0.0371293328798035,0.377296132256757,2.67623369138887
12.2,0.314876550025964,27.7777777777778,0.3,0.35,3.20445330792074,3.2415666690944,-0.0371133611736667,0.377296132256757,2.67608619175905
12.21,0.314876550025964,27.7777777777778,0.3,0.35,3.20442339694834,3.24152237049878,-0.0370989735504472,0.377296132256757,2.67593936989603
12.22,0.314876550025964,27.7777777777778,0.3,0.35,3.20439212352101,3.24147827515239,-0.0370861516313856,0.377296132256757,2.67579322167583
12.23,0.314876550025964,27.7777777777778,0.3,0.35,3.20435950387188,3.24143438180003,-0.0370748779281502,0.377296132256757,2.67564774293824
12.24,0.314876550025964,27.7777777777778,0.3,0.35,3.20432555469221,3.24139068921213,-0.0370651345199207,0.377296132256757,2.67550292960803
12.25,0.314876550025964,27.7777777777778,0.3,0.35,3.20429029312478,3.24134719618474,-0.0370569030599555,0.377296132256757,2.67535877769483
12.26,0.314876550025964,27.7777777777778,0.3,0.35,3.20425373508692,3.24130390149361,-0.0370501664066865,0.377296132256757,2.67521528314108
12.27,0.314876550025964,27.7777777777778,0.3,0.35,3.20421589676831,3.24126080393499,-0.0370449071666803,0.377296132256757,2.67507244195707
12.28,0.314876550025964,27.7777777777778,0.3,0.35,3.20417679460729,3.24121790232497,-0.0370411077176738,0.377296132256757,2.67493025021891
12.29,0.314876550025964,27.7777777777778,0.3,0.35,3.20413644395793,3.24117519546261,-0.0370387515046806,0.377296132256757,2.67478870394623
12.3,0.314876550025964,27.7777777777778,0.3,0.35,3.20409486084248,3.24113268217821,-0.0370378213357294,0.377296132256757,2.67464779926221
12.31,0.314876550025964,27.7777777777778,0.3,0.35,3.20405206052805,3.24109036129377,-0.0370383007657131,0.377296132256757,2.6745075322625
12.32,0.314876550025964,27.7777777777778,0.3,0.35,3.20400805882506,3.24104823165912,-0.0370401728340628,0.377296132256757,2.67436789913509
12.33,0.314876550025964,27.7777777777778,0.3,0.35,3.20396287080861,3.24100629211601,-0.0370434213074029,0.377296132256757,2.67422889604103
12.34,0.314876550025964,27.7777777777778,0.3,0.35,3.20391651157684,3.24096454151922,-0.0370480299423792,0.377296132256757,2.67409051918468
12.35,0.314876550025964,27.7777777777778,0.3,0.35,3.20386899592266,3.24092297872724,-0.0370539828045837,0.377296132256757,2.67395276478264
12.36,0.314876550025964,27.7777777777778,0.3,0.35,3.20382033915206,3.24088160262558,-0.0370612634735163,0.377296132256757,2.67381562914107
12.37,0.314876550025964,27.7777777777778,0.3,0.35,3.203770555647,3.24084041208542,-0.0370698564384249,0.377296132256757,2.6736791085187
12.38,0.314876550025964,27.7777777777778,0.3,0.35,3.20371966004122,3.24079940599737,-0.0370797459561518,0.377296132256757,2.67354319923856
12.39,0.314876550025964,27.7777777777778,0.3,0.35,3.20366766635369,3.24075858324618,-0.0370909168924944,0.377296132256757,2.67340789760428
12.4,0.314876550025964,27.7777777777778,0.3,0.35,3.2036145892098,3.24071794274626,-0.0371033535364589,0.377296132256757,2.67327320001784
12.41,0.314876550025964,27.7777777777778,0.3,0.35,3.20356044237883,3.24067748339888,-0.0371170410200437,0.377296132256757,2.67313910283764
12.42,0.314876550025964,27.7777777777778,0.3,0.35,3.20350524027018,3.24063720413597,-0.0371319638657877,0.377296132256757,2.67300560252373
12.43,0.314876550025964,27.7777777777778,0.3,0.35,3.20344899663308,3.24059710388178,-0.0371481072487034,0.377296132256757,2.67287269551066
12.44,0.314876550025964,27.7777777777778,0.3,0.35,3.20339172509409,3.24055718156854,-0.0371654564744439,0.377296132256757,2.67274037825941
12.45,0.314876550025964,27.7777777777778,0.3,0.35,3.20333343938313,3.24051743614316,-0.0371839967600294,0.377296132256757,2.67260864727971
12.46,0.314876550025964,27.7777777777778,0.3,0.35,3.20327415252628,3.24047786654288,-0.0372037140166022,0.377296132256757,2.67247749904917
12.47,0.314876550025964,27.7777777777778,0.3,0.35,3.20321387806667,3.240438471732,-0.0372245936653326,0.377296132256757,2.67234693013506
12.48,0.314876550025964,27.7777777777778,0.3,0.35,3.20315262919254,3.24039925067547,-0.037246621482931,0.377296132256757,2.67221693710686
12.49,0.314876550025964,27.7777777777778,0.3,0.35,3.20309041902739,3.24036020234758,-0.0372697833201858,0.377296132256757,2.672087516565
12.5,0.314876550025964,27.7777777777778,0.3,0.35,3.20302726040451,3.24032132572493,-0.0372940653204235,0.377296132256757,2.67195866511757
12.51,0.314876550025964,27.7777777777778,0.3,0.35,3.20296316618419,3.24028261979615,-0.0373194536119565,0.377296132256757,2.67183037941247
12.52,0.314876550025964,27.7777777777778,0.3,0.35,3.20289814895562,3.24024408355252,-0.0373459345969058,0.377296132256757,2.67170265610649
12.53,0.314876550025964,27.7777777777778,0.3,0.35,3.20283222119303,3.24020571599272,-0.0373734947996898,0.377296132256757,2.67157549188084
12.54,0.314876550025964,27.7777777777778,0.3,0.35,3.20276539537428,3.2401675161265,-0.0374021207522208,0.377296132256757,2.6714488834535
12.55,0.314876550025964,27.7777777777778,0.3,0.35,3.20269768380079,3.24012948296896,-0.0374317991681705,0.377296132256757,2.67132282756011
12.56,0.314876550025964,27.7777777777778,0.3,0.35,3.20262909857231,3.24009161553956,-0.03746251696725,0.377296132256757,2.67119732095082
12.57,0.314876550025964,27.7777777777778,0.3,0.35,3.20255965194748,3.24005391287371,-0.0374942609262297,0.377296132256757,2.67107236042864
12.58,0.314876550025964,27.7777777777778,0.3,0.35,3.20248935557176,3.24001637399765,-0.0375270184258878,0.377296132256757,2.67094794276615
12.59,0.314876550025964,27.7777777777778,0.3,0.35,3.20241822147847,3.23997899796089,-0.0375607764824113,0.377296132256757,2.67082406481306
12.6,0.314876550025964,27.7777777777778,0.3,0.35,3.20234626128083,3.23994178380976,-0.0375955225289357,0.377296132256757,2.67070072340863
12.61,0.314876550025964,27.7777777777778,0.3,0.35,3.20227348656286,3.2399047306002,-0.0376312440373359,0.377296132256757,2.67057791542379
12.62,0.314876550025964,27.7777777777778,0.3,0.35,3.20219990885848,3.23986783739692,-0.0376679285384371,0.377296132256757,2.67045563775872
12.63,0.314876550025964,27.7777777777778,0.3,0.35,3.20212553925678,3.23983110326013,-0.0377055640033488,0.377296132256757,2.67033388729858
12.64,0.314876550025964,27.7777777777778,0.3,0.35,3.20205038912563,3.23979452726967,-0.0377441381440398,0.377296132256757,2.67021266099366
12.65,0.314876550025964,27.7777777777778,0.3,0.35,3.20197446990965,3.23975810851842,-0.03778363860877,0.377296132256757,2.67009195583739
12.66,0.314876550025964,27.7777777777778,0.3,0.35,3.20189779242059,3.23972184608795,-0.03782405366736,0.377296132256757,2.66997176878574
12.67,0.314876550025964,27.7777777777778,0.3,0.35,3.20182036726729,3.23968573906287,-0.0378653717955824,0.377296132256757,2.66985209680482
12.68,0.314876550025964,27.7777777777778,0.3,0.35,3.20174220560436,3.23964978655673,-0.0379075809523655,0.377296132256757,2.66973293695656
12.69,0.314876550025964,27.7777777777778,0.3,0.35,3.20166331788295,3.23961398766873,-0.0379506697857823,0.377296132256757,2.66961428625542
12.7,0.314876550025964,27.7777777777778,0.3,0.35,3.20158371498167,3.23957834152301,-0.0379946265413373,0.377296132256757,2.66949614179846
12.71,0.314876550025964,27.7777777777778,0.3,0.35,3.20150340702275,3.23954284722699,-0.0380394402042463,0.377296132256757,2.66937850062734
12.72,0.314876550025964,27.7777777777778,0.3,0.35,3.20142240460345,3.23950750391475,-0.0380850993112989,0.377296132256757,2.66926135987207
12.73,0.314876550025964,27.7777777777778,0.3,0.35,3.20134071788152,3.23947231071451,-0.0381315928329835,0.377296132256757,2.66914471664323
12.74,0.314876550025964,27.7777777777778,0.3,0.35,3.20125835723825,3.23943726677234,-0.0381789095340941,0.377296132256757,2.66902856811068
12.75,0.314876550025964,27.7777777777778,0.3,0.35,3.20117533256106,3.23940237122613,-0.0382270386650667,0.377296132256757,2.66891291141693
12.76,0.314876550025964,27.7777777777778,0.3,0.35,3.20109165381574,3.23936762322621,-0.0382759694104724,0.377296132256757,2.66879774374599
12.77,0.314876550025964,27.7777777777778,0.3,0.35,3.20100733090059,3.23933302193004,-0.0383256910294572,0.377296132256757,2.6686830623053
12.78,0.314876550025964,27.7777777777778,0.3,0.35,3.20092237333133,3.23929856649035,-0.0383761931590292,0.377296132256757,2.66856886428671
12.79,0.314876550025964,27.7777777777778,0.3,0.35,3.20083679091911,3.23926425608038,-0.038427465161269,0.377296132256757,2.66845514695002
12.8,0.314876550025964,27.7777777777778,0.3,0.35,3.20075059332718,3.23923008987735,-0.038479496550162,0.377296132256757,2.66834190756823
12.81,0.314876550025964,27.7777777777778,0.3,0.35,3.20066379021798,3.23919606706795,-0.0385322768499638,0.377296132256757,2.66822914344579
12.82,0.314876550025964,27.7777777777778,0.3,0.35,3.20057639052066,3.23916218682006,-0.0385857962993956,0.377296132256757,2.66811685182469
12.83,0.314876550025964,27.7777777777778,0.3,0.35,3.20048840385206,3.23912844833738,-0.0386400444853248,0.377296132256757,2.66800503006571
12.84,0.314876550025964,27.7777777777778,0.3,0.35,3.20039983919523,3.23909485080818,-0.038695011612945,0.377296132256757,2.66789367547849
12.85,0.314876550025964,27.7777777777778,0.3,0.35,3.20031070554192,3.23906139343021,-0.0387506878882915,0.377296132256757,2.66778278540406
12.86,0.314876550025964,27.7777777777778,0.3,0.35,3.20022101203838,3.2390280754165,-0.0388070633781163,0.377296132256757,2.66767235723411
12.87,0.314876550025964,27.7777777777778,0.3,0.35,3.20013076771744,3.23899489598482,-0.0388641282673827,0.377296132256757,2.6675623883761
12.88,0.314876550025964,27.7777777777778,0.3,0.35,3.20003998121372,3.23896185434592,-0.038921873132193,0.377296132256757,2.66745287621407
12.89,0.314876550025964,27.7777777777778,0.3,0.35,3.1999486612484,3.23892894972301,-0.0389802884746127,0.377296132256757,2.66734381817353
12.9,0.314876550025964,27.7777777777778,0.3,0.35,3.19985681667213,3.23889618135374,-0.0390393646816154,0.377296132256757,2.66723521172773
12.91,0.314876550025964,27.7777777777778,0.3,0.35,3.19976445573341,3.23886354845968,-0.0390990927262704,0.377296132256757,2.66712705429666
12.92,0.314876550025964,27.7777777777778,0.3,0.35,3.19967158705652,3.23883105028698,-0.0391594632304608,0.377296132256757,2.66701934338183
12.93,0.314876550025964,27.7777777777778,0.3,0.35,3.199578218932,3.2387986860766,-0.0392204671446015,0.377296132256757,2.66691207646747
12.94,0.314876550025964,27.7777777777778,0.3,0.35,3.19948435968776,3.23876645507991,-0.0392820953921516,0.377296132256757,2.66680525107233
12.95,0.314876550025964,27.7777777777778,0.3,0.35,3.1993900174422,3.23873435654803,-0.0393443391058317,0.377296132256757,2.66669886471436
12.96,0.314876550025964,27.7777777777778,0.3,0.35,3.19929520043146,3.23870238974596,-0.0394071893144932,0.377296132256757,2.66659291495751
12.97,0.314876550025964,27.7777777777778,0.3,0.35,3.19919991657909,3.23867055393369,-0.039470637354607,0.377296132256757,2.66648739934914
12.98,0.314876550025964,27.7777777777778,0.3,0.35,3.19910417394428,3.23863884838594,-0.0395346744416605,0.377296132256757,2.66638231548532
12.99,0.314876550025964,27.7777777777778,0.3,0.35,3.19900798043343,3.2386072723793,-0.0395992919458719,0.377296132256757,2.66627766096849
13,0.314876550025964,27.7777777777778,0.3,0.35,3.19891134375534,3.23857582519002,-0.0396644814346745,0.377296132256757,2.6661734333998
13.01,0.314876550025964,27.7777777777778,0.3,0.35,3.1988142716573,3.23854450610462,-0.0397302344473145,0.377296132256757,2.66606963041458
13.02,0.314876550025964,27.7777777777778,0.3,0.35,3.19871677158551,3.23851331440421,-0.0397965428187037,0.377296132256757,2.66596624963015
13.03,0.314876550025964,27.7777777777778,0.3,0.35,3.19861885133161,3.23848224939456,-0.0398633980629506,0.377296132256757,2.66586328874557
13.04,0.314876550025964,27.7777777777778,0.3,0.35,3.19852051829768,3.23845131037165,-0.0399307920739709,0.377296132256757,2.66576074542742
13.05,0.314876550025964,27.7777777777778,0.3,0.35,3.19842177983625,3.23842049663747,-0.0399987168012177,0.377296132256757,2.66565861736229
13.06,0.314876550025964,27.7777777777778,0.3,0.35,3.19832264320134,3.2383898074976,-0.0400671642962571,0.377296132256757,2.66555690224858
13.07,0.314876550025964,27.7777777777778,0.3,0.35,3.1982231157637,3.23835924227176,-0.0401361265080675,0.377296132256757,2.66545559783164
13.08,0.314876550025964,27.7777777777778,0.3,0.35,3.19812320449489,3.23832880026829,-0.0402055957734029,0.377296132256757,2.66535470181899
13.09,0.314876550025964,27.7777777777778,0.3,0.35,3.19802291670276,3.23829848082065,-0.0402755641178918,0.377296132256757,2.66525421200152
13.1,0.314876550025964,27.7777777777778,0.3,0.35,3.19792225927808,3.23826828324965,-0.0403460239715749,0.377296132256757,2.66515412612813
13.11,0.314876550025964,27.7777777777778,0.3,0.35,3.1978212391622,3.23823820688683,-0.0404169677246307,0.377296132256757,2.66505444198329
13.12,0.314876550025964,27.7777777777778,0.3,0.35,3.19771986328387,3.2382082510714,-0.0404883877875317,0.377296132256757,2.66495515737691
13.13,0.314876550025964,27.7777777777778,0.3,0.35,3.19761813840709,3.23817841514222,-0.0405602767351234,0.377296132256757,2.66485627011769
13.14,0.314876550025964,27.7777777777778,0.3,0.35,3.19751607125896,3.23814869844435,-0.0406326271853903,0.377296132256757,2.66475777803497
13.15,0.314876550025964,27.7777777777778,0.3,0.35,3.197413668494,3.23811910032715,-0.0407054318331492,0.377296132256757,2.6646596789723
13.16,0.314876550025964,27.7777777777778,0.3,0.35,3.19731093677539,3.23808962014873,-0.0407786833733432,0.377296132256757,2.66456197080215
13.17,0.314876550025964,27.7777777777778,0.3,0.35,3.19720788251331,3.23806025726136,-0.0408523747480456,0.377296132256757,2.66446465137776
13.18,0.314876550025964,27.7777777777778,0.3,0.35,3.19710451212741,3.23803101102581,-0.0409264988984019,0.377296132256757,2.66436771858048
13.19,0.314876550025964,27.7777777777778,0.3,0.35,3.19700083204616,3.23800188081152,-0.0410010487653603,0.377296132256757,2.66427117032037
13.2,0.314876550025964,27.7777777777778,0.3,0.35,3.19689684863351,3.23797286599242,-0.0410760173589146,0.377296132256757,2.66417500452243
13.21,0.314876550025964,27.7777777777778,0.3,0.35,3.19679256805467,3.23794396593899,-0.0411513978843163,0.377296132256757,2.66407921910018
13.22,0.314876550025964,27.7777777777778,0.3,0.35,3.19668799653625,3.23791518003329,-0.0412271834970412,0.377296132256757,2.66398381200559
13.23,0.314876550025964,27.7777777777778,0.3,0.35,3.19658314014206,3.23788650765575,-0.0413033675136836,0.377296132256757,2.66388878118509
13.24,0.314876550025964,27.7777777777778,0.3,0.35,3.19647800494394,3.23785794819529,-0.04137994325135,0.377296132256757,2.66379412461341
13.25,0.314876550025964,27.7777777777778,0.3,0.35,3.19637259690388,3.2378295010421,-0.041456904138224,0.377296132256757,2.66369984026942
13.26,0.314876550025964,27.7777777777778,0.3,0.35,3.19626692198139,3.23780116559432,-0.0415342436129267,0.377296132256757,2.66360592615827
13.27,0.314876550025964,27.7777777777778,0.3,0.35,3.19616098594934,3.23777294124611,-0.0416119552967733,0.377296132256757,2.66351238027202
13.28,0.314876550025964,27.7777777777778,0.3,0.35,3.19605479470292,3.23774482740763,-0.0416900327047069,0.377296132256757,2.66341920065573
13.29,0.314876550025964,27.7777777777778,0.3,0.35,3.19594835393515,3.2377168234839,-0.0417684695487477,0.377296132256757,2.66332638533741
13.3,0.314876550025964,27.7777777777778,0.3,0.35,3.19584166931127,3.23768892888602,-0.0418472595747521,0.377296132256757,2.66323393236523
13.31,0.314876550025964,27.7777777777778,0.3,0.35,3.19573474645917,3.23766114303057,-0.0419263965713945,0.377296132256757,2.66314183980548
13.32,0.314876550025964,27.7777777777778,0.3,0.35,3.1956275909444,3.23763346533796,-0.0420058743935607,0.377296132256757,2.66305010573726
13.33,0.314876550025964,27.7777777777778,0.3,0.35,3.19552020816326,3.23760589522465,-0.0420856870613866,0.377296132256757,2.66295872822645
13.34,0.314876550025964,27.7777777777778,0.3,0.35,3.19541260356451,3.23757843211865,-0.0421658285541402,0.377296132256757,2.66286770537729
13.35,0.314876550025964,27.7777777777778,0.3,0.35,3.19530478260431,3.23755107545677,-0.0422462928524565,0.377296132256757,2.66277703532317
13.36,0.314876550025964,27.7777777777778,0.3,0.35,3.19519675054608,3.23752382466971,-0.0423270741236279,0.377296132256757,2.66268671617717
13.37,0.314876550025964,27.7777777777778,0.3,0.35,3.19508851264214,3.23749667919524,-0.0424081665531086,0.377296132256757,2.66259674607592
13.38,0.314876550025964,27.7777777777778,0.3,0.35,3.19498007405728,3.23746963847244,-0.042489564415161,0.377296132256757,2.66250712316027
13.39,0.314876550025964,27.7777777777778,0.3,0.35,3.19487144002768,3.23744270195419,-0.0425712619265108,0.377296132256757,2.66241784561687
13.4,0.314876550025964,27.7777777777778,0.3,0.35,3.19476261552645,3.23741586908041,-0.0426532535539623,0.377296132256757,2.66232891158941
13.41,0.314876550025964,27.7777777777778,0.3,0.35,3.19465360564749,3.23738913930886,-0.0427355336613617,0.377296132256757,2.66224031928073
13.42,0.314876550025964,27.7777777777778,0.3,0.35,3.19454441536527,3.23736251209567,-0.0428180967303957,0.377296132256757,2.66215206688824
13.43,0.314876550025964,27.7777777777778,0.3,0.35,3.19443504955464,3.23733598689659,-0.0429009373419493,0.377296132256757,2.6620641526081
13.44,0.314876550025964,27.7777777777778,0.3,0.35,3.19432551315313,3.2373095631811,-0.0429840500279708,0.377296132256757,2.66197657468194
13.45,0.314876550025964,27.7777777777778,0.3,0.35,3.19421581088839,3.23728324040819,-0.0430674295198003,0.377296132256757,2.66188933131668
13.46,0.314876550025964,27.7777777777778,0.3,0.35,3.19410594756405,3.23725701805193,-0.0431510704878799,0.377296132256757,2.66180242076916
13.47,0.314876550025964,27.7777777777778,0.3,0.35,3.19399592793668,3.2372308955906,-0.0432349676539232,0.377296132256757,2.66171584131028
13.48,0.314876550025964,27.7777777777778,0.3,0.35,3.19388575658495,3.23720487249388,-0.0433191159089299,-0.669671076699827,2.66162959118228
13.49,0.314876550025964,27.7777777777778,0.3,0.35,3.1939171772749,3.23717894961201,-0.0432617723371096,0.376290567503663,2.66154367320323
13.5,0.314876550025964,27.7777777777778,0.3,0.35,3.19381958139226,3.23715312388436,-0.0433335424921002,0.374856201227979,2.66145807722903
13.51,0.314876550025964,27.7777777777778,0.3,0.35,3.19372520018624,3.23712739592091,-0.0434021957346702,0.374853584034617,2.66137280528141
13.52,0.314876550025964,27.7777777777778,0.3,0.35,3.19363057750925,3.23710176530518,-0.0434711877959297,0.374853579259197,2.66128785597998
13.53,0.314876550025964,27.7777777777778,0.3,0.35,3.19353571097379,3.23707623146352,-0.0435405204897306,0.374853579250484,2.6612032274235
13.54,0.314876550025964,27.7777777777778,0.3,0.35,3.19344060637983,3.23705079393031,-0.0436101875504802,0.374853579250468,2.66111891806867
13.55,0.314876550025964,27.7777777777778,0.3,0.35,3.19334526838639,3.23702545217885,-0.0436801837924552,0.374853579250468,2.66103492616982
13.56,0.314876550025964,27.7777777777778,0.3,0.35,3.19324970188442,3.23700020570253,-0.0437505038181038,0.374853579250468,2.6609512500479
13.57,0.314876550025964,27.7777777777778,0.3,0.35,3.19315391229122,3.23697505403257,-0.0438211417413483,0.374853579250468,2.66086788814919
13.58,0.314876550025964,27.7777777777778,0.3,0.35,3.19320121156594,3.23694999799087,-0.0437487864249362,0.375110851424428,2.66078484319777
13.59,0.314876550025964,27.7777777777778,0.3,0.35,3.19311486326151,3.23692503461447,-0.0438101713529653,0.372415952436784,2.66070210537326
13.6,0.314876550025964,27.7777777777778,0.3,0.35,3.19342923830067,3.23690016770034,-0.0434709293996711,0.488717546706963,2.66061968726025
13.61,0.314876550025964,27.7777777777778,0.3,0.35,3.19309827549142,3.23687538873999,-0.0437771132485705,0.370185146825435,2.66053756065845
13.62,0.314876550025964,27.7777777777778,0.3,0.35,3.19303323206784,3.23685070408143,-0.0438174720135924,0.369968868587868,2.66045574660753
13.63,0.314876550025964,27.7777777777778,0.3,0.35,3.19317946940735,3.23682611306147,-0.0436466436541155,0.430730388300135,2.66037424290941
13.64,0.314876550025964,27.7777777777778,0.3,0.35,3.19305017035567,3.23680161137409,-0.043751441018411,0.367587302240733,2.66029303529238
13.65,0.314876550025964,27.7777777777778,0.3,0.35,3.19300052190833,3.23677720116383,-0.0437766792555001,0.367526130657539,2.66021213086423
13.66,0.314876550025964,27.7777777777778,0.3,0.35,3.19295050148213,3.23675288140554,-0.0438023799234069,0.36752592043596,2.66013152622721
13.67,0.314876550025964,27.7777777777778,0.3,0.35,3.19304394921623,3.23672865295091,-0.0436847037346846,0.367783192405934,2.66005122420416
13.68,0.314876550025964,27.7777777777778,0.3,0.35,3.19300277935606,3.2367045129553,-0.0437017335992405,0.365088293417919,2.65997121536687
13.69,0.314876550025964,27.7777777777778,0.3,0.35,3.19296745673826,3.23668046205086,-0.0437130053125929,0.365083376213811,2.65989150181054
13.7,0.314876550025964,27.7777777777778,0.3,0.35,3.19293153858088,3.2366564998128,-0.0437249612319217,0.365083367256127,2.65981208212726
13.71,0.314876550025964,27.7777777777778,0.3,0.35,3.19289502006474,3.23663262579,-0.0437376057252683,0.365083367225343,2.65973295482186
13.72,0.314876550025964,27.7777777777778,0.3,0.35,3.19285790855896,3.23660883953429,-0.0437509309753352,0.365083367225313,2.65965411840891
13.73,0.314876550025964,27.7777777777778,0.3,0.35,3.19282021157609,3.23658514060433,-0.0437649290282351,0.365083367225313,2.65957557142564
13.74,0.314876550025964,27.7777777777778,0.3,0.35,3.192781936085,3.23656152855152,-0.0437795924665147,0.365083367225313,2.65949731238525
13.75,0.314876550025964,27.7777777777778,0.3,0.35,3.19274308932532,3.23653800293718,-0.0437949136118516,-0.595916790032781,2.65941933983381
13.76,0.314876550025964,27.7777777777778,0.3,0.35,3.19283190319607,3.23651456444478,-0.0436826612487127,0.364160369945562,2.65934165603659
13.77,0.314876550025964,27.7777777777778,0.3,0.35,3.19280379845203,3.23649121053981,-0.0436874120877815,0.3628437802714,2.65926425259324
13.78,0.314876550025964,27.7777777777778,0.3,0.35,3.19281189463091,3.23646794202838,-0.0436560473974668,0.397636393691375,2.65918713217553
13.79,0.314876550025964,27.7777777777778,0.3,0.35,3.19276227844477,3.23644475787782,-0.0436824794330497,0.362757414053348,2.65911029136082
13.8,0.314876550025964,27.7777777777778,0.3,0.35,3.19273659046431,3.23642165809266,-0.0436850676283527,0.362637549342147,2.65903373016413
13.81,0.314876550025964,27.7777777777778,0.3,0.35,3.19271041940017,3.23639864218881,-0.0436882227886342,0.362637433219945,2.65895744698098
13.82,0.314876550025964,27.7777777777778,0.3,0.35,3.19268360995505,3.23637570966942,-0.0436920997143724,0.362637432820881,2.65888144016469
13.83,0.314876550025964,27.7777777777778,0.3,0.35,3.19265617214148,3.2363528601679,-0.0436966880264236,0.362637432820494,2.65880570850015
13.84,0.314876550025964,27.7777777777778,0.3,0.35,3.19262811351768,3.23633009327155,-0.0437019797538669,0.362637432820493,2.6587302506196
13.85,0.314876550025964,27.7777777777778,0.3,0.35,3.19259944126806,3.23630740856459,-0.0437079672965224,0.362637432820493,2.65865506514493
13.86,0.314876550025964,27.7777777777778,0.3,0.35,3.19257016261053,3.23628480563563,-0.0437146430251012,0.362637432820493,2.65858015071271
13.87,0.314876550025964,27.7777777777778,0.3,0.35,3.192540284857,3.23626228407886,-0.0437219992218583,0.362637432820493,2.65850550597789
13.88,0.314876550025964,27.7777777777778,0.3,0.35,3.19250981510354,3.23623984348818,-0.0437300283846414,0.362637432820493,2.65843112959451
13.89,0.314876550025964,27.7777777777778,0.3,0.35,3.19247876041886,3.23621748346069,-0.043738723041832,0.362637432820493,2.65835702022725
13.9,0.314876550025964,27.7777777777778,0.3,0.35,3.19244712772246,3.23619520359439,-0.0437480758719269,0.362637432820493,2.65828317654365
13.91,0.314876550025964,27.7777777777778,0.3,0.35,3.19241492415085,3.23617300349513,-0.0437580793442862,0.362637432820493,2.65820959723743
13.92,0.314876550025964,27.7777777777778,0.3,0.35,3.19238215640225,3.23615088276401,-0.0437687263617565,0.362637432820493,2.65813628098645
13.93,0.314876550025964,27.7777777777778,0.3,0.35,3.19234883143633,3.23612884101085,-0.0437800095745211,0.362637432820493,2.65806322649753
13.94,0.314876550025964,27.7777777777778,0.3,0.35,3.19231495605553,3.23610687784609,-0.0437919217905596,0.362637432820493,2.65799043247951
13.95,0.314876550025964,27.7777777777778,0.3,0.35,3.19228053678213,3.23608499287824,-0.0438044560961059,0.362637432820493,2.65791789763484
13.96,0.314876550025964,27.7777777777778,0.3,0.35,3.19224558051303,3.23606318572685,-0.0438176052138171,0.362637432820493,2.6578456207026
13.97,0.314876550025964,27.7777777777778,0.3,0.35,3.19221009343293,3.23604145600085,-0.0438313625679254,0.362637432820493,2.65777360038663
13.98,0.314876550025964,27.7777777777778,0.3,0.35,3.1921740824066,3.23601980332635,-0.0438457209197516,0.362637432820493,2.65770183544771
13.99,0.314876550025964,27.7777777777778,0.3,0.35,3.19213755358613,3.23599822731865,-0.0438606737325209,0.362637432820493,2.65763032461079
14,0.314876550025964,27.7777777777778,0.3,0.35,3.19210051358555,3.23597672760592,-0.0438762140203646,0.362637432820493,2.65755906664348
14.01,0.314876550025964,27.7777777777778,0.3,0.35,3.1920629688199,3.23595530381582,-0.0438923349959124,0.362637432820493,2.65748806031176
14.02,0.314876550025964,27.7777777777778,0.3,0.35,3.19202492540342,3.23593395557332,-0.0439090301699037,0.362637432820493,2.65741730437263
14.03,0.314876550025964,27.7777777777778,0.3,0.35,3.1919863895263,3.23591268250838,-0.0439262929820781,0.362637432820493,2.65734679759959
14.04,0.314876550025964,27.7777777777778,0.3,0.35,3.19194736750742,3.2358914842571,-0.0439441167496764,0.362637432820493,2.6572765387866
14.05,0.314876550025964,27.7777777777778,0.3,0.35,3.19190786538051,3.23587036045306,-0.043962495072559,0.362637432820493,2.6572065267192
14.06,0.314876550025964,27.7777777777778,0.3,0.35,3.19186788919582,3.23584931073359,-0.0439814215377767,0.362637432820493,2.65713676019533
14.07,0.314876550025964,27.7777777777778,0.3,0.35,3.19182744483807,3.23582833473586,-0.0440008898977871,0.362637432820493,2.65706723801246
14.08,0.314876550025964,27.7777777777778,0.3,0.35,3.19178653847354,3.23580743210647,-0.0440208936329207,0.362637432820493,2.65699795899928
14.09,0.314876550025964,27.7777777777778,0.3,0.35,3.19174517583994,3.23578660248615,-0.0440414266462144,0.362637432820493,2.65692892196509
14.1,0.314876550025964,27.7777777777778,0.3,0.35,3.19170336276738,3.23576584552097,-0.0440624827535929,0.362637432820493,2.65686012573678
14.11,0.314876550025964,27.7777777777778,0.3,0.35,3.19166110514776,3.23574516086168,-0.0440840557139195,0.362637432820493,2.65679156915679
14.12,0.314876550025964,27.7777777777778,0.3,0.35,3.19161840863073,3.23572454815701,-0.0441061395262761,0.362637432820493,2.65672325106094
14.13,0.314876550025964,27.7777777777778,0.3,0.35,3.19157527885208,3.23570400705866,-0.0441287282065725,0.362637432820493,2.65665517029482
14.14,0.314876550025964,27.7777777777778,0.3,0.35,3.19153172150152,3.2356835372228,-0.0441518157212779,0.362637432820493,2.65658732571885
14.15,0.314876550025964,27.7777777777778,0.3,0.35,3.19148774224512,3.2356631383084,-0.0441753960632751,0.362637432820493,2.65651971620269
14.16,0.314876550025964,27.7777777777778,0.3,0.35,3.19144334636378,3.23564280996887,-0.0441994636050862,0.362637432820493,2.65645234059767
14.17,0.314876550025964,27.7777777777778,0.3,0.35,3.19139853942203,3.23562255186731,-0.0442240124452864,0.362637432820493,2.65638519778716
14.18,0.314876550025964,27.7777777777778,0.3,0.35,3.19135332670363,3.23560236366357,-0.0442490369599384,0.362637432820493,2.65631828664373
14.19,0.314876550025964,27.7777777777778,0.3,0.35,3.19130771383663,3.23558224502866,-0.0442745311920287,0.362637432820493,2.65625160607708
14.2,0.314876550025964,27.7777777777778,0.3,0.35,3.1912617060322,3.23556219562715,-0.0443004895949484,0.362637432820493,2.65618515497537
14.21,0.314876550025964,27.7777777777778,0.3,0.35,3.19121530852323,3.23554221512719,-0.044326906603954,0.362637432820493,2.65611893223881
14.22,0.314876550025964,27.7777777777778,0.3,0.35,3.1914781466626,3.23552230517758,-0.0440441585149877,0.40092321836785,2.65605294333211
14.23,0.314876550025964,27.7777777777778,0.3,0.35,3.19140867726751,3.2355024614227,-0.0440937841551952,0.357794252895436,2.65598717381909
14.24,0.314876550025964,27.7777777777778,0.3,0.35,3.19139364131786,3.23548268588385,-0.0440890445659838,0.357752403307677,2.65592163039912
14.25,0.314876550025964,27.7777777777778,0.3,0.35,3.19137810984142,3.23546297793353,-0.0440848680921166,0.3577523269475,2.65585631099247
14.26,0.314876550025964,27.7777777777778,0.3,0.35,3.19136198423455,3.23544333724587,-0.0440813530113298,0.35775232680817,2.65579121451904
14.27,0.314876550025964,27.7777777777778,0.3,0.35,3.19134527212597,3.23542376351973,-0.0440784913937557,0.357752326807916,2.65572633998072
14.28,0.314876550025964,27.7777777777778,0.3,0.35,3.19132798028635,3.23540425644113,-0.0440762761547822,0.357752326807916,2.65566168633693
14.29,0.314876550025964,27.7777777777778,0.3,0.35,3.19145455758425,3.23538481661095,-0.0439302590266979,0.360382227238664,2.65559725557917
14.3,0.314876550025964,27.7777777777778,0.3,0.35,3.19144598753184,3.23536544191577,-0.0439194543839307,0.355314699994232,2.65553304070278
14.31,0.314876550025964,27.7777777777778,0.3,0.35,3.19144320555523,3.23534613293589,-0.0439029273806617,0.35530979068929,2.6554690436311
14.32,0.314876550025964,27.7777777777778,0.3,0.35,3.19143976649289,3.23532688934817,-0.0438871228552751,0.355309773818028,2.65540526329312
14.33,0.314876550025964,27.7777777777778,0.3,0.35,3.19143566475708,3.23530771083788,-0.0438720460808,0.355309773801657,2.65534169864575
14.34,0.314876550025964,27.7777777777778,0.3,0.35,3.19143090383446,3.23528859705324,-0.0438576932187846,0.355309773801627,2.655278348523
14.35,0.314876550025964,27.7777777777778,0.3,0.35,3.19142549415367,3.2352695477346,-0.0438440535809268,0.355309773801627,2.6552152120643
14.36,0.314876550025964,27.7777777777778,0.3,0.35,3.19141944245033,3.23525056257716,-0.0438311201268289,0.355309773801627,2.65515228825948
14.37,0.314876550025964,27.7777777777778,0.3,0.35,3.19141275566803,3.23523164128143,-0.0438188856134007,0.355309773801627,2.65508957611588
14.38,0.314876550025964,27.7777777777778,0.3,0.35,3.19140544048092,3.23521278354692,-0.0438073430659993,0.355309773801627,2.65502707463757
14.39,0.314876550025964,27.7777777777778,0.3,0.35,3.19139750370106,3.23519398907749,-0.0437964853764297,0.355309773801627,2.65496478284305
14.4,0.314876550025964,27.7777777777778,0.3,0.35,3.191388952102,3.23517525757905,-0.0437863054770484,0.355309773801627,2.65490269975758
14.41,0.314876550025964,27.7777777777778,0.3,0.35,3.19137979197224,3.2351565887535,-0.0437767967812568,0.355309773801627,2.65484082439314
14.42,0.314876550025964,27.7777777777778,0.3,0.35,3.19137003011354,3.23513798231211,-0.0437679521985705,0.355309773801627,2.65477915579281
14.43,0.314876550025964,27.7777777777778,0.3,0.35,3.19135967285659,3.2351194379623,-0.04375976510571,0.355309773801627,2.65471769298685
14.44,0.314876550025964,27.7777777777778,0.3,0.35,3.19134872659603,3.2351009554148,-0.0437522288187675,0.355309773801627,2.65465643501649
14.45,0.314876550025964,27.7777777777778,0.3,0.35,3.19133719784734,3.23508253438444,-0.0437453365370981,0.355309773801627,2.65459538093658
14.46,0.314876550025964,27.7777777777778,0.3,0.35,3.19132509292656,3.23506417458576,-0.0437390816591949,0.355309773801627,2.65453452980104
14.47,0.314876550025964,27.7777777777778,0.3,0.35,3.19131241792521,3.23504587573262,-0.0437334578074084,0.355309773801627,2.65447388066146
14.48,0.314876550025964,27.7777777777778,0.3,0.35,3.1912991793283,3.23502763754676,-0.0437284582184629,0.355309773801627,2.65441343259558
14.49,0.314876550025964,27.7777777777778,0.3,0.35,3.1912853831042,3.2350094597451,-0.0437240766409044,0.355309773801627,2.65435318466521
14.5,0.314876550025964,27.7777777777778,0.3,0.35,3.19127103554211,3.23499134205147,-0.0437203065093641,0.355309773801627,2.65429313595496
14.51,0.314876550025964,27.7777777777778,0.3,0.35,3.19125614233013,3.23497328418355,-0.0437171418534157,0.355309773801627,2.65423328552916
14.52,0.314876550025964,27.7777777777778,0.3,0.35,3.19124070986785,3.23495528587147,-0.0437145760036182,0.355309773801627,2.65417363249336
14.53,0.314876550025964,27.7777777777778,0.3,0.35,3.1912247440544,3.23493734684063,-0.0437126027862309,0.355309773801627,2.65411417593741
14.54,0.314876550025964,27.7777777777778,0.3,0.35,3.19120825056591,3.23491946681551,-0.0437112162496018,0.355309773801627,2.65405491494816
14.55,0.314876550025964,27.7777777777778,0.3,0.35,3.19119123524345,3.23490164552527,-0.0437104102818231,0.355309773801627,2.65399584862793
14.56,0.314876550025964,27.7777777777778,0.3,0.35,3.19156906187266,3.23488388482698,-0.0433148229543174,0.575973925879875,2.65393698313173
14.57,0.314876550025964,27.7777777777778,0.3,0.35,3.19130069257315,3.23486617897507,-0.0435654864019193,0.353083894366481,2.65387829941668
14.58,0.314876550025964,27.7777777777778,0.3,0.35,3.19129792440384,3.23484853239051,-0.0435506079866781,0.352867616145286,2.65381981213543
14.59,0.314876550025964,27.7777777777778,0.3,0.35,3.19129505891975,3.23483094346337,-0.0435358845436293,0.352867221516707,2.65376151595212
14.6,0.314876550025964,27.7777777777778,0.3,0.35,3.19129158687208,3.23481341194614,-0.0435218250740572,0.352867220796654,2.65370341004637
14.61,0.314876550025964,27.7777777777778,0.3,0.35,3.19128751212004,3.23479593755878,-0.0435084254387479,0.352867220795341,2.65364549349008
14.62,0.314876550025964,27.7777777777778,0.3,0.35,3.19128284125021,3.23477852004465,-0.043495678794442,0.352867220795338,2.65358776543261
14.63,0.314876550025964,27.7777777777778,0.3,0.35,3.19127758147367,3.23476115915688,-0.0434835776832072,0.352867220795338,2.65353022505573
14.64,0.314876550025964,27.7777777777778,0.3,0.35,3.19127173873922,3.23474385463536,-0.0434721158961371,0.352867220795338,2.6534728714974
14.65,0.314876550025964,27.7777777777778,0.3,0.35,3.19126531913997,3.23472660622387,-0.0434612870839048,0.352867220795338,2.65341570390838
14.66,0.314876550025964,27.7777777777778,0.3,0.35,3.19125832881551,3.23470941366889,-0.0434510848533796,0.352867220795338,2.65335872144838
14.67,0.314876550025964,27.7777777777778,0.3,0.35,3.19125077384934,3.23469227671828,-0.043441502868947,0.352867220795338,2.65330192328178
14.68,0.314876550025964,27.7777777777778,0.3,0.35,3.19124266022583,3.23467519512079,-0.0434325348949591,0.352867220795338,2.65324530857579
14.69,0.314876550025964,27.7777777777778,0.3,0.35,3.1912339938779,3.23465816862657,-0.0434241747486763,0.352867220795338,2.65318887650234
14.7,0.314876550025964,27.7777777777778,0.3,0.35,3.19122478073233,3.23464119698779,-0.0434164162554604,0.352867220795338,2.65313262624001
14.71,0.314876550025964,27.7777777777778,0.3,0.35,3.19121502657634,3.23462427995687,-0.0434092533805304,0.352867220795338,2.65307655696826
14.72,0.314876550025964,27.7777777777778,0.3,0.35,3.19120473723178,3.23460741728875,-0.0434026800569711,0.352867220795338,2.65302066787483
14.73,0.314876550025964,27.7777777777778,0.3,0.35,3.19119391830309,3.23459060873757,-0.043396690434474,0.352867220795338,2.65296495814487
14.74,0.314876550025964,27.7777777777778,0.3,0.35,3.19118257560087,3.23457385406216,-0.0433912784612889,0.352867220795338,2.65290942697909
14.75,0.314876550025964,27.7777777777778,0.3,0.35,3.19117071476099,3.23455715302112,-0.0433864382601339,0.352867220795338,2.65285407357735
14.76,0.314876550025964,27.7777777777778,0.3,0.35,3.1911583413231,3.23454050537378,-0.0433821640506755,0.352867220795338,2.65279889714199
14.77,0.314876550025964,27.7777777777778,0.3,0.35,3.19114546082327,3.23452391088139,-0.0433784500581211,0.352867220795338,2.65274389688174
14.78,0.314876550025964,27.7777777777778,0.3,0.35,3.1911320787932,3.23450736930716,-0.0433752905139562,0.352867220795338,2.65268907201173
14.79,0.314876550025964,27.7777777777778,0.3,0.35,3.19111820051037,3.23449088041284,-0.0433726799024625,0.352867220795338,2.65263442174236
14.8,0.314876550025964,27.7777777777778,0.3,0.35,3.19110383153495,3.23447444396592,-0.0433706124309694,0.352867220795338,2.65257994530302
14.81,0.314876550025964,27.7777777777778,0.3,0.35,3.19108897720999,3.23445805973296,-0.0433690825229722,0.352867220795338,2.65252564191996
14.82,0.314876550025964,27.7777777777778,0.3,0.35,3.19107364288057,3.23444172748247,-0.0433680846018998,0.352867220795338,2.65247151082594
14.83,0.314876550025964,27.7777777777778,0.3,0.35,3.19105783364624,3.23442544698154,-0.0433676133352958,0.352867220795338,2.65241755124902
14.84,0.314876550025964,27.7777777777778,0.3,0.35,3.19104155471704,3.23440921800066,-0.0433676632836169,-2.44407556453948,2.65236376242854
14.85,0.314876550025964,27.7777777777778,0.3,0.35,3.19735834057139,3.23439307054234,-0.0370347299709453,2.01133256522259,2.65231024380384
14.86,0.314876550025964,27.7777777777778,0.3,0.35,3.19486903991241,3.23437693219751,-0.0395078922851013,0.309063460379565,2.6522567553846
14.87,0.314876550025964,27.7777777777778,0.3,0.35,3.19514927541566,3.23436085780267,-0.0392115823870025,0.305957442428128,2.65220347891919
14.88,0.314876550025964,27.7777777777778,0.3,0.35,3.1954343622555,3.23434483399281,-0.0389104717373093,0.305951784186633,2.65215037011103
14.89,0.314876550025964,27.7777777777778,0.3,0.35,3.19571686811909,3.234328860556,-0.0386119924369139,0.305951764741584,2.65209742825773
14.9,0.314876550025964,27.7777777777778,0.3,0.35,3.1959967991268,3.23431293727054,-0.0383161381437339,0.305951764722746,2.65204465262445
14.91,0.314876550025964,27.7777777777778,0.3,0.35,3.19627417532264,3.23429706391599,-0.0380228885933525,0.305951764722681,2.65199204248062
14.92,0.314876550025964,27.7777777777778,0.3,0.35,3.19654901703601,3.23428124027416,-0.0377322232381507,0.305951764722681,2.65193959710306
14.93,0.314876550025964,27.7777777777778,0.3,0.35,3.19682134383973,3.2342654661266,-0.0374441222868711,0.305951764722681,2.65188731576773
14.94,0.314876550025964,27.7777777777778,0.3,0.35,3.19709117513167,3.23424974125599,-0.0371585661243197,0.305951764722681,2.65183519775437
14.95,0.314876550025964,27.7777777777778,0.3,0.35,3.1973585303641,3.23423406544671,-0.0368755350826105,0.305951764722681,2.65178324234831
14.96,0.314876550025964,27.7777777777778,0.3,0.35,3.19762342909592,3.23421843848494,-0.0365950093890182,0.305951764722681,2.65173144884091
14.97,0.314876550025964,27.7777777777778,0.3,0.35,3.19788588989734,3.23420286015598,-0.0363169702586408,0.305951764722681,2.65167981652056
14.98,0.314876550025964,27.7777777777778,0.3,0.35,3.19814593219023,3.23418733024876,-0.0360413980585279,0.305951764722681,2.65162834468766
14.99,0.314876550025964,27.7777777777778,0.3,0.35,3.19840357549877,3.23417184855397,-0.0357682730551967,0.305951764722681,2.65157703264853
15,0.314876550025964,27.7777777777778,0.3,0.35,3.19865883760195,3.23415641485951,-0.035497577257567,0.305951764722681,2.65152587970019
15.01,0.314876550025964,27.7777777777778,0.3,0.35,3.19891173747481,3.23414102895775,-0.035229291482942,0.305951764722681,2.65147488515446
15.02,0.314876550025964,27.7777777777778,0.3,0.35,3.19916229394645,3.23412569064218,-0.0349633966957343,0.305951764722681,2.65142404832688
15.03,0.314876550025964,27.7777777777778,0.3,0.35,3.19941052478027,3.23411039970513,-0.034699874924867,0.305951764722681,2.65137336852916
15.04,0.314876550025964,27.7777777777778,0.3,0.35,3.19965644860485,3.23409515594256,-0.0344387073377024,0.305951764722681,2.65132284508503
15.05,0.314876550025964,27.7777777777778,0.3,0.35,3.19990008249893,3.23407995914799,-0.0341798766490635,0.305951764722681,2.65127247731019
15.06,0.314876550025964,27.7777777777778,0.3,0.35,3.20014144532555,3.23406480912091,-0.0339233637953531,0.305951764722681,2.65122226454001
15.07,0.314876550025964,27.7777777777778,0.3,0.35,3.20038055489364,3.23404970565959,-0.0336691507659488,0.305951764722681,2.65117220610592
15.08,0.314876550025964,27.7777777777778,0.3,0.35,3.20061742880942,3.23403464856323,-0.0334172197538054,0.305951764722681,2.6511223013424
15.09,0.314876550025964,27.7777777777778,0.3,0.35,3.20085208429131,3.23401963763149,-0.0331675533401845,0.305951764722681,2.65107254958543
15.1,0.314876550025964,27.7777777777778,0.3,0.35,3.20108453943456,3.23400467266767,-0.0329201332331075,0.305951764722681,2.65102295018306
15.11,0.314876550025964,27.7777777777778,0.3,0.35,3.20131481094213,3.23398975347294,-0.0326749425308108,0.305951764722681,2.65097350247633
15.12,0.314876550025964,27.7777777777778,0.3,0.35,3.20154291539504,3.23397487984956,-0.0324319644545148,0.305951764722681,2.65092420580982
15.13,0.314876550025964,27.7777777777778,0.3,0.35,3.20176887084456,3.23396005160493,-0.0321911807603708,0.305951764722681,2.65087505954524
15.14,0.314876550025964,27.7777777777778,0.3,0.35,3.20199269299299,3.23394526854184,-0.0319525755488517,0.305951764722681,2.65082606302891
15.15,0.314876550025964,27.7777777777778,0.3,0.35,3.20221439942814,3.23393053046929,-0.0317161310411516,0.305951764722681,2.65077721562779
15.16,0.314876550025964,27.7777777777778,0.3,0.35,3.20243400694563,3.23391583719562,-0.03148183024999,0.305951764722681,2.65072851670665
15.17,0.314876550025964,27.7777777777778,0.3,0.35,3.20265153134613,3.23390118852794,-0.0312496571818186,0.305951764722681,2.65067996562623
15.18,0.314876550025964,27.7777777777778,0.3,0.35,3.20286698968415,3.233886584278,-0.031019594593853,0.305951764722681,2.65063156176252
15.19,0.314876550025964,27.7777777777778,0.3,0.35,3.203080397383,3.23387202425461,-0.0307916268716104,0.305951764722681,2.65058330448192
15.2,0.314876550025964,27.7777777777778,0.3,0.35,3.20329177087113,3.23385750827057,-0.0305657373994413,0.305951764722681,2.65053519316392
15.21,0.314876550025964,27.7777777777778,0.3,0.35,3.20350112651962,3.23384303613984,-0.03034190962022,0.305951764722681,2.65048722719195
15.22,0.314876550025964,27.7777777777778,0.3,0.35,3.20370848001996,3.23382860767593,-0.0301201276559744,0.305951764722681,2.65043940594793
15.23,0.314876550025964,27.7777777777778,0.3,0.35,3.20391384732779,3.23381422269437,-0.0299003753665841,0.305951764722681,2.6503917288204
15.24,0.314876550025964,27.7777777777778,0.3,0.35,3.20411724359026,3.23379988100985,-0.0296826374195875,0.305951764722681,2.65034419519521
15.25,0.314876550025964,27.7777777777778,0.3,0.35,3.20431868482986,3.23378558244066,-0.0294668976108046,0.305951764722681,2.65029680447013
15.26,0.314876550025964,27.7777777777778,0.3,0.35,3.20451818628847,3.23377132680434,-0.0292531405158676,0.305951764722681,2.65024955604039
15.27,0.314876550025964,27.7777777777778,0.3,0.35,3.20471576374849,3.23375711392114,-0.0290413501726468,0.305951764722681,2.65020244931022
15.28,0.314876550025964,27.7777777777778,0.3,0.35,3.20491143157864,3.23374294360881,-0.0288315120301648,0.305951764722681,2.65015548367561
15.29,0.314876550025964,27.7777777777778,0.3,0.35,3.20510520483931,3.23372881568821,-0.028623610848896,0.305951764722681,2.6501086585428
15.3,0.314876550025964,27.7777777777778,0.3,0.35,3.2052970989917,3.23371472998254,-0.0284176309908406,0.305951764722681,2.65006197332582
15.31,0.314876550025964,27.7777777777778,0.3,0.35,3.2054871286831,3.23370068631406,-0.0282135576309619,0.305951764722681,2.6500154274356
15.32,0.314876550025964,27.7777777777778,0.3,0.35,3.20567530879592,3.23368668450693,-0.028011375711015,0.305951764722681,2.64996902028927
15.33,0.314876550025964,27.7777777777778,0.3,0.35,3.20586165396022,3.23367272438584,-0.0278110704256274,0.305951764722681,2.64992275130586
15.34,0.314876550025964,27.7777777777778,0.3,0.35,3.20604617836859,3.23365880577554,-0.0276126274069552,0.305951764722681,2.64987661990448
15.35,0.314876550025964,27.7777777777778,0.3,0.35,3.20622889660486,3.23364492850306,-0.0274160318981953,0.305951764722681,2.64983062551185
15.36,0.314876550025964,27.7777777777778,0.3,0.35,3.20640982292086,3.23363109239573,-0.0272212694748677,0.305951764722681,2.6497847675557
15.37,0.314876550025964,27.7777777777778,0.3,0.35,3.20658897162351,3.23361729728225,-0.0270283256587347,0.305951764722681,2.64973904546828
15.38,0.314876550025964,27.7777777777778,0.3,0.35,3.20676635624533,3.23360354299039,-0.026837186745059,0.305951764722681,2.64969345867876
15.39,0.314876550025964,27.7777777777778,0.3,0.35,3.20694199133451,3.23358982935192,-0.0266478380174133,0.305951764722681,2.64964800662952
15.4,0.314876550025964,27.7777777777778,0.3,0.35,3.20711589060291,3.23357615619747,-0.0264602655945576,0.305951764722681,2.64960268875925
15.41,0.314876550025964,27.7777777777778,0.3,0.35,3.20728806781285,3.23356252335901,-0.0262744555461647,0.305951764722681,2.64955750451102
15.42,0.314876550025964,27.7777777777778,0.3,0.35,3.20745853704498,3.23354893067056,-0.0260903936255787,0.305951764722681,2.64951245333472
15.43,0.314876550025964,27.7777777777778,0.3,0.35,3.20762731113494,3.23353537796385,-0.0259080668289084,0.305951764722681,2.64946753467261
15.44,0.314876550025964,27.7777777777778,0.3,0.35,3.20779440381027,3.23352186507424,-0.0257274612639673,0.305951764722681,2.64942274797904
15.45,0.314876550025964,27.7777777777778,0.3,0.35,3.20795982844695,3.23350839183726,-0.0255485633903146,0.305951764722681,2.64937809270891
15.46,0.314876550025964,27.7777777777778,0.3,0.35,3.20812359811749,3.23349495808875,-0.0253713599712597,0.305951764722681,2.64933356831809
15.47,0.314876550025964,27.7777777777778,0.3,0.35,3.20828572600261,3.23348156366597,-0.0251958376633583,0.305951764722681,2.64928917426725
15.48,0.314876550025964,27.7777777777778,0.3,0.35,3.20844622567001,3.23346820840843,-0.0250219827384184,0.305951764722681,2.64924491002443
15.49,0.314876550025964,27.7777777777778,0.3,0.35,3.20860510927027,3.23345489215274,-0.0248497828824692,0.305951764722681,2.64920077504811
15.5,0.314876550025964,27.7777777777778,0.3,0.35,3.20876238994223,3.23344161473943,-0.0246792247972052,0.305951764722681,2.64915676880974
15.51,0.314876550025964,27.7777777777778,0.3,0.35,3.20891808056603,3.23342837600941,-0.0245102954433878,0.305951764722681,2.64911289078205
15.52,0.314876550025964,27.7777777777778,0.3,0.35,3.20907219392188,3.23341517580443,-0.0243429818825436,0.305951764722681,2.6490691404405
15.53,0.314876550025964,27.7777777777778,0.3,0.35,3.20922474284414,3.23340201396746,-0.0241772711233277,0.305951764722681,2.64902551726472
15.54,0.314876550025964,27.7777777777778,0.3,0.35,3.2093757391456,3.23338889033968,-0.0240131511940827,0.305951764722681,2.64898202072823
15.55,0.314876550025964,27.7777777777778,0.3,0.35,3.20952519533128,3.23337580476529,-0.0238506094340116,0.305951764722681,2.64893865031473
15.56,0.314876550025964,27.7777777777778,0.3,0.35,3.20967312394961,3.23336275708975,-0.0236896331401333,0.305951764722681,2.64889540551193
15.57,0.314876550025964,27.7777777777778,0.3,0.35,3.20981953742112,3.23334974715918,-0.0235302097380607,0.305951764722681,2.64885228580991
15.58,0.314876550025964,27.7777777777778,0.3,0.35,3.20996444723388,3.2333367748181,-0.0233723275842275,0.305951764722681,2.64880929069328
15.59,0.314876550025964,27.7777777777778,0.3,0.35,3.21010786576033,3.23332383991464,-0.0232159741543092,0.305951764722681,2.64876641965872
15.6,0.314876550025964,27.7777777777778,0.3,0.35,3.2102498049083,3.23331094229664,-0.02306113738834,0.305951764722681,2.64872367220189
15.61,0.314876550025964,27.7777777777778,0.3,0.35,3.2103902761032,3.23329808181156,-0.0229078057083641,0.305951764722681,2.64868104781726
15.62,0.314876550025964,27.7777777777778,0.3,0.35,3.21052929126428,3.23328525830937,-0.0227559670450952,0.305951764722681,2.64863854600753
15.63,0.314876550025964,27.7777777777778,0.3,0.35,3.21066686200933,3.23327247164018,-0.0226056096308449,0.305951764722681,2.64859616627592
15.64,0.314876550025964,27.7777777777778,0.3,0.35,3.21080300028234,3.23325972165609,-0.0224567213737532,0.305951764722681,2.64855390813228
15.65,0.314876550025964,27.7777777777778,0.3,0.35,3.21093771728387,3.23324700820805,-0.0223092909241825,0.305951764722681,2.64851177108256
15.66,0.314876550025964,27.7777777777778,0.3,0.35,3.2110710242979,3.23323433114826,-0.0221633068503615,0.305951764722681,2.64846975463688
15.67,0.314876550025964,27.7777777777778,0.3,0.35,3.21120293261603,3.23322169032994,-0.022018757713913,0.305951764722681,2.6484278583088
15.68,0.314876550025964,27.7777777777778,0.3,0.35,3.21133345356025,3.23320908560743,-0.0218756320471818,0.305951764722681,2.64838608161554
15.69,0.314876550025964,27.7777777777778,0.3,0.35,3.21146259851858,3.23319651683628,-0.0217339183176981,0.305951764722681,2.6483444240783
15.7,0.314876550025964,27.7777777777778,0.3,0.35,3.2115903782629,3.23318398387116,-0.0215936056082611,0.305951764722681,2.64830288521544
15.71,0.314876550025964,27.7777777777778,0.3,0.35,3.21171680377582,3.23317148656838,-0.0214546827925592,0.305951764722681,2.64826146455071
15.72,0.314876550025964,27.7777777777778,0.3,0.35,3.21184188594693,3.23315902478494,-0.021317138838008,0.305951764722681,2.64822016161018
15.73,0.314876550025964,27.7777777777778,0.3,0.35,3.21196563544335,3.23314659837816,-0.0211809629348134,0.305951764722681,2.64817897592092
15.74,0.314876550025964,27.7777777777778,0.3,0.35,3.21208806331358,3.2331342072075,-0.0210461438939129,0.305951764722681,2.64813790701712
15.75,0.314876550025964,27.7777777777778,0.3,0.35,3.21220917976098,3.23312185113077,-0.0209126713697882,0.305951764722681,2.64809695442757
15.76,0.314876550025964,27.7777777777778,0.3,0.35,3.21232899553382,3.23310953000846,-0.020780534474635,0.305951764722681,2.6480561176898
15.77,0.314876550025964,27.7777777777778,0.3,0.35,3.21244752102264,3.23309724370088,-0.0206497226782374,0.305951764722681,2.64801539634088
15.78,0.314876550025964,27.7777777777778,0.3,0.35,3.21256476682995,3.23308499206996,-0.0205202252400154,0.305951764722681,2.64797478992321
15.79,0.314876550025964,27.7777777777778,0.3,0.35,3.21268074324779,3.23307277497764,-0.0203920317298479,0.305951764722681,2.64793429797915
15.8,0.314876550025964,27.7777777777778,0.3,0.35,3.21279546044733,3.23306059228639,-0.0202651318390541,0.305951764722681,2.64789392005293
15.81,0.314876550025964,27.7777777777778,0.3,0.35,3.21290892896038,3.23304844386077,-0.0201395149003965,0.305951764722681,2.64785365569564
15.82,0.314876550025964,27.7777777777778,0.3,0.35,3.21302115806462,3.23303632956234,-0.0200151714977133,0.305951764722681,2.64781350444839
15.83,0.314876550025964,27.7777777777778,0.3,0.35,3.21313215797263,3.23302424925649,-0.0198920912838561,0.305951764722681,2.64777346586509
15.84,0.314876550025964,27.7777777777778,0.3,0.35,3.21324193891145,3.2330122028096,-0.0197702638981503,0.305951764722681,2.64773353950287
15.85,0.314876550025964,27.7777777777778,0.3,0.35,3.21335051062527,3.23300019008745,-0.0196496794621841,0.305951764722681,2.64769372491685
15.86,0.314876550025964,27.7777777777778,0.3,0.35,3.21345788281519,3.23298821095658,-0.0195303281413977,0.305951764722681,2.64765402166471
15.87,0.314876550025964,27.7777777777778,0.3,0.35,3.21356406539189,3.23297626528512,-0.0194121998932251,0.305951764722681,2.64761442930936
15.88,0.314876550025964,27.7777777777778,0.3,0.35,3.21366906795815,3.2329643529411,-0.0192952849829484,0.305951764722681,2.64757494741342
15.89,0.314876550025964,27.7777777777778,0.3,0.35,3.21377290019708,3.23295247379371,-0.0191795735966296,0.305951764722681,2.64753557554338
15.9,0.314876550025964,27.7777777777778,0.3,0.35,3.21387557109004,3.23294062771078,-0.0190650566207382,0.305951764722681,2.64749631326111
15.91,0.314876550025964,27.7777777777778,0.3,0.35,3.21397709033971,3.23292881456334,-0.0189517242236317,0.305951764722681,2.6474571601392
15.92,0.314876550025964,27.7777777777778,0.3,0.35,3.21407746728467,3.23291703422214,-0.0188395669374684,0.305951764722681,2.64741811574921
15.93,0.314876550025964,27.7777777777778,0.3,0.35,3.21417671139504,3.23290528655921,-0.0187285751641677,0.305951764722681,2.64737917966709
15.94,0.314876550025964,27.7777777777778,0.3,0.35,3.21427483161592,3.23289357144576,-0.0186187398298432,0.305951764722681,2.64734035146594
15.95,0.314876550025964,27.7777777777778,0.3,0.35,3.21437183705338,3.2328818887544,-0.0185100517010142,0.305951764722681,2.6473016307235
15.96,0.314876550025964,27.7777777777778,0.3,0.35,3.21446773704995,3.23287023835935,-0.0184025013093954,0.305951764722681,2.64726301702295
15.97,0.314876550025964,27.7777777777778,0.3,0.35,3.21456254057348,3.23285862013448,-0.0182960795610066,0.305951764722681,2.64722450994625
15.98,0.314876550025964,27.7777777777778,0.3,0.35,3.21465625595447,3.2328470339524,-0.0181907779979311,0.305951764722681,2.64718610907111
15.99,0.314876550025964,27.7777777777778,0.3,0.35,3.21474889256235,3.23283547968998,-0.018086587127633,0.305951764722681,2.64714781398952
16,0.314876550025964,27.7777777777778,0.3,0.35,3.2148404591228,3.23282395722285,-0.0179834981000506,0.305951764722681,2.64710962428919
16.01,0.314876550025964,27.7777777777778,0.3,0.35,3.21493096452806,3.23281246642799,-0.0178815018999244,0.305951764722681,2.64707153956246
16.02,0.314876550025964,27.7777777777778,0.3,0.35,3.2150204169073,3.23280100718066,-0.017780590273369,0.305951764722681,2.64703355939589
16.03,0.314876550025964,27.7777777777778,0.3,0.35,3.21510882562847,3.23278957936116,-0.0176807537326868,0.305951764722681,2.64699568339268
16.04,0.314876550025964,27.7777777777778,0.3,0.35,3.2151961985362,3.23277818284542,-0.017581984309226,0.305951764722681,2.64695791114169
16.05,0.314876550025964,27.7777777777778,0.3,0.35,3.2152825443537,3.2327668175132,-0.0174842731594969,0.305951764722681,2.64692024224434
16.06,0.314876550025964,27.7777777777778,0.3,0.35,3.21536787146391,3.2327554832439,-0.0173876117799829,0.305951764722681,2.64688267630096
16.07,0.314876550025964,27.7777777777778,0.3,0.35,3.21545218828225,3.23274417991785,-0.017291991635604,0.305951764722681,2.64684521291492
16.08,0.314876550025964,27.7777777777778,0.3,0.35,3.21553550292533,3.23273290741517,-0.0171974044898429,0.305951764722681,2.64680785168889
16.09,0.314876550025964,27.7777777777778,0.3,0.35,3.21561782375387,3.23272166561763,-0.0171038418637592,0.305951764722681,2.64677059223097
16.1,0.314876550025964,27.7777777777778,0.3,0.35,3.21569915883699,3.23271045440676,-0.017011295569775,0.305951764722681,2.64673343414859
16.11,0.314876550025964,27.7777777777778,0.3,0.35,3.21577951616981,3.23269927366467,-0.0169197574948599,0.305951764722681,2.64669637705093
16.12,0.314876550025964,27.7777777777778,0.3,0.35,3.21585890395311,3.23268812327495,-0.0168292193218376,0.305951764722681,2.6466594205522
16.13,0.314876550025964,27.7777777777778,0.3,0.35,3.2159373302114,3.23267700312136,-0.0167396729099685,0.305951764722681,2.64662256426718
16.14,0.314876550025964,27.7777777777778,0.3,0.35,3.21601480228626,3.23266591308607,-0.0166511107998137,0.305951764722681,2.64658580780527
16.15,0.314876550025964,27.7777777777778,0.3,0.35,3.21609132858002,3.23265485305573,-0.0165635244757061,0.305951764722681,2.64654915079083
16.16,0.314876550025964,27.7777777777778,0.3,0.35,3.21616691669142,3.23264382291495,-0.0164769062235335,0.305951764722681,2.64651259284139
16.17,0.314876550025964,27.7777777777778,0.3,0.35,3.2162415742861,3.23263282254934,-0.0163912482632367,0.305951764722681,2.64647613357783
16.18,0.314876550025964,27.7777777777778,0.3,0.35,3.21631530933381,3.23262185184635,-0.0163065425125426,0.305951764722681,2.64643977262715
16.19,0.314876550025964,27.7777777777778,0.3,0.35,3.2163881289713,3.23261091069125,-0.0162227817199474,0.305951764722681,2.64640350960901
16.2,0.314876550025964,27.7777777777778,0.3,0.35,3.21646004119931,3.23259999897311,-0.0161399577738059,0.305951764722681,2.64636734415585
16.21,0.314876550025964,27.7777777777778,0.3,0.35,3.21653105305112,3.23258911657833,-0.0160580635272063,0.305951764722681,2.64633127589107
16.22,0.314876550025964,27.7777777777778,0.3,0.35,3.21660117217689,3.23257826339624,-0.0159770912193484,0.305951764722681,2.64629530444792
16.23,0.314876550025964,27.7777777777778,0.3,0.35,3.21667040595823,3.23256743931597,-0.0158970333577391,0.305951764722681,2.64625942945892
16.24,0.314876550025964,27.7777777777778,0.3,0.35,3.21673876172008,3.23255664422718,-0.0158178825071036,0.305951764722681,2.64622365055835
16.25,0.314876550025964,27.7777777777778,0.3,0.35,3.21680624685097,3.2325458780205,-0.0157396311695344,0.305951764722681,2.64618796738375
16.26,0.314876550025964,27.7777777777778,0.3,0.35,3.21687286827851,3.23253514058561,-0.0156622723071021,0.305951764722681,2.64615237956945
16.27,0.314876550025964,27.7777777777778,0.3,0.35,3.21693863337038,3.23252443181453,-0.0155857984441519,0.305951764722681,2.64611688675758
16.28,0.314876550025964,27.7777777777778,0.3,0.35,3.21700354942889,3.23251375159978,-0.0155102021708942,0.305951764722681,2.64608148859191
16.29,0.314876550025964,27.7777777777778,0.3,0.35,3.21706762294171,3.23250309983158,-0.0154354768898637,0.305951764722681,2.64604618470856
16.3,0.314876550025964,27.7777777777778,0.3,0.35,3.21713086115705,3.23249247640367,-0.0153616152466238,0.305951764722681,2.64601097475539
16.31,0.314876550025964,27.7777777777778,0.3,0.35,3.21719327116053,3.23248188120993,-0.0152886100494065,0.305951764722681,2.64597585838068
16.32,0.314876550025964,27.7777777777778,0.3,0.35,3.21725485971269,3.23247131414374,-0.0152164544310525,0.305951764722681,2.64594083523098
16.33,0.314876550025964,27.7777777777778,0.3,0.35,3.21731563355551,3.23246077509908,-0.0151451415435684,0.305951764722681,2.64590590495498
16.34,0.314876550025964,27.7777777777778,0.3,0.35,3.21737559940613,3.23245026397056,-0.015074664564426,0.305951764722681,2.64587106720336
16.35,0.314876550025964,27.7777777777778,0.3,0.35,3.21743476425562,3.23243978065454,-0.0150050163989177,0.305951764722681,2.6458363216326
16.36,0.314876550025964,27.7777777777778,0.3,0.35,3.21749313470899,3.2324293250466,-0.0149361903376057,0.305951764722681,2.64580166789662
16.37,0.314876550025964,27.7777777777778,0.3,0.35,3.21755071712458,3.23241889704206,-0.014868179917479,0.305951764722681,2.64576710564848
16.38,0.314876550025964,27.7777777777778,0.3,0.35,3.21760751854165,3.23240849653956,-0.0148009779979121,0.305951764722681,2.64573263455223
16.39,0.314876550025964,27.7777777777778,0.3,0.35,3.21766354495159,3.23239812343437,-0.0147345784827877,0.305951764722681,2.64569825426077
16.4,0.314876550025964,27.7777777777778,0.3,0.35,3.21771880321861,3.23238777762584,-0.0146689744072348,0.305951764722681,2.64566396444049
16.41,0.314876550025964,27.7777777777778,0.3,0.35,3.21777329975933,3.23237745901226,-0.0146041592529293,0.305951764722681,2.64562976475426
16.42,0.314876550025964,27.7777777777778,0.3,0.35,3.21782704076209,3.23236716749168,-0.0145401267295875,0.305951764722681,2.64559565486424
16.43,0.314876550025964,27.7777777777778,0.3,0.35,3.21788003249772,3.23235690296317,-0.0144768704654532,0.305951764722681,2.64556163443588
16.44,0.314876550025964,27.7777777777778,0.3,0.35,3.21793228135889,3.23234666532693,-0.0144143839680404,0.305951764722681,2.64552770313841
16.45,0.314876550025964,27.7777777777778,0.3,0.35,3.21798379356863,3.23233645448317,-0.014352660914545,0.305951764722681,2.64549386064109
16.46,0.314876550025964,27.7777777777778,0.3,0.35,3.21803457537756,3.23232627033287,-0.0142916949553147,0.305951764722681,2.64546010661572
16.47,0.314876550025964,27.7777777777778,0.3,0.35,3.21808463286035,3.23231611277697,-0.014231479916619,0.305951764722681,2.64542644073398
16.48,0.314876550025964,27.7777777777778,0.3,0.35,3.21813397197882,3.2323059817166,-0.0141720097377811,0.305951764722681,2.6453928626682
16.49,0.314876550025964,27.7777777777778,0.3,0.35,3.21818259900701,3.23229587705481,-0.0141132780478066,0.305951764722681,2.64535937209705
16.5,0.314876550025964,27.7777777777778,0.3,0.35,3.21823051999614,3.23228579869442,-0.0140552786982751,0.305951764722681,2.64532596869838
16.51,0.314876550025964,27.7777777777778,0.3,0.35,3.21827774042807,3.23227574653654,-0.0139980061084688,0.305951764722681,2.64529265214452
16.52,0.314876550025964,27.7777777777778,0.3,0.35,3.21832426643647,3.2322657204856,-0.0139414540491347,0.305951764722681,2.64525942211869
16.53,0.314876550025964,27.7777777777778,0.3,0.35,3.21837010410297,3.23225572044647,-0.0138856163435079,0.305951764722681,2.64522627830556
16.54,0.314876550025964,27.7777777777778,0.3,0.35,3.21841525901109,3.23224574632261,-0.013830487311512,0.305951764722681,2.64519322038514
16.55,0.314876550025964,27.7777777777778,0.3,0.35,3.2184597372197,3.23223579802005,-0.0137760608003408,0.305951764722681,2.64516024804606
16.56,0.314876550025964,27.7777777777778,0.3,0.35,3.21850354404305,3.23222587544239,-0.01372233139934,0.305951764722681,2.64512736096878
16.57,0.314876550025964,27.7777777777778,0.3,0.35,3.2185466853288,3.23221597849606,-0.01366929316726,0.305951764722681,2.64509455884317
16.58,0.314876550025964,27.7777777777778,0.3,0.35,3.21858916662237,3.23220610708687,-0.0136169404644981,0.305951764722681,2.64506184135702
16.59,0.314876550025964,27.7777777777778,0.3,0.35,3.21863099366182,3.23219626112202,-0.0135652674602027,0.305951764722681,2.64502920820282
16.6,0.314876550025964,27.7777777777778,0.3,0.35,3.21867217205081,3.23218644050882,-0.0135142684580076,0.305951764722681,2.64499665907329
16.61,0.314876550025964,27.7777777777778,0.3,0.35,3.21871270697774,3.23217664515338,-0.0134639381756454,0.305951764722681,2.64496419365732
16.62,0.314876550025964,27.7777777777778,0.3,0.35,3.21875260416737,3.23216687496474,-0.0134142707973703,0.305951764722681,2.64493181165337
16.63,0.314876550025964,27.7777777777778,0.3,0.35,3.21879186910058,3.23215712985149,-0.0133652607509114,0.305951764722681,2.64489951275851
16.64,0.314876550025964,27.7777777777778,0.3,0.35,3.21883050709538,3.23214740972215,-0.0133169026267663,0.305951764722681,2.64486729666951
16.65,0.314876550025964,27.7777777777778,0.3,0.35,3.21886852344544,3.23213771448571,-0.0132691910402758,0.305951764722681,2.64483516308478
16.66,0.314876550025964,27.7777777777778,0.3,0.35,3.21890592334025,3.23212804405133,-0.0132221207110872,0.305951764722681,2.64480311170319
16.67,0.314876550025964,27.7777777777778,0.3,0.35,3.21894271213561,3.23211839832948,-0.0131756861938634,0.305951764722681,2.64477114222801
16.68,0.314876550025964,27.7777777777778,0.3,0.35,3.21897889510335,3.23210877723084,-0.013129882127489,0.305951764722681,2.64473925436325
16.69,0.314876550025964,27.7777777777778,0.3,0.35,3.21901447721701,3.23209918066541,-0.0130847034483907,0.305951764722681,2.64470744781057
16.7,0.314876550025964,27.7777777777778,0.3,0.35,3.21904946386582,3.23208960854557,-0.0130401446797488,0.305951764722681,2.64467572227961
16.71,0.314876550025964,27.7777777777778,0.3,0.35,3.21908386008923,3.23208006078278,-0.0129962006935589,0.305951764722681,2.64464407747686
16.72,0.314876550025964,27.7777777777778,0.3,0.35,3.21911767080116,3.23207053728851,-0.0129528664873422,0.305951764722681,2.6446125131089
16.73,0.314876550025964,27.7777777777778,0.3,0.35,3.21915090120804,3.23206103797609,-0.0129101367680495,0.305951764722681,2.64458102888853
16.74,0.314876550025964,27.7777777777778,0.3,0.35,3.21918355610616,3.23205156275762,-0.0128680066514617,0.305951764722681,2.64454962452438
16.75,0.314876550025964,27.7777777777778,0.3,0.35,3.21921564062037,3.23204211154724,-0.0128264709268637,0.305951764722681,2.64451829973188
16.76,0.314876550025964,27.7777777777778,0.3,0.35,3.21924715941986,3.23203268425761,-0.0127855248377444,0.305951764722681,2.64448705422155
16.77,0.314876550025964,27.7777777777778,0.3,0.35,3.21927811760706,3.2320232808039,-0.0127451631968385,0.305951764722681,2.64445588771227
16.78,0.314876550025964,27.7777777777778,0.3,0.35,3.21930851991199,3.2320139011002,-0.0127053811882081,0.305951764722681,2.64442479991923
16.79,0.314876550025964,27.7777777777778,0.3,0.35,3.21933837125935,3.232004545062,-0.012666173802649,0.305951764722681,2.6443937905624
16.8,0.314876550025964,27.7777777777778,0.3,0.35,3.21936767608047,3.23199521260312,-0.0126275365226527,0.305951764722681,2.64436285935612
16.81,0.314876550025964,27.7777777777778,0.3,0.35,3.21939643936811,3.23198590364051,-0.0125894642724003,0.305951764722681,2.64433200602512
16.82,0.314876550025964,27.7777777777778,0.3,0.35,3.21942466575199,3.23197661809,-0.0125519523380047,0.305951764722681,2.64430123029044
16.83,0.314876550025964,27.7777777777778,0.3,0.35,3.21945235975841,3.23196735586748,-0.0125149961090658,0.305951764722681,2.64427053187334
16.84,0.314876550025964,27.7777777777778,0.3,0.35,3.21947952598301,3.23195811688973,-0.0124785909067175,0.305951764722681,2.64423991049794
16.85,0.314876550025964,27.7777777777778,0.3,0.35,3.21950616926067,3.23194890107518,-0.0124427318145037,0.305951764722681,2.64420936589393
16.86,0.314876550025964,27.7777777777778,0.3,0.35,3.21953229382378,3.23193970833999,-0.0124074145162023,0.305951764722681,2.64417889778342
16.87,0.314876550025964,27.7777777777778,0.3,0.35,3.21955790426694,3.23193053860255,-0.0123726343356103,0.305951764722681,2.64414850589592
16.88,0.314876550025964,27.7777777777778,0.3,0.35,3.21958300526268,3.23192139178218,-0.012338386519497,0.305951764722681,2.64411818996403
16.89,0.314876550025964,27.7777777777778,0.3,0.35,3.21960760099646,3.2319122677964,-0.0123046667999391,0.305951764722681,2.64408794971441
16.9,0.314876550025964,27.7777777777778,0.3,0.35,3.21963169586017,3.23190316656427,-0.0122714707041007,0.305951764722681,2.64405778487873
16.91,0.314876550025964,27.7777777777778,0.3,0.35,3.21965529438567,3.23189408800602,-0.0122387936203552,0.305951764722681,2.64402769519267
16.92,0.314876550025964,27.7777777777778,0.3,0.35,3.21967840102107,3.23188503204206,-0.0122066310209905,0.305951764722681,2.64399768039238
16.93,0.314876550025964,27.7777777777778,0.3,0.35,3.21970101962152,3.23187599859039,-0.0121749789688761,0.305951764722681,2.64396774020614
16.94,0.314876550025964,27.7777777777778,0.3,0.35,3.21972315472906,3.23186698757292,-0.0121438328438646,0.305951764722681,2.64393787437508
16.95,0.314876550025964,27.7777777777778,0.3,0.35,3.21974481057716,3.23185799891055,-0.0121131883333878,0.305951764722681,2.64390808263707
16.96,0.314876550025964,27.7777777777778,0.3,0.35,3.21976599131523,3.2318490325243,-0.0120830412090691,0.305951764722681,2.64387836473031
16.97,0.314876550025964,27.7777777777778,0.3,0.35,3.21978670107626,3.23184008833561,-0.0120533872593431,0.305951764722681,2.64384872039445
16.98,0.314876550025964,27.7777777777778,0.3,0.35,3.21980694411066,3.23183116626703,-0.0120242221563673,0.305951764722681,2.64381914937278
16.99,0.314876550025964,27.7777777777778,0.3,0.35,3.21982672443675,3.23182226624046,-0.0119955418037088,0.305951764722681,2.64378965140647
17,0.314876550025964,27.7777777777778,0.3,0.35,3.21984604596966,3.23181338817779,-0.011967342208131,0.305951764722681,2.6437602262366
17.01,0.314876550025964,27.7777777777778,0.3,0.35,3.21986491294069,3.23180453200301,-0.0119396190623147,0.305951764722681,2.64373087361124
17.02,0.314876550025964,27.7777777777778,0.3,0.35,3.21988332935024,3.23179569763944,-0.0119123682892002,0.305951764722681,2.64370159327629
17.03,0.314876550025964,27.7777777777778,0.3,0.35,3.21990129913855,3.23178688501061,-0.0118855858720592,0.305951764722681,2.64367238497826
17.04,0.314876550025964,27.7777777777778,0.3,0.35,3.21991882632262,3.23177809404093,-0.0118592677183105,0.305951764722681,2.64364324846666
17.05,0.314876550025964,27.7777777777778,0.3,0.35,3.21993591466838,3.23176932465404,-0.0118334099856594,0.305951764722681,2.64361418348835
17.06,0.314876550025964,27.7777777777778,0.3,0.35,3.21995256819373,3.23176057677535,-0.0118080085816206,0.305951764722681,2.64358518979615
17.07,0.314876550025964,27.7777777777778,0.3,0.35,3.2199687906156,3.23175185032922,-0.0117830597136224,0.305951764722681,2.64355626713933
17.08,0.314876550025964,27.7777777777778,0.3,0.35,3.21998458590143,3.23174314524179,-0.0117585593403682,0.305951764722681,2.64352741527312
17.09,0.314876550025964,27.7777777777778,0.3,0.35,3.21999995766694,3.23173446143786,-0.0117345037709211,0.305951764722681,2.64349863394827
17.1,0.314876550025964,27.7777777777778,0.3,0.35,3.2200149098111,3.2317257988442,-0.0117108890331052,0.305951764722681,2.64346992292207
17.11,0.314876550025964,27.7777777777778,0.3,0.35,3.22002944599768,3.23171715738683,-0.0116877113891518,0.305951764722681,2.64344128194929
17.12,0.314876550025964,27.7777777777778,0.3,0.35,3.22004357000664,3.23170853699285,-0.0116649669862068,0.305951764722681,2.64341271078837
17.13,0.314876550025964,27.7777777777778,0.3,0.35,3.22005728550242,3.23169993758925,-0.0116426520868238,0.305951764722681,2.64338420919729
17.14,0.314876550025964,27.7777777777778,0.3,0.35,3.22007059610654,3.23169135910325,-0.0116207629967087,0.305951764722681,2.64335577693487
17.15,0.314876550025964,27.7777777777778,0.3,0.35,3.22008350539588,3.23168280146232,-0.0115992960664375,0.305951764722681,2.64332741376065
17.16,0.314876550025964,27.7777777777778,0.3,0.35,3.22009601693735,3.23167426459432,-0.011578247656967,0.305951764722681,2.6432991194356
17.17,0.314876550025964,27.7777777777778,0.3,0.35,3.22010813438574,3.23166574842809,-0.0115576140423448,0.305951764722681,2.64327089372383
17.18,0.314876550025964,27.7777777777778,0.3,0.35,3.22011986127798,3.23165725289228,-0.0115373916143016,0.305951764722681,2.64324273638887
17.19,0.314876550025964,27.7777777777778,0.3,0.35,3.22013120105728,3.2316487779155,-0.0115175768582172,0.305951764722681,2.64321464719411
17.2,0.314876550025964,27.7777777777778,0.3,0.35,3.22014215722963,3.23164032342716,-0.0114981661975304,0.305951764722681,2.64318662590561
17.21,0.314876550025964,27.7777777777778,0.3,0.35,3.22015273334182,3.23163188935738,-0.0114791560155676,0.305951764722681,2.64315867229172
17.22,0.314876550025964,27.7777777777778,0.3,0.35,3.22016293266778,3.23162347563521,-0.0114605429674373,0.305951764722681,2.6431307861173
17.23,0.314876550025964,27.7777777777778,0.3,0.35,3.22017275869363,3.23161508219134,-0.0114423234977084,0.305951764722681,2.64310296715263
17.24,0.314876550025964,27.7777777777778,0.3,0.35,3.22018221470556,3.23160670895579,-0.0114244942502362,0.305951764722681,2.6430752151658
17.25,0.314876550025964,27.7777777777778,0.3,0.35,3.22019130410636,3.23159835585971,-0.0114070517533493,0.305951764722681,2.64304752992855
17.26,0.314876550025964,27.7777777777778,0.3,0.35,3.22020003027137,3.23159002283453,-0.01138999256316,0.305951764722681,2.64301991121368
17.27,0.314876550025964,27.7777777777778,0.3,0.35,3.22020839640906,3.23158170981118,-0.0113733134021201,0.305951764722681,2.64299235879226
17.28,0.314876550025964,27.7777777777778,0.3,0.35,3.22021640590287,3.23157341672207,-0.0113570108191983,0.305951764722681,2.64296487244024
17.29,0.314876550025964,27.7777777777778,0.3,0.35,3.22022406190883,3.23156514349872,-0.011341081589884,0.305951764722681,2.64293745193065
17.3,0.314876550025964,27.7777777777778,0.3,0.35,3.22023136752159,3.23155689007273,-0.0113255225511386,0.305951764722681,2.64291009703681
17.31,0.314876550025964,27.7777777777778,0.3,0.35,3.2202383261632,3.23154865637806,-0.0113103302148683,0.305951764722681,2.64288280753987
17.32,0.314876550025964,27.7777777777778,0.3,0.35,3.22024494077643,3.23154044234632,-0.0112955015698937,0.305951764722681,2.64285558321309
17.33,0.314876550025964,27.7777777777778,0.3,0.35,3.22025121469943,3.23153224791187,-0.0112810332124402,0.305951764722681,2.64282842383893
17.34,0.314876550025964,27.7777777777778,0.3,0.35,3.22025715093007,3.23152407300749,-0.0112669220774215,0.305951764722681,2.64280132919464
17.35,0.314876550025964,27.7777777777778,0.3,0.35,3.22026275264603,3.23151591756748,-0.0112531649214493,0.305951764722681,2.64277429906244
17.36,0.314876550025964,27.7777777777778,0.3,0.35,3.22026802278431,3.23150778152512,-0.0112397587408091,0.305951764722681,2.6427473332212
17.37,0.314876550025964,27.7777777777778,0.3,0.35,3.22027296447021,3.23149966481526,-0.0112267003450492,0.305951764722681,2.64272043145497
17.38,0.314876550025964,27.7777777777778,0.3,0.35,3.22027758077444,3.23149156737285,-0.0112139865984071,0.305951764722681,2.64269359354818
17.39,0.314876550025964,27.7777777777778,0.3,0.35,3.22028187461089,3.23148348913232,-0.0112016145214207,0.305951764722681,2.64266681928348
17.4,0.314876550025964,27.7777777777778,0.3,0.35,3.2202858489527,3.23147543002887,-0.0111895810761702,0.305951764722681,2.64264010844613
17.41,0.314876550025964,27.7777777777778,0.3,0.35,3.2202895068022,3.23146738999832,-0.011177883196122,0.305951764722681,2.64261346082341
17.42,0.314876550025964,27.7777777777778,0.3,0.35,3.22029285103322,3.23145936897613,-0.0111665179429017,0.305951764722681,2.64258687620135
17.43,0.314876550025964,27.7777777777778,0.3,0.35,3.22029588462869,3.23145136689882,-0.0111554822701301,0.305951764722681,2.64256035436964
17.44,0.314876550025964,27.7777777777778,0.3,0.35,3.22029861036037,3.23144338370205,-0.0111447733416887,0.305951764722681,2.64253389511499
17.45,0.314876550025964,27.7777777777778,0.3,0.35,3.2203010311907,3.23143541932308,-0.011134388132386,0.305951764722681,2.64250749822945
17.46,0.314876550025964,27.7777777777778,0.3,0.35,3.2203031499031,3.23142747369846,-0.0111243237953595,0.305951764722681,2.6424811635027
17.47,0.314876550025964,27.7777777777778,0.3,0.35,3.22030496921198,3.23141954676468,-0.0111145775526982,0.305951764722681,2.64245489072434
17.48,0.314876550025964,27.7777777777778,0.3,0.35,3.22030649203245,3.23141163845997,-0.0111051464275267,0.305951764722681,2.64242867968956
17.49,0.314876550025964,27.7777777777778,0.3,0.35,3.22030772110699,3.23140374872185,-0.0110960276148555,0.305951764722681,2.64240253019128
17.5,0.314876550025964,27.7777777777778,0.3,0.35,3.22030865920164,3.23139587748839,-0.0110872182867432,0.305951764722681,2.64237644202425
17.51,0.314876550025964,27.7777777777778,0.3,0.35,3.2203093091192,3.23138802469831,-0.0110787155791163,0.305951764722681,2.64235041498542
17.52,0.314876550025964,27.7777777777778,0.3,0.35,3.22030967336907,3.23138019028884,-0.0110705169197662,0.305951764722681,2.64232444886667
17.53,0.314876550025964,27.7777777777778,0.3,0.35,3.22030975475025,3.23137237419948,-0.0110626194492367,0.305951764722681,2.64229854346753
17.54,0.314876550025964,27.7777777777778,0.3,0.35,3.22030955587933,3.23136457636896,-0.0110550204896311,0.305951764722681,2.64227269858489
17.55,0.314876550025964,27.7777777777778,0.3,0.35,3.22030907939455,3.23135679673652,-0.0110477173419716,0.305951764722681,2.64224691401741
17.56,0.314876550025964,27.7777777777778,0.3,0.35,3.22030832796212,3.23134903524202,-0.0110407072799004,0.305951764722681,2.64222118956573
17.57,0.314876550025964,27.7777777777778,0.3,0.35,3.22030730415664,3.23134129182508,-0.0110339876684398,0.305951764722681,2.64219552502974
17.58,0.314876550025964,27.7777777777778,0.3,0.35,3.22030601057551,3.23133356642588,-0.011027555850375,0.305951764722681,2.64216992021119
17.59,0.314876550025964,27.7777777777778,0.3,0.35,3.22030444977814,3.23132585898474,-0.011021409206597,0.305951764722681,2.64214437491226
17.6,0.314876550025964,27.7777777777778,0.3,0.35,3.2203026242769,3.23131816944204,-0.0110155451651464,0.305951764722681,2.64211888893536
17.61,0.314876550025964,27.7777777777778,0.3,0.35,3.22030053650369,3.23131049773801,-0.011009961234314,0.305951764722681,2.64209346208236
17.62,0.314876550025964,27.7777777777778,0.3,0.35,3.2202981890843,3.23130284381458,-0.0110046547302858,0.305951764722681,2.64206809416086
17.63,0.314876550025964,27.7777777777778,0.3,0.35,3.22029558445012,3.23129520761276,-0.0109996231626441,0.305951764722681,2.64204278497527
17.64,0.314876550025964,27.7777777777778,0.3,0.35,3.22029272508453,3.23128758907428,-0.0109948639897519,0.305951764722681,2.6420175343325
17.65,0.314876550025964,27.7777777777778,0.3,0.35,3.22028961340263,3.23127998814079,-0.0109903747381614,0.305951764722681,2.64199234203916
17.66,0.314876550025964,27.7777777777778,0.3,0.35,3.22028625177613,3.23127240475401,-0.0109861529778823,0.305951764722681,2.64196720790206
17.67,0.314876550025964,27.7777777777778,0.3,0.35,3.22028264265182,3.23126483885656,-0.0109821962047447,0.305951764722681,2.64194213173106
17.68,0.314876550025964,27.7777777777778,0.3,0.35,3.2202787883866,3.23125729039083,-0.010978502004225,0.305951764722681,2.64191711333519
17.69,0.314876550025964,27.7777777777778,0.3,0.35,3.22027469139997,3.23124975930001,-0.0109750679000378,0.305951764722681,2.64189215252617
17.7,0.314876550025964,27.7777777777778,0.3,0.35,3.22027035404003,3.23124224552717,-0.0109718914871437,0.305951764722681,2.64186724911533
17.71,0.314876550025964,27.7777777777778,0.3,0.35,3.22026577854714,3.23123474901497,-0.0109689704678302,0.305951764722681,2.64184240291261
17.72,0.314876550025964,27.7777777777778,0.3,0.35,3.22026096724599,3.23122726970705,-0.0109663024610636,0.305951764722681,2.64181761373122
17.73,0.314876550025964,27.7777777777778,0.3,0.35,3.22025592250084,3.23121980754773,-0.0109638850468912,0.305951764722681,2.64179288138659
17.74,0.314876550025964,27.7777777777778,0.3,0.35,3.22025064650322,3.23121236248041,-0.0109617159771971,0.305951764722681,2.64176820569114
17.75,0.314876550025964,27.7777777777778,0.3,0.35,3.22024514152198,3.23120493444944,-0.010959792927463,0.305951764722681,2.64174358646043
17.76,0.314876550025964,27.7777777777778,0.3,0.35,3.22023940982938,3.23119752339957,-0.0109581135701915,0.305951764722681,2.64171902351133
17.77,0.314876550025964,27.7777777777778,0.3,0.35,3.22023345356411,3.23119012927489,-0.0109566757107848,0.305951764722681,2.64169451665857
17.78,0.314876550025964,27.7777777777778,0.3,0.35,3.22022727499509,3.23118275202087,-0.0109554770257878,0.305951764722681,2.64167006572138
17.79,0.314876550025964,27.7777777777778,0.3,0.35,3.22022087623074,3.23117539158211,-0.0109545153513664,0.305951764722681,2.64164567051613
17.8,0.314876550025964,27.7777777777778,0.3,0.35,3.22021425945272,3.23116804790411,-0.0109537884513928,0.305951764722681,2.64162133086225
17.81,0.314876550025964,27.7777777777778,0.3,0.35,3.22020742682365,3.23116072093262,-0.0109532941089689,0.305951764722681,2.64159704657989
17.82,0.314876550025964,27.7777777777778,0.3,0.35,3.22020038047087,3.23115341061346,-0.0109530301425931,0.305951764722681,2.64157281748947
17.83,0.314876550025964,27.7777777777778,0.3,0.35,3.22019312253725,3.23114611689293,-0.0109529943556832,0.305951764722681,2.64154864341305
17.84,0.314876550025964,27.7777777777778,0.3,0.35,3.22018565508777,3.2311388397171,-0.0109531846293232,0.305951764722681,2.64152452417182
17.85,0.314876550025964,27.7777777777778,0.3,0.35,3.22017798019345,3.2311315790324,-0.0109535988389466,0.305951764722681,2.6415004595883
17.86,0.314876550025964,27.7777777777778,0.3,0.35,3.22017009991477,3.23112433478556,-0.0109542348707947,0.305951764722681,2.64147644948591
17.87,0.314876550025964,27.7777777777778,0.3,0.35,3.22016201626548,3.23111710692329,-0.0109550906578151,0.305951764722681,2.641452493688
17.88,0.314876550025964,27.7777777777778,0.3,0.35,3.2201537313217,3.23110989539314,-0.0109561640714326,0.305951764722681,2.64142859202074
17.89,0.314876550025964,27.7777777777778,0.3,0.35,3.22014524706214,3.23110270014222,-0.0109574530800804,0.305951764722681,2.64140474430888
17.9,0.314876550025964,27.7777777777778,0.3,0.35,3.22013656551396,3.23109552111841,-0.0109589556044498,0.305951764722681,2.64138095037962
17.91,0.314876550025964,27.7777777777778,0.3,0.35,3.22012768862484,3.23108835826926,-0.0109606696444238,0.305951764722681,2.64135721005914
17.92,0.314876550025964,27.7777777777778,0.3,0.35,3.220118618403,3.23108121154318,-0.010962593140186,0.305951764722681,2.64133352317647
17.93,0.314876550025964,27.7777777777778,0.3,0.35,3.22010935670525,3.23107408088767,-0.0109647241824189,0.305951764722681,2.64130988955755
17.94,0.314876550025964,27.7777777777778,0.3,0.35,3.22009990557244,3.23106696625209,-0.0109670606796528,0.305951764722681,2.64128630903462
17.95,0.314876550025964,27.7777777777778,0.3,0.35,3.22009026687033,3.23105986758471,-0.010969600714378,0.305951764722681,2.64126278143617
17.96,0.314876550025964,27.7777777777778,0.3,0.35,3.22008044250306,3.23105278483444,-0.0109723423313772,0.305951764722681,2.64123930659288
17.97,0.314876550025964,27.7777777777778,0.3,0.35,3.22007043430947,3.23104571794997,-0.0109752836405077,0.305951764722681,2.64121588433471
17.98,0.314876550025964,27.7777777777778,0.3,0.35,3.22006024425087,3.2310386668814,-0.010978422630525,0.305951764722681,2.64119251449623
17.99,0.314876550025964,27.7777777777778,0.3,0.35,3.2200498741061,3.23103163157758,-0.0109817574714794,0.305951764722681,2.64116919690795
18,0.314876550025964,27.7777777777778,0.3,0.35,3.22003932573301,3.23102461198838,-0.0109852862553641,0.305951764722681,2.64114593140371
18.01,0.314876550025964,27.7777777777778,0.3,0.35,3.22002860099967,3.2310176080641,-0.0109890070644338,0.305951764722681,2.64112271781882
18.02,0.314876550025964,27.7777777777778,0.3,0.35,3.22001770167377,3.23101061975451,-0.0109929180807393,0.305951764722681,2.64109955598673
18.03,0.314876550025964,27.7777777777778,0.3,0.35,3.22000662955059,3.23100364700993,-0.0109970174593403,0.305951764722681,2.64107644574283
18.04,0.314876550025964,27.7777777777778,0.3,0.35,3.21999538643974,3.23099668978116,-0.0110013033414216,0.305951764722681,2.64105338692402
18.05,0.314876550025964,27.7777777777778,0.3,0.35,3.21998397408209,3.2309897480187,-0.0110057739366156,0.305951764722681,2.64103037936627
18.06,0.314876550025964,27.7777777777778,0.3,0.35,3.21996709725451,3.23098282167739,-0.0110157244228888,0.305428708009247,2.6410074229199
18.07,0.314876550025964,27.7777777777778,0.3,0.35,3.21995624151709,3.23097591070634,-0.0110196691892561,0.306033283270452,2.64098451741622
18.08,0.314876550025964,27.7777777777778,0.3,0.35,3.21994378069386,3.23096901505447,-0.0110252343606025,0.306034384626878,2.64096166268593
18.09,0.314876550025964,27.7777777777778,0.3,0.35,3.2199311589088,3.2309621346759,-0.0110309757671017,0.306034388411787,2.64093885857701
18.1,0.314876550025964,27.7777777777778,0.3,0.35,3.21991837990619,3.23095526951568,-0.0110368896094828,0.306034388415459,2.64091610490729
18.11,0.314876550025964,27.7777777777778,0.3,0.35,3.21990544553949,3.23094841952753,-0.0110429739880344,0.306034388415466,2.64089340152341
18.12,0.314876550025964,27.7777777777778,0.3,0.35,3.21989235777645,3.23094158466673,-0.011049226890282,0.306034388415466,2.64087074827713
18.13,0.314876550025964,27.7777777777778,0.3,0.35,3.2198791182223,3.23093476488537,-0.0110556466630678,0.306034388415466,2.64084814500969
18.14,0.314876550025964,27.7777777777778,0.3,0.35,3.21986572850401,3.23092796013609,-0.0110622316320863,0.306034388415466,2.6408255915641
18.15,0.314876550025964,27.7777777777778,0.3,0.35,3.21985219026054,3.23092117037198,-0.0110689801114403,0.306034388415466,2.64080308778485
18.16,0.314876550025964,27.7777777777778,0.3,0.35,3.21983850504227,3.23091439554554,-0.0110758905032755,0.306034388415466,2.64078063351457
18.17,0.314876550025964,27.7777777777778,0.3,0.35,3.2198246744279,3.2309076356099,-0.0110829611820051,0.306034388415466,2.64075822859788
18.18,0.314876550025964,27.7777777777778,0.3,0.35,3.2198106999656,3.2309008905182,-0.0110901905526011,0.306034388415466,2.64073587287945
18.19,0.314876550025964,27.7777777777778,0.3,0.35,3.21979658323253,3.23089416022416,-0.0110975769916375,0.306034388415466,2.64071356620596
18.2,0.314876550025964,27.7777777777778,0.3,0.35,3.21978232577752,3.23088744468158,-0.0111051189040574,0.306034388415466,2.64069130842421
18.21,0.314876550025964,27.7777777777778,0.3,0.35,3.21976792907992,3.23088074384382,-0.0111128147639028,0.306034388415466,2.64066909937966
18.22,0.314876550025964,27.7777777777778,0.3,0.35,3.21975339465238,3.23087405766491,-0.0111206630125316,0.306034388415466,2.64064693891993
18.23,0.314876550025964,27.7777777777778,0.3,0.35,3.21973872402723,3.2308673860994,-0.0111286620721693,0.306034388415466,2.64062482689439
18.24,0.314876550025964,27.7777777777778,0.3,0.35,3.2197239186865,3.23086072910163,-0.0111368104151217,0.306034388415466,2.64060276315171
18.25,0.314876550025964,27.7777777777778,0.3,0.35,3.21970898010223,3.23085408662613,-0.0111451065239088,0.306034388415466,2.64058074754121
18.26,0.314876550025964,27.7777777777778,0.3,0.35,3.21969390976251,3.23084745862795,-0.0111535488654444,0.306034388415466,2.64055877991386
18.27,0.314876550025964,27.7777777777778,0.3,0.35,3.21967870906173,3.23084084506141,-0.0111621359996796,0.306034388415466,2.64053686011827
18.28,0.314876550025964,27.7777777777778,0.3,0.35,3.21966337950737,3.23083424588237,-0.011170866375001,0.306034388415466,2.64051498800816
18.29,0.314876550025964,27.7777777777778,0.3,0.35,3.21964792247318,3.23082766104555,-0.0111797385723702,0.306034388415466,2.64049316343343
18.3,0.314876550025964,27.7777777777778,0.3,0.35,3.21963233938657,3.23082109050654,-0.0111887511199704,0.306034388415466,2.64047138624694
18.31,0.314876550025964,27.7777777777778,0.3,0.35,3.2196166316729,3.23081453422125,-0.0111979025483495,0.306034388415466,2.64044965630252
18.32,0.314876550025964,27.7777777777778,0.3,0.35,3.21960080071844,3.23080799214544,-0.0112071914269989,0.306034388415466,2.64042797345354
18.33,0.314876550025964,27.7777777777778,0.3,0.35,3.219584847912,3.23080146423521,-0.0112166163232068,0.306034388415466,2.64040633755452
18.34,0.314876550025964,27.7777777777778,0.3,0.35,3.2195687745947,3.23079495044641,-0.0112261758517165,0.306034388415466,2.64038474845915
18.35,0.314876550025964,27.7777777777778,0.3,0.35,3.21955258217467,3.23078845073599,-0.0112358685613256,0.306034388415466,2.64036320602468
18.36,0.314876550025964,27.7777777777778,0.3,0.35,3.21953627195135,3.23078196505992,-0.0112456931085734,0.306034388415466,2.64034171010523
18.37,0.314876550025964,27.7777777777778,0.3,0.35,3.21951984530073,3.23077549337538,-0.0112556480746524,0.306034388415466,2.64032026055884
18.38,0.314876550025964,27.7777777777778,0.3,0.35,3.21950330350097,3.23076903563869,-0.0112657321377165,0.306034388415466,2.64029885724077
18.39,0.314876550025964,27.7777777777778,0.3,0.35,3.21948664792303,3.23076259180757,-0.0112759438845362,0.306034388415466,2.6402775000109
18.4,0.314876550025964,27.7777777777778,0.3,0.35,3.219469879816,3.2307561618386,-0.0112862820225956,0.306034388415466,2.64025618872528
18.41,0.314876550025964,27.7777777777778,0.3,0.35,3.21945300052618,3.23074974568981,-0.0112967451636306,0.306034388415466,2.64023492324484
18.42,0.314876550025964,27.7777777777778,0.3,0.35,3.21941815621694,3.23074334329235,-0.0113251870754167,0.298570031628504,2.64021370334139
18.43,0.314876550025964,27.7777777777778,0.3,0.35,3.21941469714602,3.23073695468925,-0.0113222575432266,0.306103241631666,2.64019252915749
18.44,0.314876550025964,27.7777777777778,0.3,0.35,3.21939696963429,3.23073057974482,-0.0113336101105261,0.306116986982173,2.64017140024349
18.45,0.314876550025964,27.7777777777778,0.3,0.35,3.21937910600336,3.2307242184515,-0.0113451124481383,0.306117012062405,2.64015031657427
18.46,0.314876550025964,27.7777777777778,0.3,0.35,3.21936114132543,3.23071787076757,-0.0113567294421486,0.306117012108168,2.64012927801162
18.47,0.314876550025964,27.7777777777778,0.3,0.35,3.21934307686581,3.23071153665145,-0.0113684597856403,0.306117012108251,2.64010828441764
18.48,0.314876550025964,27.7777777777778,0.3,0.35,3.21932491382566,3.2307052160618,-0.0113803022361401,0.306117012108251,2.64008733565538
18.49,0.314876550025964,27.7777777777778,0.3,0.35,3.21930665340262,3.23069890895755,-0.0113922555549268,0.306117012108251,2.64006643158871
18.5,0.314876550025964,27.7777777777778,0.3,0.35,3.21928829674557,3.23069261529727,-0.0114043185517025,0.306117012108251,2.64004557208032
18.51,0.314876550025964,27.7777777777778,0.3,0.35,3.21926984501739,3.23068633504001,-0.011416490022627,0.306117012108251,2.64002475699448
18.52,0.314876550025964,27.7777777777778,0.3,0.35,3.21925129937915,3.23068006814509,-0.0114287687659442,0.306117012108251,2.64000398619634
18.53,0.314876550025964,27.7777777777778,0.3,0.35,3.21923266095041,3.23067381457155,-0.011441153621139,0.306117012108251,2.63998325955015
18.54,0.314876550025964,27.7777777777778,0.3,0.35,3.21921393088412,3.23066757427917,-0.0114536433950545,0.306117012108251,2.63996257692262
18.55,0.314876550025964,27.7777777777778,0.3,0.35,3.21919511030292,3.23066134722761,-0.0114662369246972,0.306117012108251,2.63994193818007
18.56,0.314876550025964,27.7777777777778,0.3,0.35,3.21917620032279,3.23065513337674,-0.0114789330539509,0.306117012108251,2.63992134318943
18.57,0.314876550025964,27.7777777777778,0.3,0.35,3.21915720204039,3.23064893268642,-0.0114917306460267,0.306117012108251,2.63990079181772
18.58,0.314876550025964,27.7777777777778,0.3,0.35,3.21913811656123,3.23064274511693,-0.0115046285557021,0.306117012108251,2.63988028393329
18.59,0.314876550025964,27.7777777777778,0.3,0.35,3.21911894497908,3.23063657062869,-0.0115176256496192,0.306117012108251,2.63985981940493
18.6,0.314876550025964,27.7777777777778,0.3,0.35,3.2190908997516,3.23063040917515,-0.0115395094235518,0.304061632479546,2.63983939807836
18.61,0.314876550025964,27.7777777777778,0.3,0.35,3.21907604396647,3.23062426074437,-0.0115482167778986,0.306195734727653,2.63981901991401
18.62,0.314876550025964,27.7777777777778,0.3,0.35,3.21905607498975,3.23061812526488,-0.0115620502751241,0.306199628683006,2.639798684675
18.63,0.314876550025964,27.7777777777778,0.3,0.35,3.2190360184946,3.23061200271116,-0.0115759842165604,0.306199635788049,2.63977839227679
18.64,0.314876550025964,27.7777777777778,0.3,0.35,3.21901588525791,3.23060589304538,-0.0115900077874689,0.306199635801013,2.63975814259392
18.65,0.314876550025964,27.7777777777778,0.3,0.35,3.21899567591513,3.23059979622245,-0.0116041203073198,0.306199635801036,2.63973793547701
18.66,0.314876550025964,27.7777777777778,0.3,0.35,3.21897539143273,3.23059371220318,-0.0116183207704514,0.306199635801036,2.63971777079611
18.67,0.314876550025964,27.7777777777778,0.3,0.35,3.21895503305136,3.2305876409532,-0.0116326079018338,0.306199635801036,2.63969764843737
18.68,0.314876550025964,27.7777777777778,0.3,0.35,3.21893460172124,3.23058158243369,-0.011646980712452,0.306199635801036,2.6396775682721
18.69,0.314876550025964,27.7777777777778,0.3,0.35,3.21891409845101,3.23057553660709,-0.011661438156076,0.306199635801036,2.63965753017579
18.7,0.314876550025964,27.7777777777778,0.3,0.35,3.21889352419256,3.23056950343516,-0.0116759792426069,0.306199635801036,2.63963753402176
18.71,0.314876550025964,27.7777777777778,0.3,0.35,3.21887287990168,3.23056348288005,-0.0116906029783679,0.306199635801036,2.63961757968446
18.72,0.314876550025964,27.7777777777778,0.3,0.35,3.21885216651509,3.23055747490381,-0.0117053083887191,0.306199635801036,2.63959766703821
18.73,0.314876550025964,27.7777777777778,0.3,0.35,3.21883138501145,3.23055147946956,-0.0117200944581133,0.306199635801036,2.63957779596072
18.74,0.314876550025964,27.7777777777778,0.3,0.35,3.21881053627236,3.23054549653897,-0.0117349602666099,0.306199635801036,2.63955796632497
18.75,0.314876550025964,27.7777777777778,0.3,0.35,3.21878962123298,3.23053952607494,-0.0117499048419636,0.306199635801036,2.63953817800799
18.76,0.314876550025964,27.7777777777778,0.3,0.35,3.21876864083075,3.23053356804072,-0.011764927209966,0.306199635801036,2.63951843088797
18.77,0.314876550025964,27.7777777777778,0.3,0.35,3.21874759596313,3.2305276223991,-0.011780026435972,0.306199635801036,2.6394987248416
18.78,0.314876550025964,27.7777777777778,0.3,0.35,3.21872648752979,3.23052168911321,-0.0117952015834177,0.306199635801036,2.63947905974666
18.79,0.314876550025964,27.7777777777778,0.3,0.35,3.21870531642381,3.23051576814633,-0.0118104517225115,0.306199635801036,2.63945943548147
18.8,0.314876550025964,27.7777777777778,0.3,0.35,3.21868408355046,3.23050985946226,-0.0118257759118019,0.306199635801036,2.63943985192605
18.81,0.314876550025964,27.7777777777778,0.3,0.35,3.21866278974614,3.23050396302379,-0.0118411732776558,0.306199635801036,2.63942030895704
18.82,0.314876550025964,27.7777777777778,0.3,0.35,3.21864143590081,3.23049807879499,-0.0118566428941818,0.306199635801036,2.63940080645537
18.83,0.314876550025964,27.7777777777778,0.3,0.35,3.21862002287703,3.2304922067397,-0.0118721838626743,0.306199635801036,2.63938134430121
18.84,0.314876550025964,27.7777777777778,0.3,0.35,3.21859855153494,3.230486346822,-0.0118877952870644,0.306199635801036,2.63936192237548
18.85,0.314876550025964,27.7777777777778,0.3,0.35,3.21857702271211,3.2304804990058,-0.0119034762936829,0.306199635801036,2.63934254055857
18.86,0.314876550025964,27.7777777777778,0.3,0.35,3.21855543726755,3.23047466325572,-0.0119192259881671,0.306199635801036,2.63932319873324
18.87,0.314876550025964,27.7777777777778,0.3,0.35,3.21853379601112,3.23046883953567,-0.0119350435245513,0.306199635801036,2.63930389677988
18.88,0.314876550025964,27.7777777777778,0.3,0.35,3.21851209978273,3.23046302781047,-0.0119509280277432,0.306199635801036,2.63928463458184
18.89,0.314876550025964,27.7777777777778,0.3,0.35,3.21849034940508,3.23045722804485,-0.011966878639774,0.306199635801036,2.63926541202227
18.9,0.314876550025964,27.7777777777778,0.3,0.35,3.2184685456592,3.23045144020296,-0.0119828945437521,0.306199635801036,2.63924622898231
18.91,0.314876550025964,27.7777777777778,0.3,0.35,3.21844668938429,3.23044566425044,-0.0119989748661427,0.306199635801036,2.63922708534812
18.92,0.314876550025964,27.7777777777778,0.3,0.35,3.21842478136192,3.230439900152,-0.0120151187900777,0.306199635801036,2.63920798100274
18.93,0.314876550025964,27.7777777777778,0.3,0.35,3.21840282238218,3.23043414787282,-0.0120313254906428,0.306199635801036,2.63918891583072
18.94,0.314876550025964,27.7777777777778,0.3,0.35,3.21838081323357,3.23042840737832,-0.0120475941447529,0.306199635801036,2.63916988971746
18.95,0.314876550025964,27.7777777777778,0.3,0.35,3.21835875469318,3.23042267863394,-0.0120639239407678,0.306199635801036,2.63915090254845
18.96,0.314876550025964,27.7777777777778,0.3,0.35,3.21833664754327,3.23041696160555,-0.0120803140622745,0.306199635801036,2.63913195421051
18.97,0.314876550025964,27.7777777777778,0.3,0.35,3.21831449253568,3.23041125625857,-0.0120967637228899,0.306199635801036,2.6391130445891
18.98,0.314876550025964,27.7777777777778,0.3,0.35,3.21829229042332,3.23040556255876,-0.0121132721354464,0.306199635801036,2.63909417357069
18.99,0.314876550025964,27.7777777777778,0.3,0.35,3.21827004196467,3.23039988047228,-0.0121298385076023,0.306199635801036,2.6390753410431
19,0.314876550025964,27.7777777777778,0.3,0.35,3.21824774789232,3.23039420996494,-0.0121464620726188,0.306199635801036,2.63905654689309
19.01,0.314876550025964,27.7777777777778,0.3,0.35,3.21822540895518,3.23038855100325,-0.0121631420480695,0.306199635801036,2.63903779100962
19.02,0.314876550025964,27.7777777777778,0.3,0.35,3.21820302587307,3.2303829035533,-0.01217987768023,0.306199635801036,2.63901907328026
19.03,0.314876550025964,27.7777777777778,0.3,0.35,3.21818059938521,3.23037726758191,-0.0121966681966974,0.306199635801036,2.6390003935951
19.04,0.314876550025964,27.7777777777778,0.3,0.35,3.2181581301991,3.23037164305543,-0.0122135128563325,0.306199635801036,2.63898175184259
19.05,0.314876550025964,27.7777777777778,0.3,0.35,3.21813561903399,3.23036602994077,-0.0122304109067803,0.306199635801036,2.63896314791305
19.06,0.314876550025964,27.7777777777778,0.3,0.35,3.21811306658211,3.23036042820444,-0.0122473616223253,0.306199635801036,2.63894458169548
19.07,0.314876550025964,27.7777777777778,0.3,0.35,3.21809047355652,3.23035483781376,-0.0122643642572373,0.306199635801036,2.63892605308158
19.08,0.314876550025964,27.7777777777778,0.3,0.35,3.21806784065721,3.23034925873602,-0.012281418078814,0.306199635801036,2.63890756196293
19.09,0.314876550025964,27.7777777777778,0.3,0.35,3.21804516854873,3.23034369093783,-0.0122985223891035,0.306199635801036,2.63888910822887
19.1,0.314876550025964,27.7777777777778,0.3,0.35,3.21802245793162,3.23033813438707,-0.0123156764554428,0.306199635801036,2.63887069177291
19.11,0.314876550025964,27.7777777777778,0.3,0.35,3.2179997094689,3.23033258905085,-0.0123328795819564,0.306199635801036,2.6388523124861
19.12,0.314876550025964,27.7777777777778,0.3,0.35,3.21797692383919,3.23032705489704,-0.0123501310578589,0.306199635801036,2.63883397026191
19.13,0.314876550025964,27.7777777777778,0.3,0.35,3.21795410169989,3.23032153189318,-0.0123674301932928,0.306199635801036,2.63881566499275
19.14,0.314876550025964,27.7777777777778,0.3,0.35,3.21793124372322,3.23031602000753,-0.0123847762843154,0.306199635801036,2.63879739657342
19.15,0.314876550025964,27.7777777777778,0.3,0.35,3.21790835054069,3.23031051920745,-0.0124021686667515,0.306199635801036,2.63877916489575
19.16,0.314876550025964,27.7777777777778,0.3,0.35,3.21788542280973,3.23030502946134,-0.0124196066516058,0.306199635801036,2.63876096985504
19.17,0.314876550025964,27.7777777777778,0.3,0.35,3.21786246116526,3.23029955073724,-0.0124370895719794,0.306199635801036,2.63874281134533
19.18,0.314876550025964,27.7777777777778,0.3,0.35,3.21783946625271,3.2302940830038,-0.0124546167510928,0.306199635801036,2.63872468926269
19.19,0.314876550025964,27.7777777777778,0.3,0.35,3.21781643868474,3.23028862622893,-0.0124721875441898,0.306199635801036,2.63870660350079
19.2,0.314876550025964,27.7777777777778,0.3,0.35,3.21779337910098,3.23028318038168,-0.0124898012807031,0.306199635801036,2.63868855395708
19.21,0.314876550025964,27.7777777777778,0.3,0.35,3.21777028810366,3.23027774543023,-0.0125074573265733,0.306199635801036,2.63867054052603
19.22,0.314876550025964,27.7777777777778,0.3,0.35,3.21774716631519,3.23027232134367,-0.0125251550284844,0.306199635801036,2.63865256310524
19.23,0.314876550025964,27.7777777777778,0.3,0.35,3.21772401433306,3.23026690809058,-0.0125428937575185,0.306199635801036,2.63863462159055
19.24,0.314876550025964,27.7777777777778,0.3,0.35,3.21770083277094,3.23026150564037,-0.0125606728694376,0.306199635801036,2.63861671588061
19.25,0.314876550025964,27.7777777777778,0.3,0.35,3.21767762222445,3.23025611396217,-0.0125784917377207,0.306199635801036,2.63859884587305
19.26,0.314876550025964,27.7777777777778,0.3,0.35,3.2176543832802,3.23025073302506,-0.0125963497448609,0.306199635801036,2.63858101146544
19.27,0.314876550025964,27.7777777777778,0.3,0.35,3.21763111651413,3.23024536279805,-0.0126142462839161,0.306199635801036,2.63856321255503
19.28,0.314876550025964,27.7777777777778,0.3,0.35,3.21760782252483,3.23024000325126,-0.0126321807264329,0.306199635801036,2.63854544904282
19.29,0.314876550025964,27.7777777777778,0.3,0.35,3.21758450188489,3.2302346543542,-0.0126501524693103,0.306199635801036,2.63852772082772
19.3,0.314876550025964,27.7777777777778,0.3,0.35,3.21756115514671,3.23022931607588,-0.0126681609291728,0.306199635801036,2.63851002780705
19.31,0.314876550025964,27.7777777777778,0.3,0.35,3.2175377828859,3.23022398838652,-0.0126862055006254,0.306199635801036,2.63849236988209
19.32,0.314876550025964,27.7777777777778,0.3,0.35,3.21751438566252,3.23021867125604,-0.0127042855935247,0.306199635801036,2.63847474695314
19.33,0.314876550025964,27.7777777777778,0.3,0.35,3.21749096403313,3.23021336465454,-0.0127224006214113,0.306199635801036,2.6384571589211
19.34,0.314876550025964,27.7777777777778,0.3,0.35,3.2174675185452,3.23020806855206,-0.0127405500068569,0.306199635801036,2.63843960568669
19.35,0.314876550025964,27.7777777777778,0.3,0.35,3.21744404974521,3.23020278291892,-0.0127587331737034,0.306199635801036,2.63842208715152
19.36,0.314876550025964,27.7777777777778,0.3,0.35,3.21742055816941,3.23019750772532,-0.0127769495559074,0.306199635801036,2.63840460321684
19.37,0.314876550025964,27.7777777777778,0.3,0.35,3.21739704435447,3.23019224294179,-0.0127951985873138,0.306199635801036,2.63838715378498
19.38,0.314876550025964,27.7777777777778,0.3,0.35,3.21737350882684,3.23018698853874,-0.0128134797118977,0.306199635801036,2.63836973875786
19.39,0.314876550025964,27.7777777777778,0.3,0.35,3.21734995212054,3.23018174448725,-0.0128317923667107,0.306199635801036,2.63835235803958
19.4,0.314876550025964,27.7777777777778,0.3,0.35,3.21732637475238,3.23017651075792,-0.0128501360055431,0.306199635801036,2.6383350115328
19.41,0.314876550025964,27.7777777777778,0.3,0.35,3.21730277723321,3.23017128732143,-0.0128685100882171,0.306199635801036,2.63831769914023
19.42,0.314876550025964,27.7777777777778,0.3,0.35,3.21727916007863,3.23016607414897,-0.0128869140703447,0.306199635801036,2.63830042076647
19.43,0.314876550025964,27.7777777777778,0.3,0.35,3.21725552379219,3.23016087121152,-0.0129053474193319,0.306199635801036,2.63828317631528
19.44,0.314876550025964,27.7777777777778,0.3,0.35,3.21723186887575,3.23015567848028,-0.0129238096045219,0.306199635801036,2.63826596569122
19.45,0.314876550025964,27.7777777777778,0.3,0.35,3.21720819582489,3.23015049592646,-0.0129423001015745,0.306199635801036,2.63824878879892
19.46,0.314876550025964,27.7777777777778,0.3,0.35,3.21718450513951,3.23014532352188,-0.0129608183823691,0.306199635801036,2.63823164554491
19.47,0.314876550025964,27.7777777777778,0.3,0.35,3.21716079730608,3.23014016123797,-0.0129793639318865,0.306199635801036,2.63821453583453
19.48,0.314876550025964,27.7777777777778,0.3,0.35,3.21713707280395,3.23013500904612,-0.0129979362421691,0.306199635801036,2.63819745957295
19.49,0.314876550025964,27.7777777777778,0.3,0.35,3.2171133321138,3.23012986691813,-0.0130165348043292,0.306199635801036,2.63818041666673
19.5,0.314876550025964,27.7777777777778,0.3,0.35,3.21708957570769,3.23012473482567,-0.0130351591179783,0.306199635801036,2.63816340702195
19.51,0.314876550025964,27.7777777777778,0.3,0.35,3.21706580405873,3.23011961274083,-0.0130538086821019,0.306199635801036,2.63814643054609
19.52,0.314876550025964,27.7777777777778,0.3,0.35,3.21704201763301,3.23011450063563,-0.0130724830026185,0.306199635801036,2.63812948714645
19.53,0.314876550025964,27.7777777777778,0.3,0.35,3.21701821689337,3.23010939848229,-0.0130911815889205,0.306199635801036,2.63811257673092
19.54,0.314876550025964,27.7777777777778,0.3,0.35,3.21699440229382,3.2301043062528,-0.0131099039589775,0.306199635801036,2.63809569920669
19.55,0.314876550025964,27.7777777777778,0.3,0.35,3.21697057428991,3.23009922391964,-0.0131286496297229,0.306199635801036,2.63807885448255
19.56,0.314876550025964,27.7777777777778,0.3,0.35,3.21694673333169,3.23009415145531,-0.0131474181236282,0.306199635801036,2.63806204246738
19.57,0.314876550025964,27.7777777777778,0.3,0.35,3.216922879864,3.23008908883237,-0.013166208968364,0.306199635801036,2.63804526307014
19.58,0.314876550025964,27.7777777777778,0.3,0.35,3.21689901432842,3.23008403602349,-0.0131850216950751,0.306199635801036,2.63802851620035
19.59,0.314876550025964,27.7777777777778,0.3,0.35,3.21687513715773,3.23007899300112,-0.013203855843384,0.306199635801036,2.63801180176664
19.6,0.314876550025964,27.7777777777778,0.3,0.35,3.21685124878373,3.230073959738,-0.0132227109542704,0.306199635801036,2.63799511967868
19.61,0.314876550025964,27.7777777777778,0.3,0.35,3.21682734963939,3.23006893620742,-0.0132415865680278,0.306199635801036,2.63797846984795
19.62,0.314876550025964,27.7777777777778,0.3,0.35,3.21680344014667,3.23006392238218,-0.0132604822355118,0.306199635801036,2.63796185218432
19.63,0.314876550025964,27.7777777777778,0.3,0.35,3.21677952072855,3.23005891823563,-0.013279397507084,0.306199635801036,2.6379452665994
19.64,0.314876550025964,27.7777777777778,0.3,0.35,3.21675559179912,3.23005392374076,-0.0132983319416375,0.306199635801036,2.63792871300368
19.65,0.314876550025964,27.7777777777778,0.3,0.35,3.21673165377268,3.23004893887101,-0.0133172850983287,0.306199635801036,2.63791219130918
19.66,0.314876550025964,27.7777777777778,0.3,0.35,3.21670770705653,3.23004396359964,-0.0133362565431141,0.306199635801036,2.63789570142727
19.67,0.314876550025964,27.7777777777778,0.3,0.35,3.21668375205628,3.23003899790023,-0.013355245843957,0.306199635801036,2.63787924327034
19.68,0.314876550025964,27.7777777777778,0.3,0.35,3.21665978917374,3.23003404174644,-0.0133742525727079,0.306199635801036,2.63786281675111
19.69,0.314876550025964,27.7777777777778,0.3,0.35,3.21663581880506,3.23002909511183,-0.0133932763067621,0.306199635801036,2.63784642178193
19.7,0.314876550025964,27.7777777777778,0.3,0.35,3.21661184134555,3.23002415797037,-0.0134123166248243,0.306199635801036,2.63783005827658
19.71,0.314876550025964,27.7777777777778,0.3,0.35,3.21658785718279,3.23001923029567,-0.0134313731128781,0.306199635801036,2.63781372614753
19.72,0.314876550025964,27.7777777777778,0.3,0.35,3.21656386670408,3.23001431206182,-0.0134504453577402,0.306199635801036,2.63779742530897
19.73,0.314876550025964,27.7777777777778,0.3,0.35,3.21653987029148,3.23000940324284,-0.013469532951357,0.306199635801036,2.63778115567472
19.74,0.314876550025964,27.7777777777778,0.3,0.35,3.21651586832431,3.23000450381293,-0.0134886354886143,0.306199635801036,2.63776491715932
19.75,0.314876550025964,27.7777777777778,0.3,0.35,3.2164918611786,3.22999961374648,-0.0135077525678855,0.306199635801036,2.63774870967788
19.76,0.314876550025964,27.7777777777778,0.3,0.35,3.21646784922444,3.22999473301755,-0.0135268837931077,0.306199635801036,2.63773253314441
19.77,0.314876550025964,27.7777777777778,0.3,0.35,3.21644383283107,3.22998986160077,-0.0135460287696945,0.306199635801036,2.63771638747484
19.78,0.314876550025964,27.7777777777778,0.3,0.35,3.21641981236239,3.22998499947052,-0.0135651871081279,0.306199635801036,2.63770027258425
19.79,0.314876550025964,27.7777777777778,0.3,0.35,3.21639578818039,3.22998014660161,-0.0135843584212174,0.306199635801036,2.63768418838917
19.8,0.314876550025964,27.7777777777778,0.3,0.35,3.21637176064236,3.22997530296868,-0.0136035423263183,0.306199635801036,2.6376681348055
19.81,0.314876550025964,27.7777777777778,0.3,0.35,3.21634773010214,3.22997046854643,-0.0136227384442957,0.306199635801036,2.63765211174946
19.82,0.314876550025964,27.7777777777778,0.3,0.35,3.21632369691055,3.22996564330975,-0.0136419463992019,0.306199635801036,2.63763611913774
19.83,0.314876550025964,27.7777777777778,0.3,0.35,3.21629966141445,3.2299608272334,-0.0136611658189492,0.306199635801036,2.63762015688674
19.84,0.314876550025964,27.7777777777778,0.3,0.35,3.21627562395857,3.22995602029269,-0.0136803963341228,0.306199635801036,2.63760422491464
19.85,0.314876550025964,27.7777777777778,0.3,0.35,3.21625158488359,3.22995122246279,-0.0136996375791987,0.306199635801036,2.63758832313907
19.86,0.314876550025964,27.7777777777778,0.3,0.35,3.2162275445269,3.22994643371896,-0.0137188891920648,0.306199635801036,2.63757245147813
19.87,0.314876550025964,27.7777777777778,0.3,0.35,3.21620350322238,3.22994165403634,-0.0137381508139534,0.306199635801036,2.63755660984934
19.88,0.314876550025964,27.7777777777778,0.3,0.35,3.21617946130096,3.22993688339038,-0.013757422089419,0.306199635801036,2.63754079817139
19.89,0.314876550025964,27.7777777777778,0.3,0.35,3.21615541909028,3.2299321217563,-0.0137767026660254,0.306199635801036,2.63752501636214
19.9,0.314876550025964,27.7777777777778,0.3,0.35,3.21613137691487,3.22992736910996,-0.0137959921950821,0.306199635801036,2.63750926434154
19.91,0.314876550025964,27.7777777777778,0.3,0.35,3.21610733509589,3.22992262542713,-0.013815290331245,0.306199635801036,2.63749354202936
19.92,0.314876550025964,27.7777777777778,0.3,0.35,3.21608329395145,3.22991789068351,-0.0138345967320612,0.306199635801036,2.63747784934498
19.93,0.314876550025964,27.7777777777778,0.3,0.35,3.21605925379658,3.22991316485486,-0.0138539110582756,0.306199635801036,2.6374621862081
19.94,0.314876550025964,27.7777777777778,0.3,0.35,3.21603521494337,3.22990844791702,-0.0138732329736433,0.306199635801036,2.63744655253863
19.95,0.314876550025964,27.7777777777778,0.3,0.35,3.21601117770019,3.22990373984619,-0.0138925621459904,0.306199635801036,2.6374309482577
19.96,0.314876550025964,27.7777777777778,0.3,0.35,3.21598714237306,3.22989904061831,-0.0139118982452504,0.306199635801036,2.6374153732856
19.97,0.314876550025964,27.7777777777778,0.3,0.35,3.21596310926499,3.2298943502095,-0.0139312409445114,0.306199635801036,2.63739982754311
19.98,0.314876550025964,27.7777777777778,0.3,0.35,3.21593907867571,3.229889668596,-0.0139505899202863,0.306199635801036,2.63738431095151
19.99,0.314876550025964,27.7777777777778,0.3,0.35,3.21591505090184,3.2298849957542,-0.0139699448523545,0.306199635801036,2.63736882343258
20,0.314876550025964,27.7777777777778,0.3,0.35,3.2158910262375,3.22988033166045,-0.0139893054229572,0.306199635801036,2.63735336490792
