t,theta1_rad,v_mps,mu,a_y_target_g,T_s,T_d_ref,e_T,T_a,a_y
0,0,27.7777777777778,0.2,0,0,0,0,-6.51700214766548,0
0.01,0,27.7777777777778,0.2,0,0.115656151482492,-0.0181464962716858,0.133802647754178,6.51700214766548,-0.00497775683663336
0.02,0,27.7777777777778,0.2,0,0.037741233399633,-0.00507570038447228,0.0428169337841053,6.51700214766548,-0.0013923129793894
0.03,0,27.7777777777778,0.2,0,-0.114132929414812,0.0188506976878688,-0.132983627102681,-6.51700214766548,0.00517092599509186
0.04,0,27.7777777777778,0.2,0,0.06424253515776,-0.010463252627569,0.074705787785329,6.51700214766548,-0.00287016989508715
0.05,0,27.7777777777778,0.2,0,-0.0236061163924062,0.00389431448971329,-0.0275004308821195,6.51700214766548,0.00106824757159415
0.06,0,27.7777777777778,0.2,0,-0.150743787084581,0.0234422825203671,-0.174186069604948,-6.51700214766548,0.00643044146566857
0.07,0,27.7777777777778,0.2,0,0.0502667831790043,-0.00946540818464371,0.059732191363648,6.51700214766548,-0.00259645165640885
0.08,0,27.7777777777778,0.2,0,-0.0746790692636683,0.0110525576462249,-0.0857316269098932,-6.51700214766548,0.00303182187691096
0.09,0,27.7777777777778,0.2,0,0.00099766770983787,-0.00130093299370606,0.00229860070354393,-0.0405499343766212,-0.000356858316143729
0.1,0,27.7777777777778,0.2,0,0.00237598077717773,-0.00121353935619186,0.00358952013336959,6.51700214766548,-0.000332885408641285
0.11,0,27.7777777777778,0.2,0,-0.116291698765263,0.0176926268035825,-0.133984325568845,6.51700214766548,0.00485325611682689
0.12,0,27.7777777777778,0.2,0,-0.337989441099118,0.0519818174376628,-0.389971258536781,-6.51700214766548,0.0142591078331021
0.13,0,27.7777777777778,0.2,0,-0.282909214129837,0.0410614525135647,-0.323970666643402,-6.51700214766548,0.011263547679472
0.14,0,27.7777777777778,0.2,0,-0.18088982994756,0.0240862802442914,-0.204976110191852,6.51700214766548,0.00660709617768823
0.15,0,27.7777777777778,0.2,0,-0.24230768150873,0.0338481004750488,-0.276155781983778,-6.51700214766548,0.00928485648271512
0.16,0,27.7777777777778,0.2,0,-0.161422687445936,0.0211800369560276,-0.182602724401963,6.51700214766548,0.005809885951511
0.17,0,27.7777777777778,0.2,0,-0.224425995357754,0.0318406193547108,-0.256266614712465,-6.51700214766548,0.00873418528307606
0.18,0,27.7777777777778,0.2,0,-0.145389276167245,0.0199552507388437,-0.165344526906089,6.51700214766548,0.00547391542173362
0.19,0,27.7777777777778,0.2,0,-0.21167483877747,0.031530376925653,-0.243205215703123,-6.51700214766548,0.00864908282863333
0.2,0,27.7777777777778,0.2,0,0.0547066587441534,-0.00988055787461784,0.0645872166187713,6.51700214766548,-0.00271033117213219
0.21,0,27.7777777777778,0.2,0,0.0514326105516257,-0.00611750975550841,0.0575501203071341,-0.0636022830927448,-0.00167809121676933
0.22,0,27.7777777777778,0.2,0,0.0504881431520873,-0.00351691298705557,0.0540050561391428,6.51700214766548,-0.000964722743336184
0.23,0,27.7777777777778,0.2,0,-0.0940428702149915,0.021241105818173,-0.115283976033165,-6.51700214766548,0.00582663772229355
0.24,0,27.7777777777778,0.2,0,0.062382103751955,-0.00292167089800369,0.0653037746499587,6.51700214766548,-0.000801442166531225
0.25,0,27.7777777777778,0.2,0,-0.0210688864827309,0.0119786647290184,-0.0330475512117493,0.203493529453231,0.00328586187415401
0.26,0,27.7777777777778,0.2,0,-0.0257537672803831,0.0134180796161168,-0.0391718468964998,0.1635153711251,0.00368070709318318
0.27,0,27.7777777777778,0.2,0,-0.0266850945774238,0.0141029416095624,-0.0407880361869862,6.51700214766548,0.00386857126370868
0.28,0,27.7777777777778,0.2,0,-0.149322373495086,0.0337541464880222,-0.183076519983108,-6.51700214766548,0.00925908400883097
0.29,0,27.7777777777778,0.2,0,-0.0915006682150102,0.0241233261406659,-0.115623994355676,0.586822582657398,0.00661725822005644
0.3,0,27.7777777777778,0.2,0,-0.0927668239032672,0.0242936535993776,-0.117060477502645,-6.51700214766548,0.00666398066495018
0.31,0,27.7777777777778,0.2,0,0.061969846346889,-4.20396585477418e-05,0.0620118860054367,6.51700214766548,-1.15318789155056e-05
0.32,0,27.7777777777778,0.2,0,-0.0498381446683322,0.018769177661104,-0.0686073223294362,6.51700214766548,0.00514856427498482
0.33,0,27.7777777777778,0.2,0,-0.177106048093146,0.0386904837367276,-0.215796531829873,-6.51700214766548,0.0106131683521546
0.34,0,27.7777777777778,0.2,0,0.0898511776110062,-0.00451431773760968,0.0943654953486159,6.51700214766548,-0.00123832037020744
0.35,0,27.7777777777778,0.2,0,0.123666895338779,-0.00820285659600302,0.131869751934783,6.51700214766548,-0.00225012172539266
0.36,0,27.7777777777778,0.2,0,-0.0348192857417519,0.0180413272515012,-0.0528606129932531,-6.51700214766548,0.00494890797229129
0.37,0,27.7777777777778,0.2,0,0.0504787134615856,0.00422452558606682,0.0462541878755188,-0.175469570296762,0.00115882762174801
0.38,0,27.7777777777778,0.2,0,0.0551389927342753,0.00381277254930305,0.0513262201849723,-6.51700214766548,0.00104587984036536
0.39,0,27.7777777777778,0.2,0,0.155873511308089,-0.0118099457608729,0.167683457068962,6.51700214766548,-0.00323958065354912
0.4,0,27.7777777777778,0.2,0,-0.103608052209312,0.0300023348483827,-0.133610387057695,-6.51700214766548,0.00822992632685378
0.41,0,27.7777777777778,0.2,0,-0.147531084201999,0.0350187445644292,-0.182549828766428,6.51700214766548,0.00960597531094147
0.42,0,27.7777777777778,0.2,0,-0.33259996166701,0.0624838695792243,-0.395083831246234,-6.51700214766548,0.0171399208045795
0.43,0,27.7777777777778,0.2,0,-0.237771621818475,0.0445427414812894,-0.282314363299764,6.51700214766548,0.0122184984148614
0.44,0,27.7777777777778,0.2,0,-0.29380074618907,0.0519266887253887,-0.345727434914458,-6.51700214766548,0.0142439855020301
0.45,0,27.7777777777778,0.2,0,-0.1951418501277,0.0350796171954652,-0.230221467323165,6.51700214766548,0.00962267325366091
0.46,0,27.7777777777778,0.2,0,-0.256674652052378,0.0444694853149607,-0.301144137367339,-6.51700214766548,0.0121984035504144
0.47,0,27.7777777777778,0.2,0,0.0254767736408896,-0.000654919584022367,0.026131693224912,6.51700214766548,-0.000179650682313758
0.48,0,27.7777777777778,0.2,0,0.0763820485018351,-0.00624828796284184,0.0826303364646769,-0.112398534682828,-0.00171396492516407
0.49,0,27.7777777777778,0.2,0,0.0767095087843927,-0.00420937449863542,0.0809188832830282,-6.51700214766548,-0.00115467153409808
0.5,0,27.7777777777778,0.2,0,0.286094343783823,-0.0356233560794604,0.321717699863283,6.51700214766548,-0.00977182601056934
0.51,0,27.7777777777778,0.2,0,0.210851900393876,-0.0206896358510984,0.231541536244975,-6.51862586066548,-0.00567536425563062
0.52,0,27.7777777777778,0.2,0,0.254052989956528,-0.0259314360669006,0.279984426023429,-2.00558643933569,-0.00711324000143991
0.53,0,27.7777777777778,0.2,0,0.257093998801708,-0.02510800849123,0.282202007292938,6.51700214766548,-0.00688736597138473
0.54,0,27.7777777777778,0.2,0,0.168053790386851,-0.0104404853650882,0.178494275751939,6.51700214766548,-0.00286392461805028
0.55,0,27.7777777777778,0.2,0,-0.0713393520465442,0.0270629687802314,-0.0984023208267756,-6.51700214766548,0.00742363020654221
0.56,0,27.7777777777778,0.2,0,-0.0705274245403141,0.0241395169722493,-0.0946669415125634,-6.51700214766548,0.00662169951943448
0.57,0,27.7777777777778,0.2,0,0.18695241544851,-0.0187588268590861,0.205711242307596,2.11572069524018,-0.00514572495136347
0.58,0,27.7777777777778,0.2,0,0.342643793300327,-0.0428834192970754,0.385527212597402,6.51700214766548,-0.0117633305288416
0.59,0,27.7777777777778,0.2,0,0.131638737416962,-0.008420697290074,0.140059434707036,-6.51862586066548,-0.00230987750347643
0.6,0,27.7777777777778,0.2,0,0.14473226599047,-0.0118685785858049,0.156600844576275,-6.51700214766548,-0.00325566419611218
0.61,0,27.7777777777778,0.2,0,0.215537764216879,-0.0241317683625663,0.239669532579446,6.51700214766548,-0.00661957400196562
0.62,0,27.7777777777778,0.2,0,0.148512637961906,-0.0144175396845147,0.16293017764642,6.51862586066548,-0.00395486851332314
0.63,0,27.7777777777778,0.2,0,-0.0358535741496572,0.013224378321833,-0.0490779524714902,-6.51700214766548,0.00362757298247388
0.64,0,27.7777777777778,0.2,0,0.0991506633271775,-0.0110326687527525,0.11018333207993,6.51700214766548,-0.00302636616391971
0.65,0,27.7777777777778,0.2,0,-0.0604486439056909,0.0128240083025032,-0.0732726522081941,-6.51700214766548,0.00351774767123671
0.66,0,27.7777777777778,0.2,0,0.00158464470518015,0.000405256758802329,0.00117938794637782,6.51700214766548,0.00011116579043789
0.67,0,27.7777777777778,0.2,0,-0.119686653885904,0.0177474250198646,-0.137434078905769,-6.51700214766548,0.00486828778969915
0.68,0,27.7777777777778,0.2,0,-0.0626197088017633,0.0064438218146184,-0.0690635306163817,6.51700214766548,0.00176760172385521
0.69,0,27.7777777777778,0.2,0,-0.169094025794838,0.021633720248007,-0.190727746042845,-6.51700214766548,0.00593433560143269
0.7,0,27.7777777777778,0.2,0,0.0877399690322019,-0.0210020515660817,0.108742020598284,6.51700214766548,-0.00576106286311092
0.71,0,27.7777777777778,0.2,0,0.0167336001247696,-0.00885878495157386,0.0255923850763434,-6.51700214766548,-0.00243004912335427
0.72,0,27.7777777777778,0.2,0,0.164913539105266,-0.0327390903927909,0.197652629498057,6.51700214766548,-0.00898064444992353
0.73,0,27.7777777777778,0.2,0,0.141552647967027,-0.0277825227914264,0.169335170758454,-6.51700214766548,-0.00762101072810007
0.74,0,27.7777777777778,0.2,0,0.222855719967276,-0.0399040709813269,0.262759790948603,6.51700214766548,-0.0109460668970424
0.75,0,27.7777777777778,0.2,0,0.141102358414762,-0.0261732122585468,0.167275570673309,-6.51700214766548,-0.00717956151457852
0.76,0,27.7777777777778,0.2,0,0.205407446260455,-0.036153471893149,0.241560918153604,6.51700214766548,-0.00991724182948495
0.77,0,27.7777777777778,0.2,0,-0.0670238290747774,0.00735823306121237,-0.0743820621359898,-6.51700214766548,0.00201843344178468
0.78,0,27.7777777777778,0.2,0,-0.125012713182979,0.0141955218284247,-0.139208235011404,-6.51700214766548,0.00389396689989539
0.79,0,27.7777777777778,0.2,0,-0.0658504365427982,0.00290701970648087,-0.0687574562492791,-6.51700214766548,0.000797423205092296
0.8,0,27.7777777777778,0.2,0,0.0808715350282724,-0.0212953893684021,0.102166924396675,6.51700214766548,-0.00584152821736344
0.81,0,27.7777777777778,0.2,0,-0.0655643771627454,0.00208242363893328,-0.0676468008016787,-6.51700214766548,0.000571228646581267
0.82,0,27.7777777777778,0.2,0,0.032221191049132,-0.0142380337749508,0.0464592248240829,-0.268694263307989,-0.00390562833190356
0.83,0,27.7777777777778,0.2,0,0.0392145058480432,-0.0152146227311636,0.0544291285792068,-0.232054122282826,-0.0041735159880432
0.84,0,27.7777777777778,0.2,0,0.0405067423556807,-0.0152490051835218,0.0557557475392025,-0.23198726743864,-0.00418294742233906
0.85,0,27.7777777777778,0.2,0,0.0417881807359925,-0.0152718457718258,0.0570600265078183,-6.51700214766548,-0.00418921281334792
0.86,0,27.7777777777778,0.2,0,0.161439630730405,-0.0338724492134142,0.195312079943819,6.51700214766548,-0.00929153557365627
0.87,0,27.7777777777778,0.2,0,-0.0123200581032146,-0.00538941139794833,-0.00693064670526627,-6.51862586066548,-0.00147836689958854
0.88,0,27.7777777777778,0.2,0,0.122257444034544,-0.0272408407435824,0.149498284778127,1.79012844828069,-0.0074724221809465
0.89,0,27.7777777777778,0.2,0,0.140192210656437,-0.0293264010882054,0.169518611744642,-3.9942715025907,-0.00804451125578664
0.9,0,27.7777777777778,0.2,0,0.162028076700012,-0.032108723104773,0.194136799804785,6.51862586066548,-0.00880772869635091
0.91,0,27.7777777777778,0.2,0,0.109388372690963,-0.0233153250834722,0.132703697774435,0.519280540321624,-0.00639561583101143
0.92,0,27.7777777777778,0.2,0,0.112133215764694,-0.0237304699616885,0.135863685726383,-6.51700214766548,-0.00650949402682373
0.93,0,27.7777777777778,0.2,0,0.204054645405952,-0.038147044527286,0.242201689933238,6.51700214766548,-0.0104640977988317
0.94,0,27.7777777777778,0.2,0,0.00215915584053877,-0.00571300831247983,0.0078721641530186,-0.350064142504227,-0.00156713261664522
0.95,0,27.7777777777778,0.2,0,-0.0528935815335035,0.00163439429640629,-0.0545279758299098,6.51700214766548,0.000448329928868148
0.96,0,27.7777777777778,0.2,0,-0.360372836717185,0.0488174834253062,-0.409190320142491,-6.51862586066548,0.0133911008620828
0.97,0,27.7777777777778,0.2,0,-0.418665510310393,0.0540962220072153,-0.472761732317608,-6.51700214766548,0.0148391091536833
0.98,0,27.7777777777778,0.2,0,-0.265419364877424,0.0270387099910272,-0.292458074868451,6.51700214766548,0.00741697578951306
0.99,0,27.7777777777778,0.2,0,-0.35083781823473,0.0396344405904369,-0.390472258825167,-6.51700214766548,0.0108721047116419
1,0,27.7777777777778,0.2,0,-0.212921091436302,0.0169580550962849,-0.229879146532587,-6.51862586066548,0.00465175609813163
1.01,0,27.7777777777778,0.2,0,0.00196561192589794,-0.0161456481643949,0.0181112600902928,-2.69209564276773,-0.00442890513567595
1.02,0,27.7777777777778,0.2,0,0.0741760898209359,-0.0247686317339941,0.09894472155493,-2.90336652419069,-0.00679427169311563
1.03,0,27.7777777777778,0.2,0,0.124193158487177,-0.0297636418601775,0.153956800347355,-6.51700214766548,-0.00816445056579741
1.04,0,27.7777777777778,0.2,0,0.361585917760641,-0.0643049864481401,0.425890904208781,6.51700214766548,-0.0176394705142774
1.05,0,27.7777777777778,0.2,0,0.207071173751051,-0.0353769968100669,0.242448170561118,-6.51700214766548,-0.00970424731553472
1.06,0,27.7777777777778,0.2,0,0.202578155036175,-0.0327505906814281,0.235328745717603,-6.51862586066548,-0.00898379908867747
1.07,0,27.7777777777778,0.2,0,0.394139004926011,-0.0614378121641838,0.455576817090195,6.51700214766548,-0.0168529772882516
1.08,0,27.7777777777778,0.2,0,0.285930405514231,-0.0416980094032554,0.327628414917486,-6.51700214766548,-0.0114381612997612
1.09,0,27.7777777777778,0.2,0,0.392800790104133,-0.0576071657765687,0.450407955880702,6.51700214766548,-0.0158021944837259
1.1,0,27.7777777777778,0.2,0,0.124186322009017,-0.013644736819403,0.13783105882842,-6.51700214766548,-0.00374288132375301
1.11,0,27.7777777777778,0.2,0,0.00909504226780303,0.00248315655551555,0.00661188571228748,-0.162813075685829,0.000681153503992658
1.12,0,27.7777777777778,0.2,0,0.00975267397576702,0.000131760179299691,0.00962091379646733,6.51700214766548,3.61430726618251e-05
1.13,0,27.7777777777778,0.2,0,-0.115241042469906,0.0178034007632601,-0.133044443233166,-6.51700214766548,0.00488364246947871
1.14,0,27.7777777777778,0.2,0,-0.0613505293388816,0.00672566485214389,-0.0680761941910255,6.51700214766548,0.00184491395459636
1.15,0,27.7777777777778,0.2,0,-0.161330532649728,0.0206311621817899,-0.181961694831518,-6.51700214766548,0.00565932437097159
1.16,0,27.7777777777778,0.2,0,0.0246313881654875,-0.01085916817754,0.0354905563430276,6.51700214766548,-0.00297877330293469
1.17,0,27.7777777777778,0.2,0,-0.0547386460858923,0.00151012617787494,-0.0562487722637672,0.336144018233358,0.000414241999863354
1.18,0,27.7777777777778,0.2,0,-0.0619709513835771,0.00186862752610061,-0.0638395789096777,0.288900377835766,0.000512582335670053
1.19,0,27.7777777777778,0.2,0,-0.0635169865266478,0.00152667861315638,-0.0650436651398042,6.51700214766548,0.000418782490581315
1.2,0,27.7777777777778,0.2,0,-0.174180983763671,0.0184803245684263,-0.192661308332097,-6.51700214766548,0.00506932911931996
1.21,0,27.7777777777778,0.2,0,-0.103152382819861,0.00636937876469918,-0.10952176158456,6.51700214766548,0.00174718128593004
1.22,0,27.7777777777778,0.2,0,-0.304552111037942,0.0380852287431069,-0.342637339781049,-6.51700214766548,0.0104471411402183
1.23,0,27.7777777777778,0.2,0,-0.157174051902134,0.01306365120849,-0.170237703110624,6.51700214766548,0.00358348400379187
1.24,0,27.7777777777778,0.2,0,-0.166471279675656,0.0149741729559622,-0.181445452631618,-1.90233652672331,0.0041075583235742
1.25,0,27.7777777777778,0.2,0,-0.159242375709144,0.0142943293141215,-0.173536705023265,-1.15971265029928,0.00392107073471141
1.26,0,27.7777777777778,0.2,0,-0.148835047618979,0.0133462696996308,-0.16218131731861,-6.51700214766548,0.00366100894884863
1.27,0,27.7777777777778,0.2,0,0.0463152422577369,-0.0164812325081934,0.0627964747659303,6.51700214766548,-0.00452095911880307
1.28,0,27.7777777777778,0.2,0,-0.0153871395261068,-0.00419114009572752,-0.0111959994303793,-6.51700214766548,-0.00114966966363352
1.29,0,27.7777777777778,0.2,0,0.114954824605518,-0.0229600389657693,0.137914863571287,6.51700214766548,-0.0062981574635735
1.3,0,27.7777777777778,0.2,0,-0.0419084370364161,0.00433826500560948,-0.0462467020420256,-6.51700214766548,0.00119002742829725
1.31,0,27.7777777777778,0.2,0,0.088429311187174,-0.0154900019083324,0.103919313095506,6.51700214766548,-0.00424905512029747
1.32,0,27.7777777777778,0.2,0,0.0293977813137056,-0.00436005155829183,0.0337578328719974,6.51700214766548,-0.00119600368729169
1.33,0,27.7777777777778,0.2,0,-0.10447583850162,0.0177022346965293,-0.122178073198149,0.281155448243317,0.00485589165341125
1.34,0,27.7777777777778,0.2,0,-0.122345684951649,0.0203226271063919,-0.142668312058041,-6.51700214766548,0.00557469025990632
1.35,0,27.7777777777778,0.2,0,-0.0558667472773598,0.00976862992212932,-0.0656353771994891,0.284706412448795,0.00267962826825651
1.36,0,27.7777777777778,0.2,0,-0.0574049672545677,0.0104666203323806,-0.0678715875869483,0.282571875029735,0.00287109368860622
1.37,0,27.7777777777778,0.2,0,-0.0589411729702125,0.0111395491443194,-0.070080722114532,0.282567980280355,0.00305568447373881
1.38,0,27.7777777777778,0.2,0,-0.060462711423829,0.0117875183032561,-0.072250229727085,0.282567973173863,0.00323342858822427
1.39,0,27.7777777777778,0.2,0,-0.061969835451751,0.0124124476607851,-0.074382283112536,6.51700214766548,0.00340485266564832
1.4,0,27.7777777777778,0.2,0,-0.165356827868213,0.0289805458646656,-0.194337373732878,1.05010226468116,0.00794963987248016
1.41,0,27.7777777777778,0.2,0,-0.178762270780589,0.0306832347442545,-0.209445505524843,0.305872174441152,0.00841670365626181
1.42,0,27.7777777777778,0.2,0,-0.190285955324088,0.0321829087018306,-0.222468864025919,-6.51700214766548,0.00882807851250299
1.43,0,27.7777777777778,0.2,0,-0.13097376704945,0.0227720600869608,-0.153745827136411,6.51700214766548,0.00624659306595523
1.44,0,27.7777777777778,0.2,0,-0.219877481145136,0.0371337909805677,-0.257011272125704,-6.51700214766548,0.010186152696157
1.45,0,27.7777777777778,0.2,0,-0.143780353121968,0.0251240185206124,-0.168904371642581,-1.77686548766014,0.00689175767499628
1.46,0,27.7777777777778,0.2,0,-0.142071088929777,0.0255226597602543,-0.167593748690031,-0.72253087291941,0.00700110876549233
1.47,0,27.7777777777778,0.2,0,-0.139997327814981,0.0259208892685219,-0.165918217083503,6.51700214766548,0.00711034691414921
1.48,0,27.7777777777778,0.2,0,-0.229590971038678,0.0406912712859829,-0.270282242324661,-6.51700214766548,0.0111620034414659
1.49,0,27.7777777777778,0.2,0,-0.0160232183262921,0.00710365557023845,-0.0231268738965305,6.51700214766548,0.00194860041026301
1.5,0,27.7777777777778,0.2,0,-0.123523303178445,0.0261425315025386,-0.149665834680983,-6.51700214766548,0.00717114549086316
1.51,0,27.7777777777778,0.2,0,0.0198974585214092,0.00427502278596033,0.0156224357354489,6.51700214766548,0.00117267948484253
1.52,0,27.7777777777778,0.2,0,-0.100078340622418,0.025198476329884,-0.125276816952302,-1.32791015490142,0.00691218216155242
1.53,0,27.7777777777778,0.2,0,-0.125389722852615,0.0297670628207676,-0.155156785673383,-6.51700214766548,0.00816538896788399
1.54,0,27.7777777777778,0.2,0,0.0458028542696439,0.00315526451073169,0.0426475897589122,6.51700214766548,0.000865519120304662
1.55,0,27.7777777777778,0.2,0,-0.0409386184439747,0.0185587691776516,-0.0594973876216264,6.51862586066548,0.00509084722309173
1.56,0,27.7777777777778,0.2,0,-0.288731230846382,0.0582808735314857,-0.347012104377867,-6.51700214766548,0.0159869989403396
1.57,0,27.7777777777778,0.2,0,-0.259067837515185,0.0520565950565742,-0.31112443257176,1.32973218943348,0.0142796200464898
1.58,0,27.7777777777778,0.2,0,-0.260903736666935,0.051597548741256,-0.312501285408191,-6.51700214766548,0.0141536992681646
1.59,0,27.7777777777778,0.2,0,-0.170506317253486,0.0370211037552648,-0.207527421008751,-6.51700214766548,0.0101552415165136
1.6,0,27.7777777777778,0.2,0,0.0837297514551634,-0.0027392810776161,0.0864690325327795,6.51862586066548,-0.000751410900893279
1.61,0,27.7777777777778,0.2,0,0.120549975503797,-0.00580022674136502,0.126350202245162,-3.95591760084007,-0.00159105746275125
1.62,0,27.7777777777778,0.2,0,0.158752390897254,-0.00954616395223775,0.168298554849492,6.51700214766548,-0.0026186037329431
1.63,0,27.7777777777778,0.2,0,0.0908027065369377,0.0030335015772517,0.087769204959686,-0.665563931406521,0.00083211838743017
1.64,0,27.7777777777778,0.2,0,0.0937799331346999,0.00349433319534871,0.0902855999393512,-0.979482262759301,0.000958528891318923
1.65,0,27.7777777777778,0.2,0,0.0970205050000994,0.00357233679723088,0.0934481682028686,-0.53413610329753,0.000979926022574331
1.66,0,27.7777777777778,0.2,0,0.0993487258387876,0.0034968555649968,0.0958518702737908,-6.51862586066548,0.000959220801347852
1.67,0,27.7777777777778,0.2,0,0.194492005615682,-0.0113718826252624,0.205863888240945,6.51700214766548,-0.00311941576135643
1.68,0,27.7777777777778,0.2,0,0.13722657071552,-0.00195855998989658,0.139185130705417,-1.11500122692405,-0.000537251667412852
1.69,0,27.7777777777778,0.2,0,0.134519575816146,-0.00188184940760058,0.136401425223746,6.51700214766548,-0.000516209223750499
1.7,0,27.7777777777778,0.2,0,-0.043933972301115,0.0256004062379349,-0.0695343785390499,-6.51700214766548,0.00702243536512924
1.71,0,27.7777777777778,0.2,0,0.0920202993045993,0.00188922584502835,0.090131073459571,6.51700214766548,0.000518232650823492
1.72,0,27.7777777777778,0.2,0,-0.0568195089523039,0.0245359873166573,-0.0813554962689613,-0.0131128306244253,0.00673045511268245
1.73,0,27.7777777777778,0.2,0,-0.0954418926914049,0.0284036809880636,-0.123845573679469,-6.51700214766548,0.00779140034015792
1.74,0,27.7777777777778,0.2,0,0.0766586850189394,-0.000927988405616858,0.0775866734245562,-6.51700214766548,-0.000254556062019717
1.75,0,27.7777777777778,0.2,0,0.331459262062842,-0.0415211106149721,0.372980372677814,6.51700214766548,-0.0113896362765509
1.76,0,27.7777777777778,0.2,0,0.141379604322312,-0.00998324698678731,0.1513628513091,6.51700214766548,-0.00273849977407586
1.77,0,27.7777777777778,0.2,0,-0.244590979256884,0.0497475923401583,-0.294338571597043,-6.51700214766548,0.0136462385999911
1.78,0,27.7777777777778,0.2,0,-0.220157573451026,0.0419580515239727,-0.262115624974999,-6.51700214766548,0.0115094933312913
1.79,0,27.7777777777778,0.2,0,-0.0195540964876125,0.00735267774509468,-0.0269067742327072,6.51700214766548,0.00201690956563964
1.8,0,27.7777777777778,0.2,0,-0.0788515998910209,0.0160107998551435,-0.0948623997461644,0.269175941029927,0.00439191495954306
1.81,0,27.7777777777778,0.2,0,-0.0831329142673486,0.0155236617635268,-0.0986565760308754,6.51700214766548,0.00425828833930601
1.82,0,27.7777777777778,0.2,0,-0.169010588286739,0.027996273784639,-0.197006862071378,0.60818669669516,0.00767964466226957
1.83,0,27.7777777777778,0.2,0,-0.180229139177769,0.0283820665129263,-0.208611205690696,-6.51700214766548,0.00778547128367371
1.84,0,27.7777777777778,0.2,0,-0.129206739004177,0.0193409587061704,-0.148547697710347,-6.51700214766548,0.00530540926387547
1.85,0,27.7777777777778,0.2,0,0.0435942088067278,-0.00825957972424675,0.0518537885309745,0.267237147087292,-0.00226568141995756
1.86,0,27.7777777777778,0.2,0,0.0771755799373124,-0.0123347810422854,0.0895103609795978,6.51700214766548,-0.0033835479721457
1.87,0,27.7777777777778,0.2,0,-0.0188670353551549,0.00395549890407001,-0.022822534259225,-0.0610990443958526,0.00108503103944931
1.88,0,27.7777777777778,0.2,0,-0.0195542332599353,0.00428403510355556,-0.0238382683634908,-6.51700214766548,0.00117515164943298
1.89,0,27.7777777777778,0.2,0,0.225034236557783,-0.034221830906167,0.25925606746395,6.51700214766548,-0.0093873743010699
1.9,0,27.7777777777778,0.2,0,0.114619638175785,-0.0142894381451088,0.128909076320894,-6.51700214766548,-0.00391972904044563
1.91,0,27.7777777777778,0.2,0,0.169706151566954,-0.022542043980034,0.192248195546988,6.51700214766548,-0.0061834974561114
1.92,0,27.7777777777778,0.2,0,-0.0819256850115591,0.0182756607548361,-0.100201345766395,-6.51700214766548,0.00501318788510827
1.93,0,27.7777777777778,0.2,0,-0.111641755832076,0.0208473305998445,-0.132489086431921,6.51700214766548,0.00571862142780975
1.94,0,27.7777777777778,0.2,0,-0.130215558407192,0.0224994788425676,-0.15271503724976,6.51700214766548,0.00617182143332148
1.95,0,27.7777777777778,0.2,0,-0.214397701338058,0.0344278831892668,-0.248825584527324,-1.01015063204553,0.00944389640569813
1.96,0,27.7777777777778,0.2,0,-0.219459379979424,0.0336868873081032,-0.253146267287527,-6.51700214766548,0.00924063417489855
1.97,0,27.7777777777778,0.2,0,-0.00424714805057558,-0.00140714722363949,-0.00284000082693609,6.51700214766548,-0.000385993891479218
1.98,0,27.7777777777778,0.2,0,-0.109977657240804,0.0163411435592228,-0.126318800800027,-2.03389056192454,0.00448253138525963
1.99,0,27.7777777777778,0.2,0,-0.132008377488808,0.0197923513452562,-0.151800728834064,6.51700214766548,0.00542923056588191
2,0,27.7777777777778,0.2,0,-0.33616390620705,0.0519597936318957,-0.388123699838946,-6.51700214766548,0.0142530664933259
2.01,0.003028624414293,27.7777777777778,0.2,0.00282726595731129,0.111924235611576,0.0483006681151497,0.0636235674964267,6.35664061329867,0.0132493334980202
2.02,0.00605617277275261,27.7777777777778,0.2,0.00565352740049019,0.228403898244642,0.0974658756821592,0.130938022562483,6.51700214766548,0.0267358184054698
2.03,0.00908156940186338,27.7777777777778,0.2,0.00847778017230375,0.152939184739934,0.1745742677602,-0.0216350830202659,-6.51700214766548,0.047887385081576
2.04,0.0121037955401164,27.7777777777778,0.2,0.0112990208291899,0.359281546196303,0.204539078819344,0.154742467376959,-6.51700214766548,0.0561070182754952
2.05,0.015121786898705,27.7777777777778,0.2,0.0141162469977771,0.661564814684033,0.219912626442903,0.44165218824113,6.51700214766548,0.0603241288758421
2.06,0.0181344054048437,27.7777777777778,0.2,0.0169284577310223,0.48563372875443,0.311666106762344,0.173967621992086,-6.51700214766548,0.0854929828026266
2.07,0.0211405806895219,27.7777777777778,0.2,0.0197346538638423,0.51638913770505,0.367491712789495,0.148897424915555,-6.51700214766548,0.100806478471454
2.08,0.0240997360539815,27.7777777777778,0.2,0.0225338383681136,0.769699236310745,0.38834198881485,0.381357247495895,6.51700214766548,0.106525907857547
2.09,0.0270463021586641,27.7777777777778,0.2,0.02532501670691,0.70460378264175,0.461434207438471,0.24316957520328,1.05452834002206,0.126575799886904
2.1,0.0299833694855077,27.7777777777778,0.2,0.0281071971878587,0.5564442776564,0.546572952831275,0.00987132482512498,3.25516069525915,0.149930168994657
2.11,0.0328962211080664,27.7777777777778,0.2,0.0308793913154822,0.522536369065396,0.613211166445951,-0.0906747973805557,-6.51700214766548,0.168209665952925
2.12,0.0357682305941851,27.7777777777778,0.2,0.0336406141424072,0.673542375964236,0.65153174834057,0.0220106276236656,-6.51700214766548,0.178721366705171
2.13,0.0386278081742992,27.7777777777778,0.2,0.0363898846193111,0.951896115738836,0.673061968819658,0.278834146919179,6.51700214766548,0.184627311333789
2.14,0.0414739378541109,27.7777777777778,0.2,0.0391262259434846,0.858793665742607,0.75597598051063,0.102817685231977,-6.51700214766548,0.207371414788703
2.15,0.0443059309111248,27.7777777777778,0.2,0.0418486659058844,1.11091274595171,0.785329793572061,0.325582952379647,6.51700214766548,0.215423445409941
2.16,0.0471226086057375,27.7777777777778,0.2,0.0445562372365553,1.01989783941631,0.871907139202043,0.14799070021427,-6.51700214766548,0.239172436270488
2.17,0.0499228177586987,27.7777777777778,0.2,0.0472479779482957,1.09382340795325,0.927540867083761,0.166282540869484,6.51700214766548,0.255752381649708
2.18,0.0527055634690302,27.7777777777778,0.2,0.049922931678448,1.05014111058879,0.998706114421884,0.0514349961669029,-6.51862586066548,0.278077716351314
2.19,0.0553350279527457,27.7777777777778,0.2,0.0525801480286888,1.12342149842686,1.05169156567247,0.0717299327543919,2.27629027682831,0.294699845518724
2.2,0.0579420070744589,27.7777777777778,0.2,0.0552186829027017,1.19573412570996,1.10706201017924,0.0886721155307177,3.05010957030511,0.312070173767808
2.21,0.0605296018951674,27.7777777777778,0.2,0.0578375988416095,1.16390460555768,1.17788936038379,-0.0139847548261112,2.35125442548653,0.33428950635625
2.22,0.0630970084942919,27.7777777777778,0.2,0.0604359653570494,1.15271250712759,1.24687711950496,-0.0941646123773614,3.05443069980126,0.355931738629764
2.23,0.0656437661837759,27.7777777777778,0.2,0.0630128592617709,1.13869209038507,1.31726529152866,-0.178573201143589,2.22183174878935,0.378013296106789
2.24,0.0681683975291858,27.7777777777778,0.2,0.06556736499764,1.13353944214117,1.38745691456862,-0.253917472427443,-6.51700214766548,0.400033193967476
2.25,0.0706700055410256,27.7777777777778,0.2,0.068098574960932,1.45270718817317,1.41573492555661,0.0369722626165621,6.51700214766548,0.408904322553639
2.26,0.073125605794997,27.7777777777778,0.2,0.0706055898247999,1.4579185984817,1.48865374153088,-0.0307351430491869,-6.51700214766548,0.431779771365554
2.27,0.0754879532800956,27.7777777777778,0.2,0.0730875188587998,1.54898057848578,1.54882481046017,0.000155768025613456,6.51700214766548,0.45065610923335
2.28,0.0778255842621142,27.7777777777778,0.2,0.0755434802453642,1.51003404062024,1.62727677857458,-0.117242737954335,-6.51700214766548,0.475267369808786
2.29,0.0801376681918954,27.7777777777778,0.2,0.0779726013931064,1.64342976462951,1.68141641323767,-0.0379866486081601,2.22255406820806,0.492805835762163
2.3,0.0824097548980793,27.7777777777778,0.2,0.0803740192468495,1.73972250270338,1.72822846626806,0.0114940364353207,-6.51700214766548,0.512138258669612
2.31,0.0845818261752923,27.7777777777778,0.2,0.0827468805942645,1.88843431271194,1.76937698817967,0.119057324532264,6.51700214766548,0.529131758764455
2.32,0.086726985653626,27.7777777777778,0.2,0.0850903423690134,1.81637876565891,1.8327942194299,-0.0164154537709951,-3.63363335609812,0.555321781521051
2.33,0.0888444711681321,27.7777777777778,0.2,0.0874035719502864,1.89769811455515,1.88041458465462,0.0172835299005316,2.07989987613819,0.5749880208747
2.34,0.0909335303862898,27.7777777777778,0.2,0.0896857474586278,1.99639104184512,1.92657991414617,0.069811127698957,6.51700214766548,0.594053360154158
2.35,0.0929942105721546,27.7777777777778,0.2,0.0919360580479465,1.86974127150824,1.99470453261885,-0.124963261110614,-6.51700214766548,0.622187437800091
2.36,0.0950251051871333,27.7777777777778,0.2,0.094153704193605,2.0336458596473,2.03357201230092,7.38473463761657e-05,5.6435074262578,0.638238913988771
2.37,0.097025364516337,27.7777777777778,0.2,0.0963378979764877,2.03539393672278,2.08847905181074,-0.0530851150879554,2.45043736078849,0.660914401169619
2.38,0.0989942778771505,27.7777777777778,0.2,0.0984878633629434,2.0368365999706,2.14279502570737,-0.105958425736772,1.51032137901584,0.683345790310315
2.39,0.100900045600339,27.7777777777778,0.2,0.100602836480508,2.04987539645655,2.19497287362157,-0.145097477165026,-6.51700214766548,0.704894177039329
2.4,0.102696913053633,27.7777777777778,0.2,0.102682065889303,2.20896747307203,2.23196322854433,-0.0229957554722944,-6.51700214766548,0.720170438996888
2.41,0.104462252420086,27.7777777777778,0.2,0.104724812849021,2.35156440914636,2.27030201184167,0.0812623973046867,6.51700214766548,0.73620589141227
2.42,0.106195436483026,27.7777777777778,0.2,0.106730351581393,2.24757138121428,2.30453968547092,-0.0569683042566465,6.51700214766548,0.761626673756156
2.43,0.107895849450408,27.7777777777778,0.2,0.108697969528057,2.09805513316612,2.34026318632125,-0.242208053155131,-6.51700214766548,0.788150652853323
2.44,0.109563206941489,27.7777777777778,0.2,0.110626967603726,2.23490878464709,2.36057982648393,-0.125671041836842,4.11393098923089,0.803235348534669
2.45,0.111197240916705,27.7777777777778,0.2,0.112516660444569,2.24400390690298,2.38738365793944,-0.14337975103646,-6.51700214766548,0.823136652951296
2.46,0.112796706746105,27.7777777777778,0.2,0.114366376651717,2.38281454272772,2.40727780476969,-0.0244632620419751,2.52961394987727,0.837907655851945
2.47,0.114361036147094,27.7777777777778,0.2,0.11617545902981,2.41161861524064,2.43254164432229,-0.0209230290816467,2.00525361730759,0.856665547331135
2.48,0.115889673320886,27.7777777777778,0.2,0.117943264820493,2.44845464921406,2.45693695859669,-0.00848230938263317,6.51700214766548,0.874778576303128
2.49,0.117382075149971,27.7777777777778,0.2,0.119669165930786,2.31346927539672,2.48931189172108,-0.175842616324362,-6.51700214766548,0.898816311380134
2.5,0.118830155360733,27.7777777777778,0.2,0.121352549156242,2.46711822591491,2.50661340110684,-0.039495175191929,6.51700214766548,0.911662333252965
2.51,0.120239345462727,27.7777777777778,0.2,0.122992816398818,2.44765957927833,2.53223977059515,-0.084580191316824,-2.46131189006742,0.93068939589982
2.52,0.121610992985493,27.7777777777778,0.2,0.124589384879372,2.51334910933317,2.55313573324532,-0.0397866239121498,-4.04778410732429,0.946204226847389
2.53,0.122944610589196,27.7777777777778,0.2,0.126141687344725,2.60751137865102,2.57231095776699,0.0352004208840349,2.00422534631239,0.960441444429371
2.54,0.124239724445853,27.7777777777778,0.2,0.127649172269204,2.6777606038732,2.59226309068927,0.0854975131839266,1.96312604742239,0.975255500834192
2.55,0.125495874407677,27.7777777777778,0.2,0.129111304050592,2.71533505886653,2.60580986116713,0.109525197699401,2.07840816990076,0.990899800952123
2.56,0.126709696299804,27.7777777777778,0.2,0.130527563200429,2.71009269894329,2.61560090158843,0.0944917973548627,0.273951993089085,1.00758339260721
2.57,0.127879016948329,27.7777777777778,0.2,0.131897446528583,2.72693642040346,2.62464380166697,0.102292618736482,5.43264382443347,1.02299217919131
2.58,0.129008336139542,27.7777777777778,0.2,0.133220467322032,2.69886885957997,2.63433762983955,0.0645312297404148,0.980060770270488,1.03951012456246
2.59,0.130097252631711,27.7777777777778,0.2,0.134496155517785,2.70099595748157,2.64313158762945,0.0578643698521217,2.07734206706575,1.05449472216247
2.6,0.131145379537991,27.7777777777778,0.2,0.135724057869903,2.70710549835958,2.65159986191836,0.0555056364412145,1.91688198691064,1.06892436642704
2.61,0.132152344463884,27.7777777777778,0.2,0.136903738110525,2.72662546107121,2.65956317942162,0.0670622816495872,5.48576907378285,1.08249358192687
2.62,0.133117789639546,27.7777777777778,0.2,0.138034777104881,2.70536397755759,2.66809138038968,0.0372725971679135,1.70601337628578,1.09702533916424
2.63,0.134041372046904,27.7777777777778,0.2,0.139116773000199,2.72081004048528,2.67565094318363,0.0451590973016542,2.12087929938649,1.10990657071045
2.64,0.134922864675864,27.7777777777778,0.2,0.140149341368492,2.74817287809216,2.68276605514927,0.0654068229428901,2.12163627782246,1.12203047353457
2.65,0.135762417640485,27.7777777777778,0.2,0.141132115343134,2.78301877672436,2.68953439469889,0.0934843820254625,2.121637659031,1.13356348824701
2.66,0.136559134528112,27.7777777777778,0.2,0.142064745749212,2.81522541360094,2.69615226165929,0.119073151941655,6.51700214766548,1.14484010291144
2.67,0.137312732269029,27.7777777777778,0.2,0.142946901227583,2.75489550230435,2.7042839469511,0.0506115553532447,1.97660748110266,1.15869621125526
2.68,0.138022943113548,27.7777777777778,0.2,0.143778268352606,2.75278272625703,2.71104328720799,0.0417394390490382,1.86861443088063,1.1702138914865
2.69,0.138689514727136,27.7777777777778,0.2,0.144558551743501,2.76235932662126,2.71736185572482,0.0449974708964382,2.19198730468805,1.18098051203379
2.7,0.139312210280075,27.7777777777778,0.2,0.145287474169295,2.78145095053784,2.72329600061206,0.0581549499257767,2.19257734180275,1.19109208811364
2.71,0.139890808531597,27.7777777777778,0.2,0.145964776647319,2.80651674507126,2.72891952076395,0.0775972243073144,2.19257841840448,1.20067437046987
2.72,0.140425103908501,27.7777777777778,0.2,0.146590218535229,2.81069934697163,2.73472393650088,0.0759754104707522,1.17170711599204,1.21056489259872
2.73,0.140914906578183,27.7777777777778,0.2,0.1471635776165,2.82226826371968,2.7401721429125,0.0820961208071842,2.2128767039216,1.21984844645131
2.74,0.141360042516086,27.7777777777778,0.2,0.147684650179381,2.81434966365455,2.745201183471,0.0691484801835553,6.51700214766548,1.22937374722182
2.75,0.141760353567531,27.7777777777778,0.2,0.148153251089271,2.70988607317965,2.75009712358013,-0.0402110504004831,-0.0319890227420601,1.24139534604206
2.76,0.142115697503908,27.7777777777778,0.2,0.148569213854498,2.74029641814656,2.75315069202693,-0.0128542738803725,2.21508624753682,1.24889314503865
2.77,0.142425948073208,27.7777777777778,0.2,0.148932390685472,2.76282288442974,2.7561815921089,0.00664129232083654,2.21918633729811,1.2563352836346
2.78,0.142690995044881,27.7777777777778,0.2,0.149242652547195,2.77793614465126,2.75917450543605,0.0187616392152101,2.21919381846096,1.2636841487189
2.79,0.142910744249,27.7777777777778,0.2,0.149499889205104,2.7863791582902,2.76211415544584,0.0242650028443596,2.21919383211135,1.27090222988448
2.8,0.14308511760972,27.7777777777778,0.2,0.149704009264241,2.78846112567051,2.76499181632281,0.0234693093477025,2.21919383213625,1.27796810157255
2.81,0.143214053173016,27.7777777777778,0.2,0.149854940201719,2.78445079145094,2.7678004200479,0.0166503714030357,2.2191938321363,1.28486440881397
2.82,0.143297505128695,27.7777777777778,0.2,0.149952628392495,2.77457240048007,2.77053444715929,0.00403795332078216,2.2191938321363,1.29157759900098
2.83,0.143335443826676,27.7777777777778,0.2,0.149997039128421,2.75899473184946,2.77318984278127,-0.0141951109318139,2.2191938321363,1.29809771570276
2.84,0.143327855787519,27.7777777777778,0.2,0.149988156630572,2.73783099023779,2.7757639301303,-0.0379329398925088,-0.478322642483435,1.30441818628624
2.85,0.143274743707219,27.7777777777778,0.2,0.14992598405486,2.718796704026,2.77816686003496,-0.0593701560089599,4.49251129275599,1.31031839312355
2.86,0.143176126456246,27.7777777777778,0.2,0.149810543490903,2.66773339743143,2.78079732834032,-0.113063930908883,-2.78187073893629,1.31677730274489
2.87,0.143032039072838,27.7777777777778,0.2,0.149641875954184,2.64758757520658,2.78291536103144,-0.135327785824866,6.51700214766548,1.32197796670999
2.88,0.142842532750557,27.7777777777778,0.2,0.149420041371476,2.57084688166408,2.78554271617449,-0.214695834510418,-6.51700214766548,1.32842923220427
2.89,0.142607674820097,27.7777777777778,0.2,0.14914511855955,2.61274229820628,2.78665948130612,-0.173917183099835,2.74916375464762,1.33117136182383
2.9,0.142327548725363,27.7777777777778,0.2,0.148817205197172,2.57851453063153,2.7885376561795,-0.21002312554797,2.18045656405347,1.33578307363786
2.91,0.142002253993821,27.7777777777778,0.2,0.148436417790398,2.53965703181742,2.79032809677289,-0.250671064955474,-1.92316083248142,1.34017936077485
2.92,0.141631906201142,27.7777777777778,0.2,0.14800289163118,2.53280371042015,2.79161589625452,-0.258812185834367,-6.51700214766548,1.34334145189196
2.93,0.141216636930132,27.7777777777778,0.2,0.147516780749299,2.60566188594699,2.79186994431787,-0.186208058370882,1.42704537077354,1.34396524708361
2.94,0.140756593723986,27.7777777777778,0.2,0.146978257857637,2.59153651352166,2.79301349038659,-0.201476976864932,-4.41804555060947,1.34677313520401
2.95,0.140251940033864,27.7777777777778,0.2,0.146387514290812,2.64494017090986,2.79325470027177,-0.148314529361913,6.51700214766548,1.34736540725116
2.96,0.139702855160821,27.7777777777778,0.2,0.145744759937201,2.59985735680591,2.79449685464425,-0.194639497838333,-6.12008249443606,1.35041542036525
2.97,0.139109534192096,27.7777777777778,0.2,0.145050223164365,2.6408400743683,2.79460482551727,-0.153764751148971,-5.62262367216266,1.35068053441707
2.98,0.138472187931805,27.7777777777778,0.2,0.144304150737913,2.68939198701301,2.7945035771073,-0.105111590094292,3.39028270246287,1.3504319268486
2.99,0.137791042826039,27.7777777777778,0.2,0.143506807733825,2.64944511149672,2.79528154388096,-0.145836432384245,-1.23244365988934,1.35234216354267
3,0.137066340882411,27.7777777777778,0.2,0.142658477444273,2.64544403053768,2.79548816257622,-0.15004413203854,-3.07318326236378,1.35284949962273
3.01,0.13629833958407,27.7777777777778,0.2,0.141759461276971,2.65627286632884,2.79537572827133,-0.139102861942484,2.59664713968163,1.35257342596232
3.02,0.135487311798222,27.7777777777778,0.2,0.140810078648081,2.62755709319425,2.79556634104162,-0.168009247847365,-1.01327533385131,1.35304146074285
3.03,0.134633673896035,27.7777777777778,0.2,0.139810666868732,2.63143684701961,2.79522846229454,-0.163791615274925,-0.84469549598596,1.35221182585011
3.04,0.133738183226325,27.7777777777778,0.2,0.138761581025169,2.63865502668769,2.79469994899704,-0.156044922309351,-0.897802458548167,1.35091410269745
3.05,0.132800609365423,27.7777777777778,0.2,0.137663193852597,2.64102073311605,2.79407949648458,-0.153058763368529,-6.51700214766548,1.3493906299781
3.06,0.131821285428857,27.7777777777778,0.2,0.136515895602749,2.73029889703274,2.79229041143804,-0.0619915144053063,0.346985406419599,1.34499767128062
3.07,0.13080055936576,27.7777777777778,0.2,0.13532009390523,2.67991570674431,2.79200613369861,-0.112090426954303,-1.41996928429016,1.34429964947872
3.08,0.12973879383524,27.7777777777778,0.2,0.13407621362269,2.62158790474592,2.79162459174741,-0.170036687001492,-6.51700214766548,1.3433628029961
3.09,0.128636366077535,27.7777777777778,0.2,0.132784696699868,2.69009453495647,2.78956680039234,-0.0994722654358702,0.804749172974359,1.33831005692997
3.1,0.127493667779978,27.7777777777778,0.2,0.13144600200658,2.65383531813527,2.78861056853371,-0.134775250398444,-1.26230975523252,1.33596210423297
3.11,0.126311104937833,27.7777777777778,0.2,0.130060605174674,2.5989529772463,2.78769126490453,-0.188738287658239,-6.51700214766548,1.33370482592122
3.12,0.12508151491163,27.7777777777778,0.2,0.128628998429048,2.68837746171241,2.78484286925465,-0.0964654075422451,0.449308561275297,1.32671081271417
3.13,0.123812326708569,27.7777777777778,0.2,0.127151690412763,2.6439407068492,2.78346770732873,-0.139527000479537,-6.51700214766548,1.32333420993354
3.14,0.122504326463055,27.7777777777778,0.2,0.125629206006321,2.70193212509668,2.78065364710847,-0.0787215220117834,-1.01961891194886,1.3164245046941
3.15,0.121157978901348,27.7777777777778,0.2,0.124062086141184,2.67387616742159,2.77873056936175,-0.104854401940163,-4.38422436450139,1.31170253737917
3.16,0.119773762374326,27.7777777777778,0.2,0.122450887607578,2.70911127817044,2.77582977797684,-0.0667184998064023,-0.784272198919384,1.30457987053414
3.17,0.11835216868753,27.7777777777778,0.2,0.120796182856668,2.69194021911962,2.7734044296243,-0.0814642105046794,-1.7375346346727,1.29862461694777
3.18,0.116888667021076,27.7777777777778,0.2,0.119098559797175,2.65565397995299,2.77101018575822,-0.115356205805236,-1.73927398964863,1.29274573800026
3.19,0.115384127188152,27.7777777777778,0.2,0.117358621586488,2.6116558675166,2.76849970055808,-0.156843833041478,-1.72844130363339,1.28658143752935
3.2,0.113843531628654,27.7777777777778,0.2,0.115576986416368,2.60347670529499,2.76532630923349,-0.161849603938506,-0.424785512705499,1.27878942280829
3.21,0.11226742770885,27.7777777777778,0.2,0.113754287293308,2.60766439044765,2.76180409565924,-0.154139705211595,-6.51700214766548,1.27014090227801
3.22,0.110656375410958,27.7777777777778,0.2,0.111891171813627,2.66871873537264,2.757354496275,-0.0886357609023558,-2.91686803945897,1.25921525827178
3.23,0.10901095310047,27.7777777777778,0.2,0.109988301933384,2.67215073862672,2.75347186740769,-0.0813211287809663,-1.84322894899916,1.24968176611904
3.24,0.107332723895862,27.7777777777778,0.2,0.108046353733186,2.64817731758229,2.7497411983952,-0.101563880812908,-1.85792032141544,1.24052139952967
3.25,0.105621319522895,27.7777777777778,0.2,0.106066017177982,2.60943543805325,2.74598639596936,-0.136550957916107,-1.73513625182678,1.23130177522738
3.26,0.103877348035392,27.7777777777778,0.2,0.104047995871921,2.55890433693876,2.74138771406776,-0.182483377129002,-1.85908001695184,1.2219197373366
3.27,0.10210142905812,27.7777777777778,0.2,0.101993006808363,2.53314320908227,2.73506685218757,-0.201923643105308,-6.51700214766548,1.21114920897806
3.28,0.100289126437044,27.7777777777778,0.2,0.0999017801151377,2.64554877384894,2.72572218842736,-0.0801734145784185,-0.177612532731861,1.19522622759701
3.29,0.0983414997226487,27.7777777777778,0.2,0.0977750587951318,2.63717260768325,2.71821304834053,-0.0810404406572864,0.230729168950133,1.18243091458647
3.3,0.0963620594232913,27.7777777777778,0.2,0.0956135984623034,2.58763276233753,2.71120098708705,-0.123568224749518,-2.51617582666022,1.17048260658448
3.31,0.0943515088246849,27.7777777777778,0.2,0.0934181670732169,2.59979976858533,2.7025930135679,-0.102793244982573,-0.437876294849832,1.15581491970018
3.32,0.0923105622658835,27.7777777777778,0.2,0.0911895446541907,2.55797507285077,2.694768616741,-0.136793543890227,-1.99536797473709,1.14248242019141
3.33,0.0902403818185045,27.7777777777778,0.2,0.0889285230241589,2.49645960192734,2.68699550283934,-0.190535900911998,-6.51862586066548,1.12923730500002
3.34,0.0881417641937073,27.7777777777778,0.2,0.0866359055133402,2.57983947400199,2.67584884822847,-0.09600937422648,-6.51862586066548,1.11024379400978
3.35,0.0860149699410038,27.7777777777778,0.2,0.0843125066778196,2.69039520954624,2.6638607943369,0.0265344152093379,2.26116809133146,1.08981656796841
3.36,0.083860754700265,27.7777777777778,0.2,0.0819591520101404,2.57371531102204,2.65640804166971,-0.082692730647663,-2.10553465663153,1.07711733715579
3.37,0.081664458623871,27.7777777777778,0.2,0.0795766776460101,2.50340266066168,2.64745307358487,-0.144050412923188,-2.27776058951823,1.0618583836245
3.38,0.0793698630081495,27.7777777777778,0.2,0.077165930067226,2.53927144488617,2.63562414447598,-0.0963526995898101,0.125643432332973,1.04170230066723
3.39,0.0770491716653055,27.7777777777778,0.2,0.0747277658009236,2.48467411172481,2.62546557959945,-0.140791467874634,-6.51700214766548,1.02439246014886
3.4,0.0747032091259231,27.7777777777778,0.2,0.0722630511152573,2.56873043185527,2.61187207684826,-0.0431416449929869,3.70908081352937,1.00122960520142
3.41,0.072324514210305,27.7777777777778,0.2,0.0697726617116187,2.50696706871503,2.60121782083638,-0.0942507521213498,1.31565602715304,0.983075124263512
3.42,0.0698387493884914,27.7777777777778,0.2,0.0672574824135048,2.43368465727774,2.57742071363134,-0.143736056353601,-5.43873120853958,0.964235335131893
3.43,0.0673293677650457,27.7777777777778,0.2,0.0647184068521438,2.48428619403925,2.544799302303,-0.0605131082637453,-6.51700214766548,0.940014594958132
3.44,0.0647972609113103,27.7777777777778,0.2,0.0621563371489926,2.54976214931877,2.51074945768942,0.0390126916293454,-1.88830550642749,0.914733271871233
3.45,0.0622434417545661,27.7777777777778,0.2,0.059572183595217,2.49666813993306,2.48227041494171,0.0143977249913485,4.70746632393336,0.893588156847023
3.46,0.0596692809954181,27.7777777777778,0.2,0.0569668643282702,2.33631507928307,2.45856485671618,-0.12224977743311,-6.51700214766548,0.875987257833936
3.47,0.0570751222430658,27.7777777777778,0.2,0.0543413050056818,2.39955283828695,2.4218761213063,-0.0223232830193556,-6.51700214766548,0.848746611538095
3.48,0.0544618871897618,27.7777777777778,0.2,0.0516964384761776,2.5438945140128,2.3803373628162,0.163557151196596,5.85826531012948,0.817904920895013
3.49,0.0517799831102694,27.7777777777778,0.2,0.0490332044482413,2.4079336486093,2.35313113160538,0.0548025170039188,3.41562187455884,0.797704842773558
3.5,0.0489913060835967,27.7777777777778,0.2,0.0463525491562421,2.20341002504861,2.32795860800452,-0.124548582955907,-6.51700214766548,0.779014751547351
3.51,0.0461854965759567,27.7777777777778,0.2,0.0436554250242407,2.20271790113587,2.29045968208483,-0.0877417809489645,6.51700214766548,0.751172555133647
3.52,0.0433635514781076,27.7777777777778,0.2,0.0409427903275988,2.1374631522583,2.24527325558755,-0.107810103329244,-3.27283496315025,0.725667208633161
3.53,0.0405267846950081,27.7777777777778,0.2,0.0382156088525073,2.19355430701223,2.1702635338844,0.0232907731278282,-1.24191196157773,0.694689723813303
3.54,0.0376760597810343,27.7777777777778,0.2,0.0354748495535587,2.21915459002526,2.09764260050006,0.121511989525199,6.51862586066548,0.664698759836391
3.55,0.0348122251184302,27.7777777777778,0.2,0.0327214862094813,1.99185768238635,2.04960622833544,-0.0577485459490812,-6.51700214766548,0.644860718103351
3.56,0.0319356217996901,27.7777777777778,0.2,0.0299564970771611,1.97060063569303,1.97886183219404,-0.00826119650101531,-6.51700214766548,0.615644725725285
3.57,0.0290054669516896,27.7777777777778,0.2,0.0271808645440705,2.03997429564792,1.89758852500382,0.1423857706441,0.913419937993826,0.582080507880183
3.58,0.026065117243928,27.7777777777778,0.2,0.0243955747792326,1.96549500179666,1.83063683060952,0.134858171187134,-6.51700214766548,0.554430823950267
3.59,0.0231156173686554,27.7777777777778,0.2,0.0216016173828379,2.01926003222236,1.74945595558348,0.269804076638884,6.51700214766548,0.5209047787033
3.6,0.0201393041569131,27.7777777777778,0.2,0.0187999850346456,1.69290708574411,1.7067135817,-0.0138064959558917,-6.27777069853296,0.503253050259616
3.61,0.0171308623353528,27.7777777777778,0.2,0.015991673141289,1.56618820156813,1.62972597672354,-0.0635377751554145,-6.51700214766548,0.476035710684024
3.62,0.0141163338464063,27.7777777777778,0.2,0.0131776794826115,1.60905810183591,1.51901987222585,0.0900382296100584,6.51700214766548,0.441305966477851
3.63,0.0110967897376917,27.7777777777778,0.2,0.0103590038571609,1.44854007720557,1.43610832007523,0.0124317571303436,6.51700214766548,0.415295684470432
3.64,0.00807340931219658,27.7777777777778,0.2,0.00753664772696545,1.09279712719578,1.37867943411198,-0.285882306916203,-6.51862586066548,0.39727960009461
3.65,0.00504717596001996,27.7777777777778,0.2,0.0047116138617193,1.07156429529347,1.27304594217052,-0.201481646877055,6.51700214766548,0.364141191229288
3.66,0.00201914937025733,27.7777777777778,0.2,0.00188490598250286,1.01340681342194,1.17334498550807,-0.159938172086132,-6.21111444420132,0.332863885088778
3.67,-0.00100959461366199,27.7777777777778,0.2,-0.000942471594833832,1.13843531988038,1.04861917841188,0.0898161414685026,6.51700214766548,0.293736003243298
3.68,-0.00403797989342246,27.7777777777778,0.2,-0.00376951431650064,0.890422652218145,0.976559553680225,-0.0861369014620795,-6.51700214766548,0.271130092341833
3.69,-0.00706493049815404,27.7777777777778,0.2,-0.00659521774767971,0.875543755907793,0.867287537790219,0.00825621811757304,-6.51700214766548,0.237905235585245
3.7,-0.0100893709667203,27.7777777777778,0.2,-0.00941857792939707,1.10150617714403,0.709116705983743,0.392389471160284,6.51862586066548,0.194517469286295
3.71,-0.0131103234883546,27.7777777777778,0.2,-0.0122385917352236,0.878316602472741,0.624172973067604,0.254143629405138,-6.51700214766548,0.171216593959072
3.72,-0.0161266429516861,27.7777777777778,0.2,-0.0150542572276823,0.858169065842512,0.504987018577009,0.353182047265503,6.51700214766548,0.138522750976175
3.73,-0.0191372325419965,27.7777777777778,0.2,-0.0178645740142305,0.574536241636819,0.427968202665065,0.146568038971753,-6.51700214766548,0.117395755895957
3.74,-0.0221305984124965,27.7777777777778,0.2,-0.0206685436026957,0.511969081826648,0.314266212049906,0.197702869776742,6.51700214766548,0.0862062164581685
3.75,-0.0250829156171543,27.7777777777778,0.2,-0.0234651697560346,0.201674441611732,0.240928684265234,-0.0392542426535015,-6.51700214766548,0.066089033788501
3.76,-0.0280264316258624,27.7777777777778,0.2,-0.0262534588462915,0.211067799029498,0.115598621475757,0.0954691775537414,-0.674850296224166,0.0317098033549418
3.77,-0.0309601006213987,27.7777777777778,0.2,-0.029032420207629,0.227488457932153,-0.00895080232397336,0.236439260256126,6.51700214766548,-0.00245529036539312
3.78,-0.0338548760248897,27.7777777777778,0.2,-0.0318010664883082,-0.0681497866615168,-0.0825329591844648,0.014383172522948,-4.28365145577562,-0.0226395771215116
3.79,-0.0367228547106949,27.7777777777778,0.2,-0.0345584140014886,-0.171942039801892,-0.187340283370958,0.0153982435690664,-4.74676520829935,-0.0513892248048823
3.8,-0.0395780623170927,27.7777777777778,0.2,-0.0373034830747282,-0.220633110490625,-0.299909402031988,0.0792762915413631,-3.30710674030327,-0.0822680066710568
3.81,-0.0424194905601078,27.7777777777778,0.2,-0.0400352983980563,-0.248776437038334,-0.414414916434048,0.165638479395714,6.51862586066548,-0.113677960339988
3.82,-0.0452465916556332,27.7777777777778,0.2,-0.0427528893704965,-0.526441130549201,-0.488664830042309,-0.0377763005068924,-5.08612877158118,-0.134045419134755
3.83,-0.0480578907493966,27.7777777777778,0.2,-0.0454552904449161,-0.591452721382041,-0.596909825913936,0.00545710453189563,6.51700214766548,-0.163738052917292
3.84,-0.0508523890002165,27.7777777777778,0.2,-0.0481415414710814,-0.874516800456942,-0.669760265088716,-0.204756535368226,-6.51700214766548,-0.183721622540031
3.85,-0.0535867299480422,27.7777777777778,0.2,-0.0508106880367937,-0.837963591903339,-0.791905006140122,-0.0460585857632175,1.16791617223706,-0.217227088869425
3.86,-0.0562061177668919,27.7777777777778,0.2,-0.0534617818069876,-0.83948898364923,-0.902080755939505,0.0625917722902749,-3.15300287570572,-0.247765259787615
3.87,-0.0588067380379422,27.7777777777778,0.2,-0.0560938808606701,-0.828794841666429,-0.999568692379494,0.170773850713065,6.51700214766548,-0.278348316712167
3.88,-0.0613876667731941,27.7777777777778,0.2,-0.0587060500255803,-0.999059591456609,-1.0712958057537,0.0722362142970939,-2.60250994605261,-0.300849915078726
3.89,-0.0639483305100427,27.7777777777778,0.2,-0.0612973612104523,-1.08182510032552,-1.15461043948174,0.0727853391562197,-6.51700214766548,-0.326986648289006
3.9,-0.0664878129088608,27.7777777777778,0.2,-0.0638668937347608,-0.953305436279257,-1.26541335401309,0.31210791773383,6.51700214766548,-0.361746762886411
3.91,-0.0690048690778225,27.7777777777778,0.2,-0.0664137346558352,-1.0854625181846,-1.33871480412236,0.253252285937753,6.51700214766548,-0.384742248309616
3.92,-0.0714986047188558,27.7777777777778,0.2,-0.0689369790932232,-1.42246984266239,-1.38498942443557,-0.037480418226824,-6.51700214766548,-0.399259114692075
3.93,-0.0739157496017056,27.7777777777778,0.2,-0.0714357305501909,-1.3726710668513,-1.48245549854526,0.10978443169396,6.51700214766548,-0.429835313158889
3.94,-0.0762699510838679,27.7777777777778,0.2,-0.0739091012322437,-1.53772523754931,-1.54857479139423,0.0108495538449254,-3.77886239375254,-0.450577675453695
3.95,-0.078599158222854,27.7777777777778,0.2,-0.0763562123625557,-1.56515351682337,-1.63251956155465,0.0673660447312796,6.51862586066548,-0.476912089516454
3.96,-0.0809025434624579,27.7777777777778,0.2,-0.0787761944941943,-1.77889279484372,-1.687107333814,-0.0917854610297262,-6.51700214766548,-0.495156069861974
3.97,-0.0831367214133292,27.7777777777778,0.2,-0.0811681878190314,-1.72750425472608,-1.75678733798227,0.0292830832561961,-2.01777528346294,-0.523932490069382
3.98,-0.0852999073717439,27.7777777777778,0.2,-0.0835313424732282,-1.6770465849387,-1.82402489591791,0.146978310979213,6.51700214766548,-0.551700229810085
3.99,-0.0874359264004494,27.7777777777778,0.2,-0.0858648188391886,-1.82188176328239,-1.87079718419188,0.048915420909488,-6.51700214766548,-0.571016230684355
4,-0.0895440195820556,27.7777777777778,0.2,-0.088167787843871,-1.77118546883735,-1.93627995631568,0.165094487478328,-1.63124302659502,-0.59805927968346
4.01,-0.0916236171148883,27.7777777777778,0.2,-0.0904394312533536,-1.78279812777286,-1.99427864470084,0.211480516927975,1.05370039669224,-0.622011554778322
4.02,-0.0936745350444368,27.7777777777778,0.2,-0.0926789419635502,-1.86238560677525,-2.04480398824903,0.182418381473778,-2.07072922430963,-0.642877490916258
4.03,-0.095695297539351,27.7777777777778,0.2,-0.0948855242869687,-1.94857545107636,-2.09411713115621,0.145541680079853,-2.0360648722057,-0.663242812919082
4.04,-0.0976851866323386,27.7777777777778,0.2,-0.0970583942354167,-2.03320475226392,-2.14300757991891,0.10980282765499,3.58527380610455,-0.683433570863449
4.05,-0.0996434953252799,27.7777777777778,0.2,-0.0991967797985477,-2.12917444248921,-2.19012419829667,0.0609497558074654,-2.05044592670442,-0.702891773046045
4.06,-0.101502465358335,27.7777777777778,0.2,-0.101299921218154,-2.21536839882071,-2.23660088850925,0.0212324896885434,-6.51862586066548,-0.72208569795134
4.07,-0.103288893836187,27.7777777777778,0.2,-0.103367071258102,-2.09113931397867,-2.2874082621844,0.196268948205732,6.51700214766548,-0.74890693738261
4.08,-0.105043583899244,27.7777777777778,0.2,-0.105397495469827,-2.2209812095499,-2.30932892123446,0.0883477116845546,-6.51700214766548,-0.765182584746392
4.09,-0.106765912114482,27.7777777777778,0.2,-0.107390472453275,-2.18632633111308,-2.33956280705756,0.153236475944475,4.08975360925311,-0.787630635371606
4.1,-0.108455266546887,27.7777777777778,0.2,-0.109345294113212,-2.25522319139683,-2.36380191781654,0.108578726419707,-2.80053777826356,-0.805627686382892
4.11,-0.110111690251473,27.7777777777778,0.2,-0.111261265910811,-2.24788572638496,-2.39153476833367,0.143649041948715,-1.87677499178181,-0.82621876872119
4.12,-0.111734265416272,27.7777777777778,0.2,-0.113137707110416,-2.25696581620693,-2.41781812437431,0.160852308167379,6.51700214766548,-0.84573363063649
4.13,-0.113322081633007,27.7777777777778,0.2,-0.114973951021402,-2.39425324232591,-2.43720337283691,0.042950130511004,-2.58634567909802,-0.860126786759949
4.14,-0.114874574758135,27.7777777777778,0.2,-0.116769345235053,-2.4295016482806,-2.46143326846066,0.0319316201800652,-2.11486803717234,-0.878116995719131
4.15,-0.116391193198243,27.7777777777778,0.2,-0.118523251856354,-2.46255580835284,-2.4852392008713,0.0226833925184544,0.151860758236321,-0.895792420540838
4.16,-0.117870085009354,27.7777777777778,0.2,-0.120235047730631,-2.523724542742,-2.50713591460131,-0.0165886281406937,-6.51862586066548,-0.912050288987294
4.17,-0.119304026158867,27.7777777777778,0.2,-0.121904124664964,-2.43260997753646,-2.53589521335476,0.103285235818303,1.84059394379372,-0.933403488445032
4.18,-0.120700757043647,27.7777777777778,0.2,-0.123529889644264,-2.47261033459387,-2.55745795387933,0.0848476192854588,0.501337076892497,-0.949413388520265
4.19,-0.122059781411861,27.7777777777778,0.2,-0.125111765041976,-2.55712432947168,-2.57647761470352,0.0193532852318334,-2.11481047384318,-0.963535103193459
4.2,-0.123380616408622,27.7777777777778,0.2,-0.126649188825302,-2.62869839570879,-2.59575884692247,-0.0329395487863291,-6.51700214766548,-0.977851029353262
4.21,-0.124662792747544,27.7777777777778,0.2,-0.128141614754894,-2.58882216451764,-2.60866114048268,0.0198389759650337,0.632325183624145,-0.99575828153726
4.22,-0.125905854877481,27.7777777777778,0.2,-0.129588512578925,-2.63875287175389,-2.61702376456309,-0.0217291071907924,-2.12434521274231,-1.01000790152852
4.23,-0.127103889101205,27.7777777777778,0.2,-0.130989368221488,-2.69651519072678,-2.62502271353432,-0.0714924771924519,-6.51700214766548,-1.023637831808
4.24,-0.128259921393334,27.7777777777778,0.2,-0.132343683965243,-2.59409483617651,-2.63603554328582,0.0419407071093136,3.13905263816093,-1.04240330990174
4.25,-0.129375816894614,27.7777777777778,0.2,-0.133650978628255,-2.65919698417823,-2.6433416811097,-0.0158553030685344,-2.11863767016377,-1.05485271413095
4.26,-0.130451179132688,27.7777777777778,0.2,-0.134910787734956,-2.74754558254395,-2.65003994819197,-0.0975056343519807,-2.12823103024667,-1.06626632780107
4.27,-0.131485626036474,27.7777777777778,0.2,-0.136122663681168,-2.82534821689868,-2.65679729993058,-0.168550916968097,-6.51700214766548,-1.07778061966647
4.28,-0.132478790071911,27.7777777777778,0.2,-0.137286175893138,-2.73586778817833,-2.66663968063417,-0.0692281075441623,2.9294364895836,-1.09455169337333
4.29,-0.133430318372547,27.7777777777778,0.2,-0.138400910980517,-2.81185489827654,-2.67292638710046,-0.13892851117608,-6.51700214766548,-1.10526402209692
4.3,-0.134339872864907,27.7777777777778,0.2,-0.139466472883238,-2.77125794595377,-2.68130294394093,-0.0899550020128435,0.849837174588604,-1.11953738302575
4.31,-0.135207457127287,27.7777777777778,0.2,-0.140482483012229,-2.78154255903175,-2.68841527037496,-0.0931272886567864,-3.61014378570561,-1.13165653940109
4.32,-0.136032763793369,27.7777777777778,0.2,-0.14144858038393,-2.75219510892906,-2.69606098571589,-0.0561341232131665,-1.60887382167312,-1.1446845718849
4.33,-0.136815138329756,27.7777777777778,0.2,-0.142364421748544,-2.74506912054429,-2.70303493061147,-0.0420341899328203,-2.24207758617412,-1.15656793094139
4.34,-0.137554302762502,27.7777777777778,0.2,-0.143229681711996,-2.74211316971358,-2.70971042945794,-0.032402740255641,-2.18338440474793,-1.16794274833118
4.35,-0.138249994470003,27.7777777777778,0.2,-0.144044052851541,-2.74388823069927,-2.71608510484307,-0.0278031258562046,-2.24440722219439,-1.17880497302672
4.36,-0.138901966276308,27.7777777777778,0.2,-0.144807245824991,-2.75121079567298,-2.72215284359892,-0.0290579520740533,-2.51964032235454,-1.18914418840287
4.37,-0.139509986538939,27.7777777777778,0.2,-0.145518989473516,-2.76100888217059,-2.72797737584256,-0.0330315063280273,-1.65376102557726,-1.19906898835807
4.38,-0.140073839231192,27.7777777777778,0.2,-0.146179030917987,-2.77230224000669,-2.73357766263298,-0.0387245773737175,-2.24800118985564,-1.20861168187605
4.39,-0.140593324018889,27.7777777777778,0.2,-0.146787135648821,-2.78988721625805,-2.73887103732054,-0.0510161789375179,-2.24908546061663,-1.2176314078668
4.4,-0.14106825633156,27.7777777777778,0.2,-0.147343087609303,-2.80921714762769,-2.7439388349149,-0.0652783127127887,-2.24908743901384,-1.22627414886595
4.41,-0.141498467428015,27.7777777777778,0.2,-0.14784668927235,-2.82809106089794,-2.74733209241208,-0.0807589684858621,-2.24908744262369,-1.23460602781373
4.42,-0.1418838044563,27.7777777777778,0.2,-0.148297761710687,-2.84428149964274,-2.75062430374771,-0.0936571958950312,-2.24908744263028,-1.24268979579825
4.43,-0.142224130508005,27.7777777777778,0.2,-0.148696144660426,-2.85422472908564,-2.75385633540613,-0.100368393679512,-6.51862586066548,-1.2506257972823
4.44,-0.142519324666902,27.7777777777778,0.2,-0.149041696578001,-2.7799411858681,-2.75796435561738,-0.0219768302507215,-1.90051426320023,-1.26071272028877
4.45,-0.142769282051913,27.7777777777778,0.2,-0.149334294690462,-2.76478494525076,-2.76117709259721,-0.00360785265354169,-2.29612642525807,-1.26860134519545
4.46,-0.14297391385437,27.7777777777778,0.2,-0.149573835039092,-2.75815134733231,-2.76414614878315,0.00599480145084197,-2.29684827262854,-1.2758916309315
4.47,-0.143133147369567,27.7777777777778,0.2,-0.149760232516346,-2.75362652594265,-2.76695442223795,0.0133278962952947,-2.29684958973574,-1.28278712721995
4.48,-0.143246926022595,27.7777777777778,0.2,-0.149893420896088,-2.74555312838004,-2.7696704455373,0.0241173171572582,-2.29684959213897,-1.28945611045166
4.49,-0.14331520938844,27.7777777777778,0.2,-0.149973352857121,-2.73329601578706,-2.77230090180667,0.0390048860196157,-2.32885905315549,-1.29591499051958
4.5,-0.143337973206346,27.7777777777778,0.2,-0.15,-2.71353494148158,-2.77488168663425,0.0613467451526728,-2.33879935915288,-1.30225190623893
4.51,-0.14331520938844,27.7777777777778,0.2,-0.149973352857121,-2.68919127236007,-2.77737688622287,0.0881856138628012,-2.2892493453882,-1.30837867408374
4.52,-0.143246926022595,27.7777777777778,0.2,-0.149893420896088,-2.66061964962301,-2.7797817276738,0.119162078050789,-2.49094114403247,-1.31428357457374
4.53,-0.143133147369567,27.7777777777778,0.2,-0.149760232516346,-2.63053058034057,-2.78206490191999,0.151534321579414,-0.653405762519792,-1.31988973073835
4.54,-0.14297391385437,27.7777777777778,0.2,-0.149573835039092,-2.60682781786856,-2.78413778464532,0.177309966776765,0.145837881725059,-1.32497953248631
4.55,-0.142769282051913,27.7777777777778,0.2,-0.149334294690462,-2.57930728883262,-2.78612140114305,0.206814112310433,6.51700214766548,-1.32985014797942
4.56,-0.142519324666902,27.7777777777778,0.2,-0.149041696578001,-2.61024122351324,-2.78730766309357,0.177066439580337,0.400440931235436,-1.33276292161371
4.57,-0.142224130508005,27.7777777777778,0.2,-0.148696144660426,-2.59239445174918,-2.78893744992693,0.196542998177751,-6.51700214766548,-1.33676473598161
4.58,-0.1418838044563,27.7777777777778,0.2,-0.148297761710687,-2.52656226952371,-2.79097908025296,0.264416810729252,6.35714507609494,-1.34177779990227
4.59,-0.141498467428015,27.7777777777778,0.2,-0.14784668927235,-2.55504019720134,-2.79180415406887,0.236763956867532,2.33074765068029,-1.34380370426198
4.6,-0.14106825633156,27.7777777777778,0.2,-0.147343087609303,-2.53872846068443,-2.79302269521439,0.254294234529963,-5.50056920285787,-1.34679573694026
4.61,-0.140593324018889,27.7777777777778,0.2,-0.146787135648821,-2.50717702095262,-2.79428201454299,0.287104993590368,6.51700214766548,-1.34988789726444
4.62,-0.140073839231192,27.7777777777778,0.2,-0.146179030917987,-2.58292248576041,-2.79419009908136,0.211267613320955,1.24629500844373,-1.34966220602221
4.63,-0.139509986538939,27.7777777777778,0.2,-0.145518989473516,-2.57957489523529,-2.79489123937857,0.215316344143279,6.51700214766548,-1.35138380129948
4.64,-0.138901966276308,27.7777777777778,0.2,-0.144807245824991,-2.67622524193446,-2.7943201455299,0.118094903595434,-6.51700214766548,-1.34998152492673
4.65,-0.138249994470003,27.7777777777778,0.2,-0.144044052851541,-2.60691744075682,-2.79553745859192,0.188620017835106,6.51700214766548,-1.35297054214184
4.66,-0.137554302762502,27.7777777777778,0.2,-0.143229681711996,-2.67231611305741,-2.7950417206879,0.12272560763049,-3.06738310694525,-1.35175329640981
4.67,-0.136815138329756,27.7777777777778,0.2,-0.142364421748544,-2.6126653851881,-2.79585559651131,0.183190211323216,6.02780939737009,-1.35375170497292
4.68,-0.136032763793369,27.7777777777778,0.2,-0.14144858038393,-2.67394588333369,-2.79511350963701,0.121167626303326,-2.43301311235671,-1.35192956857137
4.69,-0.135207457127287,27.7777777777778,0.2,-0.140482483012229,-2.62206852174948,-2.79554189850092,0.173473376751434,6.51700214766548,-1.35298144399185
4.7,-0.134339872864907,27.7777777777778,0.2,-0.139466472883238,-2.7332437650362,-2.79391953805426,0.0606757730180649,-1.6185106225854,-1.34899786453688
4.71,-0.133430318372547,27.7777777777778,0.2,-0.138400910980517,-2.68878096918095,-2.79398430192854,0.105203332747584,-1.73519201655132,-1.34915688717547
4.72,-0.132478790071911,27.7777777777778,0.2,-0.137286175893138,-2.6537943201452,-2.79375856193336,0.139964241788166,0.129421129652558,-1.34860260023585
4.73,-0.131485626036474,27.7777777777778,0.2,-0.136122663681168,-2.62134799814481,-2.79333203284963,0.17198403470482,2.95460374477489,-1.34755529136042
4.74,-0.130451179132688,27.7777777777778,0.2,-0.134910787734956,-2.63259341434826,-2.79222482610621,0.159631411757948,6.51700214766548,-1.3448366316171
4.75,-0.129375816894614,27.7777777777778,0.2,-0.133650978628255,-2.73228499559414,-2.78992019404263,0.0576351984484864,-1.09520090460574,-1.33917778745663
4.76,-0.128259921393334,27.7777777777778,0.2,-0.132343683965243,-2.68956466982323,-2.78917038969811,0.0996057198748854,6.4815681212111,-1.33733670140929
4.77,-0.127103889101205,27.7777777777778,0.2,-0.130989368221488,-2.73298771892587,-2.78720147836976,0.0542137594438858,0.300287056138215,-1.33250219331187
4.78,-0.125905854877481,27.7777777777778,0.2,-0.129588512578925,-2.69928809157303,-2.78599649909504,0.0867084075220186,1.60313596714543,-1.32954346074889
4.79,-0.124662792747545,27.7777777777778,0.2,-0.128141614754894,-2.64335132125518,-2.78485908375127,0.141507762496098,6.51700214766548,-1.32675062614511
4.8,-0.123380616408622,27.7777777777778,0.2,-0.126649188825302,-2.69821040072969,-2.78218433347642,0.0839739327467299,0.854297568182435,-1.32018298560379
4.81,-0.122059781411861,27.7777777777778,0.2,-0.125111765041976,-2.67116522734932,-2.78035060029808,0.109185372948754,2.12092356675242,-1.31568039690335
4.82,-0.120700757043647,27.7777777777778,0.2,-0.123529889644264,-2.65766657674051,-2.77815704625729,0.120490469516782,5.9939098600045,-1.31029429615843
4.83,-0.119304026158867,27.7777777777778,0.2,-0.121904124664964,-2.70275050698912,-2.77505450289263,0.0723039959035128,1.46673617589433,-1.30267624307344
4.84,-0.117870085009354,27.7777777777778,0.2,-0.120235047730631,-2.70109036060571,-2.7723598935111,0.0712695329053936,3.03950274634681,-1.29605984004563
4.85,-0.116391193198243,27.7777777777778,0.2,-0.118523251856354,-2.70203727923122,-2.76942249786754,0.0673852186363182,0.143117949406926,-1.28884729430037
4.86,-0.114874574758135,27.7777777777778,0.2,-0.116769345235053,-2.68600237393483,-2.76650492717139,0.0805025532365602,1.78594368642219,-1.28168342716616
4.87,-0.113322081633007,27.7777777777778,0.2,-0.114973951021402,-2.6486307992202,-2.76365416333439,0.115023364114188,4.49724325076949,-1.27468359906048
4.88,-0.111734265416272,27.7777777777778,0.2,-0.113137707110416,-2.65774847502929,-2.7599934524627,0.102244977433409,6.51700214766548,-1.26569500922574
4.89,-0.110111690251473,27.7777777777778,0.2,-0.111261265910811,-2.71255864627407,-2.75554653821955,0.0429878919454718,1.6444683156399,-1.2547759583739
4.9,-0.108455266546887,27.7777777777778,0.2,-0.109345294113212,-2.69716582400389,-2.75182764374474,0.054661819740855,1.88254773802084,-1.24564450324284
4.91,-0.106765912114482,27.7777777777778,0.2,-0.107390472453275,-2.66417809852482,-2.74812430687065,0.0839462083458367,3.18899526751531,-1.2365512485861
4.92,-0.105043583899244,27.7777777777778,0.2,-0.105397495469827,-2.65686954808196,-2.74382034011238,0.0869507920304238,1.68632108691839,-1.22606484733835
4.93,-0.103288893836187,27.7777777777778,0.2,-0.103367071258102,-2.65226788968086,-2.73730435280896,0.0850364631281089,0.762056366357676,-1.21496183205885
4.94,-0.101502465358335,27.7777777777778,0.2,-0.101299921218154,-2.62099356018959,-2.7310018254675,0.110008265277903,6.51700214766548,-1.20422254511533
4.95,-0.09964349532528,27.7777777777778,0.2,-0.0991967797985477,-2.65348191325063,-2.72299752618628,0.0695156129356524,5.36379690800121,-1.19058349809409
4.96,-0.0976851866323386,27.7777777777778,0.2,-0.0970583942354167,-2.70059747602505,-2.71420381340974,0.0136063373846871,1.10198899340054,-1.1755993179883
4.97,-0.095695297539351,27.7777777777778,0.2,-0.0948855242869687,-2.67965279531807,-2.70648228464022,0.0268294893221515,2.06610951555033,-1.16244210206432
4.98,-0.0936745350444367,27.7777777777778,0.2,-0.0926789419635501,-2.64362744627593,-2.6987188953426,0.0550914490666639,0.808215956091047,-1.14921355725929
4.99,-0.0916236171148884,27.7777777777778,0.2,-0.0904394312533537,-2.59126075853921,-2.69094086539935,0.0996801068601383,2.07967018555309,-1.13596006530435
5,-0.0895440195820557,27.7777777777778,0.2,-0.088167787843871,-2.5355863033853,-2.68286717648486,0.147280873099557,6.51700214766548,-1.12220278076629
5.01,-0.0874359264004495,27.7777777777778,0.2,-0.0858648188391887,-2.62907820677321,-2.67133051683697,0.0422523100637666,-2.53694869680505,-1.10254471478484
5.02,-0.0852999073717438,27.7777777777778,0.2,-0.0835313424732281,-2.58000949262784,-2.6625231433013,0.0825136506734641,-1.36011828977139,-1.08753725722157
5.03,-0.0831367214133292,27.7777777777778,0.2,-0.0811681878190314,-2.50275170414576,-2.65395317368455,0.151201469538782,2.1611415215343,-1.07293432766249
5.04,-0.080902543462458,27.7777777777778,0.2,-0.0787761944941944,-2.4540776842848,-2.64423419985191,0.190156515567107,6.51700214766548,-1.05637353496294
5.05,-0.078599158222854,27.7777777777778,0.2,-0.0763562123625558,-2.58040615079691,-2.63027028359891,0.0498641328019982,-4.02509839499503,-1.03257950831752
5.06,-0.0762699510838678,27.7777777777778,0.2,-0.0739091012322436,-2.48500826355483,-2.62090998030134,0.135901716746507,-2.75257634235254,-1.01662987770986
5.07,-0.0739157496017055,27.7777777777778,0.2,-0.0714357305501908,-2.31221488593221,-2.61283263024738,0.300617744315169,6.51700214766548,-1.00286635471773
5.08,-0.0714986047188558,27.7777777777778,0.2,-0.0689369790932231,-2.38657682449866,-2.59702633603441,0.210449511535748,-6.51700214766548,-0.978792114462809
5.09,-0.0690048690778225,27.7777777777778,0.2,-0.0664137346558352,-2.27882653802918,-2.57311128939653,0.294284751367348,6.51700214766548,-0.961035674527412
5.1,-0.0664878129088608,27.7777777777778,0.2,-0.0638668937347608,-2.40193953500291,-2.53634015126771,0.134400616264801,-6.51700214766548,-0.933733845874223
5.11,-0.0639483305100427,27.7777777777778,0.2,-0.0612973612104523,-2.23318923962123,-2.51441286704557,0.281223627424343,2.34363513594299,-0.917453279453747
5.12,-0.0613876667731941,27.7777777777778,0.2,-0.0587060500255804,-2.02514731404913,-2.49347269711057,0.468325383061444,6.51700214766548,-0.901905625488529
5.13,-0.0588067380379423,27.7777777777778,0.2,-0.0560938808606701,-2.10769422954051,-2.45615150503471,0.348457275494198,6.51700214766548,-0.874195392870264
5.14,-0.056206117766892,27.7777777777778,0.2,-0.0534617818069877,-2.3163399302971,-2.41182658640862,0.0954866561115275,-5.18393864839223,-0.841285034502878
5.15,-0.0535867299480421,27.7777777777778,0.2,-0.0508106880367936,-2.18078363293123,-2.38576020322052,0.204976570289291,0.305809707352335,-0.821931270555818
5.16,-0.0508523890002166,27.7777777777778,0.2,-0.0481415414710815,-2.00600601746739,-2.36005078558955,0.354044768122159,6.51700214766548,-0.802842546337516
5.17,-0.0480578907493967,27.7777777777778,0.2,-0.0454552904449162,-2.08475497602252,-2.31922211375855,0.234467137736025,6.51700214766548,-0.772528080721511
5.18,-0.0452465916556332,27.7777777777778,0.2,-0.0427528893704965,-2.28490180141145,-2.27150235734139,-0.0133994440700604,-6.51700214766548,-0.737097123743538
5.19,-0.0424194905601077,27.7777777777778,0.2,-0.0400352983980563,-2.0312259994112,-2.23184849881573,0.200622499404532,6.51700214766548,-0.720123057959532
5.2,-0.0395780623170926,27.7777777777778,0.2,-0.0373034830747282,-2.08370617963897,-2.15784985772113,0.0741436780821574,3.00355202230712,-0.689563128804349
5.21,-0.0367228547106949,27.7777777777778,0.2,-0.0345584140014886,-2.15616822827998,-2.08132333736553,-0.0748448909144463,-6.51700214766548,-0.657959237084635
5.22,-0.0338548760248897,27.7777777777778,0.2,-0.0318010664883082,-1.86273671612577,-2.04095691136014,0.178220195234369,6.51700214766548,-0.641288726643835
5.23,-0.0309601006213987,27.7777777777778,0.2,-0.029032420207629,-1.79940100977099,-1.97466145492384,0.175260445152846,3.02606875065813,-0.613910055602918
5.24,-0.0280264316258624,27.7777777777778,0.2,-0.0262534588462914,-1.81210011781175,-1.89943969972555,0.0873395819137954,6.51700214766548,-0.582845005275179
5.25,-0.0250829156171543,27.7777777777778,0.2,-0.0234651697560347,-1.94763412590055,-1.81111190524957,-0.136522220650986,-6.51700214766548,-0.546367428096853
5.26,-0.0221305984124965,27.7777777777778,0.2,-0.0206685436026958,-1.746367573457,-1.75724918135708,0.0108816079000837,6.51700214766548,-0.524123221961293
5.27,-0.0191372325419964,27.7777777777778,0.2,-0.0178645740142303,-1.7819004215962,-1.67679805335924,-0.105102368236955,0.437377452669972,-0.490898547349696
5.28,-0.016126642951686,27.7777777777778,0.2,-0.0150542572276823,-1.7625946554283,-1.57812501629945,-0.184469639128843,0.672419875881995,-0.459847911786639
5.29,-0.0131103234883547,27.7777777777778,0.2,-0.0122385917352237,-1.68030879603848,-1.48685039176145,-0.193458404277026,-6.51700214766548,-0.431214040356493
5.3,-0.0100893709667203,27.7777777777778,0.2,-0.00941857792939712,-1.42828322314632,-1.41730799064244,-0.0109752325038757,-6.51700214766548,-0.409397810679687
5.31,-0.00706493049815396,27.7777777777778,0.2,-0.00659521774767963,-1.12780465368202,-1.35233662109889,0.224531967416875,6.51700214766548,-0.38901556477545
5.32,-0.00403797989342238,27.7777777777778,0.2,-0.00376951431650056,-1.17379445022597,-1.23806361458008,0.0642691643541169,-0.16724592870035,-0.353166843477961
5.33,-0.00100959461366198,27.7777777777778,0.2,-0.000942471594833821,-1.22036363022023,-1.12462389737429,-0.0957397328459326,-6.51700214766548,-0.317579534365665
5.34,0.00201914937025734,27.7777777777778,0.2,0.00188490598250287,-1.085113470758,-1.03654921702592,-0.0485642537320758,-6.51700214766548,-0.289949521247436
5.35,0.00504717596001998,27.7777777777778,0.2,0.00471161386171931,-0.798297188481268,-0.968329456329329,0.170032267848061,6.51700214766548,-0.268548218676552
5.36,0.0080734093121966,27.7777777777778,0.2,0.00753664772696546,-0.917485403268967,-0.835262085800305,-0.0822233174686617,-6.51700214766548,-0.229120348949151
5.37,0.0110967897376916,27.7777777777778,0.2,0.0103590038571609,-0.804961728664728,-0.730347239225601,-0.0746144894391269,6.51700214766548,-0.200341206850165
5.38,0.0141163338464062,27.7777777777778,0.2,0.0131776794826114,-0.909694515475266,-0.590179747098551,-0.319514768376715,-6.51862586066548,-0.16189192817052
5.39,0.0171308623353527,27.7777777777778,0.2,0.0159916731412889,-0.808322654815489,-0.484479177962865,-0.323843476852623,4.37388460933872,-0.132897254886281
5.4,0.0201393041569133,27.7777777777778,0.2,0.0187999850346458,-0.77498457300021,-0.367196801524735,-0.407787771475475,-6.51700214766548,-0.100725581501462
5.41,0.0231156173686553,27.7777777777778,0.2,0.0216016173828378,-0.363009606172026,-0.310513311988263,-0.0524962941837629,2.63379756199351,-0.0851767602116646
5.42,0.0260651172439278,27.7777777777778,0.2,0.0243955747792324,-0.0557267347883999,-0.234518811408555,0.178792076620156,-6.51700214766548,-0.0643307445872922
5.43,0.0290054669516895,27.7777777777778,0.2,0.0271808645440705,0.346532386638291,-0.172370420302627,0.518902806940918,6.51700214766548,-0.0472828487245522
5.44,0.0319356217996902,27.7777777777778,0.2,0.0299564970771611,0.309341257139403,-0.0396345864593139,0.348975843598717,6.51700214766548,-0.0108721447248647
5.45,0.0348122251184303,27.7777777777778,0.2,0.0327214862094814,0.0039151946815465,0.130962141386627,-0.127046946705081,-6.51700214766548,0.0359241632581488
5.46,0.0376760597810343,27.7777777777778,0.2,0.0354748495535587,0.19861568115441,0.218508483129909,-0.0198928019754982,6.51700214766548,0.0599389589856756
5.47,0.0405267846950081,27.7777777777778,0.2,0.0382156088525073,0.18265997645175,0.340171336170434,-0.157511359718684,-6.51700214766548,0.0933122388420045
5.48,0.0433635514781076,27.7777777777778,0.2,0.0409427903275988,0.23850115193822,0.448457504573055,-0.209956352634835,6.51700214766548,0.123016166642107
5.49,0.0461854965759568,27.7777777777778,0.2,0.0436554250242408,0.0431432612676216,0.595453513192014,-0.552310251924392,-6.51700214766548,0.163338572461159
5.5,0.0489913060835967,27.7777777777778,0.2,0.0463525491562421,0.166826240115419,0.689449759849627,-0.522623519734208,-6.51862586066548,0.189122638564756
5.51,0.0517799831102694,27.7777777777778,0.2,0.0490332044482413,0.510421470888021,0.750196881164481,-0.23977541027646,4.51194209056724,0.205786152771772
5.52,0.0544618871897619,27.7777777777778,0.2,0.0516964384761777,0.553487760276997,0.857246007466399,-0.303758247189403,6.51700214766548,0.235150748136467
5.53,0.0570751222430658,27.7777777777778,0.2,0.0543413050056818,0.453583158999855,0.972756848868692,-0.519173689868836,-6.51862586066548,0.269937141275627
5.54,0.059669280995418,27.7777777777778,0.2,0.0569668643282701,0.797053552185427,1.02185647288168,-0.224802920696249,6.51700214766548,0.285340242941314
5.55,0.0622434417545661,27.7777777777778,0.2,0.059572183595217,0.897473229419547,1.10560191320206,-0.208128683782515,-6.51700214766548,0.31161212500199
5.56,0.0647972609113104,27.7777777777778,0.2,0.0621563371489927,1.21010841416965,1.15964610709447,0.0504623070751791,6.51700214766548,0.328566393587525
5.57,0.0673293677650458,27.7777777777778,0.2,0.0647184068521439,1.23246446958603,1.25359890187708,-0.0211344322910529,1.62297461314969,0.358040437002385
5.58,0.0698387493884914,27.7777777777778,0.2,0.0672574824135049,1.18758265125366,1.35417053909194,-0.166587887838281,0.896571519425787,0.389590885378435
5.59,0.072324514210305,27.7777777777778,0.2,0.0697726617116187,1.21162701557849,1.44345565994375,-0.231828644365255,-6.51700214766548,0.417600627232056
5.6,0.0747032091259231,27.7777777777778,0.2,0.0722630511152573,1.34103770681886,1.51575622616375,-0.174718519344898,-6.51700214766548,0.440282124175475
5.61,0.0770491716653055,27.7777777777778,0.2,0.0747277658009236,1.58901749665974,1.57191917775732,0.0170983189024267,4.17503950839429,0.457901070768873
5.62,0.0793698630081494,27.7777777777778,0.2,0.0771659300672259,1.61970624648376,1.65655930289564,-0.0368530564118763,1.88998445279155,0.484453625471885
5.63,0.081664458623871,27.7777777777778,0.2,0.07957667764601,1.67405640768032,1.72181528733607,-0.0477588796557502,1.88581506382565,0.509489746603414
5.64,0.0838607547002649,27.7777777777778,0.2,0.0819591520101403,1.74861741690067,1.77833983606728,-0.0297224191666074,6.51700214766548,0.532833232094534
5.65,0.0860149699410039,27.7777777777778,0.2,0.0843125066778197,1.61955255176476,1.85383162069737,-0.23427906893261,-6.51700214766548,0.564009799068848
5.66,0.0881417641937072,27.7777777777778,0.2,0.0866359055133401,1.78711504909536,1.89817774513233,-0.111062696036969,4.64073731068393,0.582323843772814
5.67,0.0902403818185044,27.7777777777778,0.2,0.0889285230241588,1.78838434019875,1.95865572696907,-0.17027138677032,-6.51700214766548,0.607300016484097
5.68,0.0923105622658835,27.7777777777778,0.2,0.0911895446541907,2.04141684620386,1.9935839187191,0.0478329274847524,6.51700214766548,0.621724647120695
5.69,0.094351508824685,27.7777777777778,0.2,0.0934181670732169,1.99543960079979,2.05752422749088,-0.0620846266910899,1.61967977624781,0.648130690222594
5.7,0.0963620594232914,27.7777777777778,0.2,0.0956135984623035,1.98179036237326,2.11660865091014,-0.134818288536884,6.51700214766548,0.672531351736892
5.71,0.0983414997226488,27.7777777777778,0.2,0.0977750587951318,1.85356801211098,2.18523012701908,-0.331662114908105,-6.51700214766548,0.700870621450405
5.72,0.100289126437044,27.7777777777778,0.2,0.0999017801151377,2.1429357722554,2.21264650922732,-0.0697107369719192,6.51700214766548,0.71219302799168
5.73,0.10210142905812,27.7777777777778,0.2,0.101993006808363,2.15921985363967,2.26501569560528,-0.105795841965617,-6.51700214766548,0.733820433602809
5.74,0.103877348035392,27.7777777777778,0.2,0.104047995871921,2.3317693079824,2.28739986518518,0.0443694427972181,6.51862586066548,0.748900702779996
5.75,0.105621319522895,27.7777777777778,0.2,0.106066017177982,2.25681786190555,2.32035607400594,-0.0635382121003936,-6.51700214766548,0.77337002334144
5.76,0.107332723895862,27.7777777777778,0.2,0.108046353733186,2.40291725698886,2.34106201883755,0.0618552381513129,1.94764271380881,0.788743769890007
5.77,0.10901095310047,27.7777777777778,0.2,0.109988301933384,2.47741531214514,2.36518617535107,0.112229136794071,2.59678205086999,0.806655469691838
5.78,0.110656375410958,27.7777777777778,0.2,0.111891171813627,2.47359423042273,2.39277320174527,0.0808210286774513,-1.55307028956345,0.827138280559073
5.79,0.11226742770885,27.7777777777778,0.2,0.113754287293308,2.56722124775141,2.41473641079903,0.152484836952379,6.51862586066548,0.843445520442679
5.8,0.113843531628654,27.7777777777778,0.2,0.115576986416368,2.4429069689203,2.44725342952792,-0.00434646060761956,-6.51700214766548,0.867588751216191
5.81,0.115384127188152,27.7777777777778,0.2,0.117358621586488,2.58236271749473,2.46552541941858,0.116837298076148,4.0915911413148,0.881155335296346
5.82,0.116888667021076,27.7777777777778,0.2,0.119098559797175,2.61831837652614,2.48880649734303,0.129511879183102,-3.83935389372845,0.898441066244578
5.83,0.11835216868753,27.7777777777778,0.2,0.120796182856668,2.71343447991823,2.50852590333094,0.204908576587283,5.50286709598954,0.913082327593046
5.84,0.119773762374326,27.7777777777778,0.2,0.122450887607578,2.70660391490972,2.53282430081426,0.173779614095462,6.51700214766548,0.931123397801765
5.85,0.121157978901348,27.7777777777778,0.2,0.124062086141184,2.59071196818564,2.56163400967323,0.0290779585124024,-1.73101103224886,0.952514025746448
5.86,0.122504326463055,27.7777777777778,0.2,0.125629206006321,2.64886724765589,2.5812117546844,0.0676554929714897,1.90849481022447,0.967050106675957
5.87,0.123812326708569,27.7777777777778,0.2,0.127151690412762,2.72329311449123,2.59966178785051,0.123631326640724,2.09887436633413,0.98074888429829
5.88,0.12508151491163,27.7777777777778,0.2,0.128628998429048,2.70850416541954,2.60956021506041,0.098943950359129,6.51700214766548,0.997290273284506
5.89,0.126311104937833,27.7777777777778,0.2,0.130060605174673,2.59590589413683,2.6209679739999,-0.0250620798630705,-1.62108658339738,1.0167286969511
5.9,0.127493667779978,27.7777777777778,0.2,0.13144600200658,2.66472150728029,2.62834515380863,0.0363763534716646,1.99035333711443,1.02929915424665
5.91,0.128636366077535,27.7777777777778,0.2,0.132784696699868,2.76038300367183,2.63506155660858,0.125321447063247,6.51700214766548,1.04074367054767
5.92,0.12973879383524,27.7777777777778,0.2,0.13407621362269,2.7134135169913,2.64449710089159,0.068916416099706,0.0206841940078659,1.05682150917232
5.93,0.13080055936576,27.7777777777778,0.2,0.13532009390523,2.74878936882189,2.65201614177486,0.0967732270470334,1.97095095973387,1.06963369279495
5.94,0.131821285428857,27.7777777777778,0.2,0.136515895602749,2.79404400783553,2.65916332922847,0.134880678607064,6.51700214766548,1.08181225113272
5.95,0.132800609365423,27.7777777777778,0.2,0.137663193852597,2.71197160353446,2.66860336789543,0.0433682356390257,-1.04840964294298,1.09789774803101
5.96,0.133738183226325,27.7777777777778,0.2,0.138761581025169,2.74262210118096,2.67555895864645,0.0670631425345074,2.11324914243328,1.10974983226482
5.97,0.134633673896035,27.7777777777778,0.2,0.139810666868732,2.7926286315593,2.68197552819555,0.110653103363747,5.79294255012256,1.12068344315571
5.98,0.135487311798222,27.7777777777778,0.2,0.140810078648081,2.75914791680172,2.68981533856572,0.0693325782360037,6.51700214766548,1.13404220680504
5.99,0.13629833958407,27.7777777777778,0.2,0.141759461276971,2.70279352651073,2.69782864734387,0.00496487916686439,0.976074487741902,1.14769660569505
6,0.137066340882411,27.7777777777778,0.2,0.142658477444273,2.72027043109467,2.70420841898431,0.0160620121103636,2.19279333146384,1.15856751423203
6.01,0.137791042826039,27.7777777777778,0.2,0.143506807733825,2.75218959246071,2.71014614603993,0.0420434464207862,2.19501339793847,1.16868519420195
6.02,0.138472187931805,27.7777777777778,0.2,0.144304150737913,2.78929356195773,2.71582121580729,0.0734723461504334,2.19501744874707,1.17835531530643
6.03,0.139109534192096,27.7777777777778,0.2,0.145050223164365,2.80869439209313,2.72165430581018,0.0870400862829439,2.01760823731619,1.18829469738515
6.04,0.139702855160821,27.7777777777778,0.2,0.145744759937201,2.82199034895447,2.72740327968893,0.0945870692655464,2.15998780279067,1.19809074851982
6.05,0.140251940033864,27.7777777777778,0.2,0.146387514290812,2.84172070425574,2.73283866523631,0.108882039019426,2.21874401957126,1.20735245606657
6.06,0.140756593723986,27.7777777777778,0.2,0.146978257857637,2.85901526311995,2.73812444846561,0.120890814654341,6.51700214766548,1.21635924647702
6.07,0.141216636930132,27.7777777777778,0.2,0.147516780749299,2.77403380796208,2.74469607083605,0.0293377371260313,-0.71757750541563,1.22813348256966
6.08,0.141631906201142,27.7777777777778,0.2,0.14800289163118,2.80671951422989,2.74785091484913,0.0588685993807556,2.19741958089326,1.23587995581491
6.09,0.142002253993821,27.7777777777778,0.2,0.148436417790398,2.82009762920723,2.75112817409838,0.0689694551088418,6.51700214766548,1.24392701011833
6.1,0.142327548725363,27.7777777777778,0.2,0.148817205197172,2.74831785769847,2.75530270944244,-0.00698485174397856,1.42406722918626,1.25417725584205
6.11,0.142607674820097,27.7777777777778,0.2,0.14914511855955,2.75682089998632,2.75833281940572,-0.00151191941939466,2.2576600507766,1.26161745436321
6.12,0.142842532750557,27.7777777777778,0.2,0.149420041371476,2.76614453524243,2.76122847435699,0.00491606088544305,2.25918105251521,1.26872750909634
6.13,0.143032039072838,27.7777777777778,0.2,0.149641875954184,2.76935942495589,2.76407007625319,0.00528934870269993,2.25918382778658,1.27570484077146
6.14,0.143176126456246,27.7777777777778,0.2,0.149810543490903,2.76648209181929,2.7668528204015,-0.000370728582207658,2.25918383285043,1.28253765184037
6.15,0.143274743707219,27.7777777777778,0.2,0.14992598405486,2.75775159733349,2.76957001566209,-0.0118184183286028,2.25918383285967,1.28920951273143
6.16,0.143327855787519,27.7777777777778,0.2,0.149988156630572,2.74336456776557,2.77221640216933,-0.0288518344037594,2.25918383285969,1.2957075082551
6.17,0.143335443826676,27.7777777777778,0.2,0.149997039128421,2.7234509526808,2.77478829036135,-0.0513373376805517,2.25918383285969,1.3020225789802
6.18,0.143297505128695,27.7777777777778,0.2,0.149952628392495,2.7013449366192,2.77724540521987,-0.0759004686006648,2.94489995708135,1.30805583274269
6.19,0.143214053173016,27.7777777777778,0.2,0.149854940201719,2.66584397613994,2.77971881373709,-0.113874837597145,2.42719253463695,1.31412909431244
6.2,0.14308511760972,27.7777777777778,0.2,0.149704009264241,2.63702363743517,2.78197123285391,-0.144947595418736,-6.51700214766548,1.31965973365726
6.21,0.142910744249,27.7777777777778,0.2,0.149499889205104,2.64258095471319,2.78369382409566,-0.141112869382475,6.51700214766548,1.3238894220068
6.22,0.142690995044881,27.7777777777778,0.2,0.149242652547195,2.55652943702727,2.78633816783355,-0.229808730806276,-4.85060383138565,1.33038240166976
6.23,0.142425948073208,27.7777777777778,0.2,0.148932390685472,2.55517149690857,2.78786034240069,-0.232688845492116,-3.72009761634775,1.33411998251689
6.24,0.142115697503908,27.7777777777778,0.2,0.148569213854498,2.55694720347807,2.78922498267444,-0.232277779196371,3.23208069869412,1.33747075020181
6.25,0.141760353567531,27.7777777777778,0.2,0.148153251089271,2.52473888314787,2.79085529504005,-0.266116411892185,-0.428283534254241,1.34147385497315
6.26,0.141360042516086,27.7777777777778,0.2,0.147684650179381,2.52951832422664,2.79192962076357,-0.262411296536937,-0.508041016706212,1.34411177793841
6.27,0.140914906578183,27.7777777777778,0.2,0.1471635776165,2.55075061784795,2.79269706979916,-0.241946451951201,3.60840471789075,1.34599618914751
6.28,0.140425103908501,27.7777777777778,0.2,0.146590218535229,2.51709375642516,2.79397042364541,-0.276876667220248,-3.34282730887779,1.34912281013443
6.29,0.139890808531597,27.7777777777778,0.2,0.145964776647319,2.52580342092428,2.7946241984721,-0.268820777547819,-1.32502631553703,1.35072810319562
6.3,0.139312210280075,27.7777777777778,0.2,0.145287474169295,2.53741583675756,2.79511783008839,-0.257701993330836,-6.50214423430457,1.35194017710253
6.31,0.138689514727136,27.7777777777778,0.2,0.144558551743501,2.61645418741447,2.79471776004427,-0.178263572629799,4.57017220152744,1.3509578363338
6.32,0.138022943113548,27.7777777777778,0.2,0.143778268352606,2.53296905112978,2.79606147558432,-0.263092424454543,-6.51700214766548,1.35425722496827
6.33,0.137312732269029,27.7777777777778,0.2,0.142946901227583,2.65654143666149,2.79485616857752,-0.138314731916025,4.85575770773204,1.3512976876847
6.34,0.136559134528112,27.7777777777778,0.2,0.142064745749212,2.65334265909283,2.79501398116817,-0.141671322075339,-0.985410090090439,1.35168518418411
6.35,0.135762417640485,27.7777777777778,0.2,0.141132115343134,2.68092681741157,2.79466253848924,-0.113735721077668,5.84386117880443,1.35082224411536
6.36,0.134922864675864,27.7777777777778,0.2,0.140149341368492,2.58488977337565,2.79559421141711,-0.210704438041468,-6.51700214766548,1.35310989427466
6.37,0.134041372046904,27.7777777777778,0.2,0.139116773000199,2.63660349400626,2.79462476859445,-0.158021274588193,0.656023600251099,1.35072950308656
6.38,0.133117789639546,27.7777777777778,0.2,0.138034777104881,2.63734375449538,2.79411290957059,-0.156769155075205,-6.51700214766548,1.34947267320298
6.39,0.132152344463884,27.7777777777778,0.2,0.136903738110525,2.68482464040647,2.79290312750126,-0.108078487094786,-3.68118418588222,1.34650214775266
6.4,0.131145379537991,27.7777777777778,0.2,0.135724057869903,2.72846207078738,2.79158901647933,-0.0631269456919439,-0.597033907190471,1.34327545070188
6.41,0.130097252631711,27.7777777777778,0.2,0.134496155517785,2.68401663070531,2.79115864044773,-0.107142009742418,-3.57626668768664,1.34221869594624
6.42,0.129008336139542,27.7777777777778,0.2,0.133220467322032,2.69017342474681,2.78994204070648,-0.0997686159596722,-0.556644626022914,1.33923143023462
6.43,0.12787901694833,27.7777777777778,0.2,0.131897446528584,2.63824171682349,2.78924819706562,-0.151006480242132,-0.269642284736068,1.33752775132752
6.44,0.126709696299804,27.7777777777778,0.2,0.130527563200429,2.58820416742181,2.78834151760957,-0.200137350187756,-6.51700214766548,1.33530147068758
6.45,0.125495874407677,27.7777777777778,0.2,0.129111304050592,2.70006917188213,2.78530164848206,-0.0852324765999284,1.69346068327663,1.32783730930032
6.46,0.124239724445853,27.7777777777778,0.2,0.127649172269204,2.71042835482695,2.78334721258259,-0.0729188577556434,1.74256375282304,1.32303834448875
6.47,0.122944610589196,27.7777777777778,0.2,0.126141687344725,2.64520957272236,2.7821334029492,-0.13692383022684,-2.45638409673904,1.32005792966921
6.48,0.121610992985493,27.7777777777778,0.2,0.124589384879372,2.63786216191765,2.78000179971392,-0.142139637796275,-2.3833630483653,1.3148239442921
6.49,0.120239345462727,27.7777777777778,0.2,0.122992816398818,2.66992507129068,2.77720740475565,-0.107282333464974,-0.825402512228035,1.30796252556867
6.5,0.118830155360733,27.7777777777778,0.2,0.121352549156242,2.65840901686943,2.77477698270753,-0.1163679658381,-1.49974534555027,1.30199481391878
6.51,0.117382075149971,27.7777777777778,0.2,0.119669165930786,2.62998078232051,2.77236100831969,-0.142380225999182,-6.51700214766548,1.29606257737112
6.52,0.115889673320886,27.7777777777778,0.2,0.117943264820493,2.69479148782645,2.76855732425227,-0.0737658364258205,0.228694644158641,1.28672292801302
6.53,0.114361036147094,27.7777777777778,0.2,0.11617545902981,2.70330818351103,2.76529266483709,-0.0619844813260584,-1.05987058386292,1.27870681161879
6.54,0.112796706746105,27.7777777777778,0.2,0.114366376651717,2.67388938064741,2.76231514667648,-0.0884257660290655,-1.8047603388431,1.27139574816438
6.55,0.111197240916705,27.7777777777778,0.2,0.112516660444569,2.64093025431642,2.75916675777667,-0.118236503460257,-0.17837975641692,1.26366512494598
6.56,0.109563206941489,27.7777777777778,0.2,0.110626967603726,2.60358939399791,2.75586308919378,-0.152273695195865,-3.53551193828585,1.25555322458499
6.57,0.107895849450408,27.7777777777778,0.2,0.108697969528057,2.60276411907233,2.75186197576567,-0.149097856693337,-6.51700214766548,1.24572880284069
6.58,0.106195436483026,27.7777777777778,0.2,0.106730351581393,2.69692505689936,2.74640517833779,-0.0494801214384299,-3.11980233139943,1.23233006264798
6.59,0.104462252420086,27.7777777777778,0.2,0.104724812849021,2.69540116065984,2.74120810122001,-0.0458069405601704,-0.0581197180720587,1.22161368330362
6.6,0.102696913053633,27.7777777777778,0.2,0.102682065889303,2.65767419000029,2.73530680070491,-0.0776326107046201,-1.92425570252431,1.21155807288926
6.61,0.100900045600339,27.7777777777778,0.2,0.100602836480508,2.59542670193206,2.72954237288585,-0.134115670953788,-6.51700214766548,1.20173568877887
6.62,0.0989942778771505,27.7777777777778,0.2,0.0984878633629435,2.64668229846033,2.72096107954071,-0.0742787810803809,-0.42320282974716,1.18711346398126
6.63,0.0970253645163371,27.7777777777778,0.2,0.0963378979764878,2.64298273898418,2.71310676007286,-0.0701240210886804,-0.575384871506789,1.17372997733514
6.64,0.0950251051871332,27.7777777777778,0.2,0.094153704193605,2.65684869382628,2.70456145265781,-0.047712758831528,0.482787119993729,1.15916907130827
6.65,0.0929942105721546,27.7777777777778,0.2,0.0919360580479465,2.63278526687424,2.69647381440324,-0.063688547528999,-2.08950829650182,1.14538801758085
6.66,0.0909335303862897,27.7777777777778,0.2,0.0896857474586278,2.59484114026847,2.68831304645442,-0.093471906185949,-0.421402792292807,1.13148235340304
6.67,0.0888444711681321,27.7777777777778,0.2,0.0874035719502865,2.54650180458465,2.68002205922455,-0.133520254639904,-4.1018809515343,1.11735480010853
6.68,0.086726985653626,27.7777777777778,0.2,0.0850903423690135,2.53906126103518,2.67050988579406,-0.13144862475888,-6.51700214766548,1.10114638808713
6.69,0.0845818261752923,27.7777777777778,0.2,0.0827468805942645,2.60009578348813,2.65923087961644,-0.0591350961283097,5.02372624848828,1.08192735463966
6.7,0.0824097548980793,27.7777777777778,0.2,0.0803740192468496,2.53021217188124,2.65043472085811,-0.120222548976877,-2.24499530702431,1.06693900666615
6.71,0.0801376681918954,27.7777777777778,0.2,0.0779726013931064,2.44899472689271,2.6412714510535,-0.192276724160794,-6.51700214766548,1.05132511426378
6.72,0.0778255842621143,27.7777777777778,0.2,0.0755434802453643,2.51070963859858,2.62858328157538,-0.117873642976803,-6.51700214766548,1.02970491566232
6.73,0.0754879532800955,27.7777777777778,0.2,0.0730875188587997,2.59602293489986,2.61511203557754,-0.0190891006776774,0.426052218547346,1.00675038196187
6.74,0.073125605794997,27.7777777777778,0.2,0.0706055898247999,2.52683380765169,2.60477050574508,-0.0779366980933931,-2.33359356908019,0.989128775535025
6.75,0.0706700055410256,27.7777777777778,0.2,0.0680985749609319,2.4556964223009,2.58584914321951,-0.130152720918614,-2.11126589677999,0.970493274160748
6.76,0.0681683975291858,27.7777777777778,0.2,0.06556736499764,2.47832625064428,2.5549066371705,-0.0765803865262225,3.76119915195873,0.947519087305533
6.77,0.0656437661837759,27.7777777777778,0.2,0.0630128592617709,2.37603541819226,2.52977084335306,-0.153735425160793,-6.51700214766548,0.928856267202938
6.78,0.0630970084942917,27.7777777777778,0.2,0.0604359653570493,2.43501896769219,2.49524115749701,-0.0602221898048203,-3.25337882689138,0.903218671668425
6.79,0.0605296018951675,27.7777777777778,0.2,0.0578375988416096,2.46086211426761,2.46193072999509,-0.00106861572747441,4.87649064146046,0.878486350878246
6.8,0.0579420070744589,27.7777777777778,0.2,0.0552186829027017,2.33782199077348,2.43583820677727,-0.0980162160037854,-5.71135448668806,0.859113178486174
6.81,0.0553350279527457,27.7777777777778,0.2,0.0525801480286888,2.3295806114102,2.40259320588585,-0.0730125944756463,0.511720708973432,0.83442943563511
6.82,0.0527055634690302,27.7777777777778,0.2,0.0499229316784481,2.25956407637966,2.37202863348519,-0.112464557105529,-2.63522242658474,0.811735856893612
6.83,0.0499228177586987,27.7777777777778,0.2,0.0472479779482957,2.19902827166322,2.33904764816396,-0.14001937650074,-2.98433934105183,0.787248140280129
6.84,0.0471226086057376,27.7777777777778,0.2,0.0445562372365554,2.20765237438018,2.301678353593,-0.0940259792128244,-1.24891654350463,0.759502192529134
6.85,0.0443059309111247,27.7777777777778,0.2,0.0418486659058842,2.1474279378742,2.2658269984748,-0.118399060600594,-6.51862586066548,0.73415548513685
6.86,0.0414739378541108,27.7777777777778,0.2,0.0391262259434845,2.19021108810506,2.19295062911778,-0.00273954101272356,-3.37888543650283,0.704059031314269
6.87,0.0386278081742991,27.7777777777778,0.2,0.036389884619311,2.22468162625912,2.12018655970723,0.104495066551887,-1.54439300083788,0.674008955078593
6.88,0.0357682305941851,27.7777777777778,0.2,0.0336406141424073,2.19949375051776,2.05251973242398,0.146974018093786,6.51700214766548,0.646063935854679
6.89,0.0328962211080664,27.7777777777778,0.2,0.0308793913154822,1.8904315218391,2.01238787776667,-0.121956355927577,-6.51700214766548,0.62949029859524
6.9,0.0299833694855075,27.7777777777778,0.2,0.0281071971878586,1.91980211498764,1.93514570364502,-0.0153435886573752,6.51700214766548,0.597590856469913
6.91,0.0270463021586642,27.7777777777778,0.2,0.0253250167069102,1.74206030100603,1.8787054155773,-0.136645114571271,-6.51862586066548,0.574282168913848
6.92,0.0240997360539815,27.7777777777778,0.2,0.0225338383681135,1.74982837090736,1.80171802773887,-0.0518896568315137,6.51700214766548,0.5424879483257
6.93,0.0211405806895221,27.7777777777778,0.2,0.0197346538638425,1.51035236760494,1.7497876059797,-0.239435238374761,-6.51700214766548,0.521041743551071
6.94,0.0181344054048437,27.7777777777778,0.2,0.0169284577310223,1.53660959266703,1.66601214062845,-0.129402547961426,-6.51700214766548,0.487419086482121
6.95,0.015121786898705,27.7777777777778,0.2,0.0141162469977771,1.79229450335793,1.52783208204424,0.264462421313691,6.51700214766548,0.444070455340253
6.96,0.0121037955401166,27.7777777777778,0.2,0.0112990208291901,1.55679393865559,1.45815658203601,0.0986373566195768,-6.51700214766548,0.422212471052013
6.97,0.00908156940186337,27.7777777777778,0.2,0.00847778017230374,1.47546704202118,1.36474009476277,0.110726947258417,-3.79139127378383,0.392906673306176
6.98,0.00605617277275257,27.7777777777778,0.2,0.00565352740049015,1.4665846289932,1.2608757286847,0.205708900308506,6.51700214766548,0.360323259027491
6.99,0.0030286244142928,27.7777777777778,0.2,0.00282726595731111,1.17168793564584,1.19587250828224,-0.0241845726364003,-6.51700214766548,0.339931021152282
7,5.90339877059108e-17,27.7777777777778,0.2,5.51091059616309e-17,1.17883309250486,1.08723840135577,0.0915946911490892,6.51700214766548,0.30585128577779
7.01,-0.00302862441429268,27.7777777777778,0.2,-0.002827265957311,1.03057488021941,1.00055355536501,0.0300213248544012,6.51700214766548,0.278657279255113
7.02,-0.00605617277275274,27.7777777777778,0.2,-0.00565352740049031,0.739265816476267,0.932480708419677,-0.19321489194341,-6.51700214766548,0.257302065172526
7.03,-0.00908156940186326,27.7777777777778,0.2,-0.00847778017230363,0.843270012818872,0.796308831011839,0.0469611818070333,6.51700214766548,0.218435099993684
7.04,-0.0121037955401165,27.7777777777778,0.2,-0.0112990208291899,0.812554293712935,0.678093813748817,0.134460479964118,-6.51862586066548,0.186007594343908
7.05,-0.0151217868987049,27.7777777777778,0.2,-0.014116246997777,0.877995976543015,0.545005929130814,0.332990047412201,6.51700214766548,0.149500319462199
7.06,-0.0181344054048436,27.7777777777778,0.2,-0.0169284577310222,0.584937214038044,0.46954138197756,0.115395832060484,6.51700214766548,0.128799675112376
7.07,-0.021140580689522,27.7777777777778,0.2,-0.0197346538638424,0.230081853999224,0.401446735227115,-0.171364881227891,-6.51700214766548,0.110120664667311
7.08,-0.0240997360539814,27.7777777777778,0.2,-0.0225338383681134,0.314665938396082,0.26323812275909,0.0514278156369919,6.51700214766548,0.072208725343367
7.09,-0.0270463021586641,27.7777777777778,0.2,-0.02532501670691,0.165079885620392,0.164986948049683,9.29375707092173e-05,-6.51700214766548,0.0452574919319832
7.1,-0.0299833694855077,27.7777777777778,0.2,-0.0281071971878587,0.150350402220444,0.0447184864507903,0.105631915769654,-1.73709406311627,0.0122667069345855
7.11,-0.0328962211080665,27.7777777777778,0.2,-0.0308793913154823,0.223390980597813,-0.0873922559101332,0.310783236507946,6.51700214766548,-0.0239725285152838
7.12,-0.035768230594185,27.7777777777778,0.2,-0.0336406141424071,0.0332448791127098,-0.175958797060066,0.209203676172775,-6.51700214766548,-0.0482671746610486
7.13,-0.038627808174299,27.7777777777778,0.2,-0.0363898846193109,0.154505565858543,-0.314147036662032,0.468652602520576,6.51700214766548,-0.0861735255137093
7.14,-0.041473937854111,27.7777777777778,0.2,-0.0391262259434847,-0.0371314014406834,-0.400454910493203,0.36332350905252,6.51700214766548,-0.109848597692174
7.15,-0.0443059309111248,27.7777777777778,0.2,-0.0418486659058844,-0.414631095947178,-0.459310506276754,0.0446794103295761,6.51700214766548,-0.125993248422509
7.16,-0.0471226086057375,27.7777777777778,0.2,-0.0445562372365553,-0.764880057352813,-0.524180131399688,-0.240699925953125,-6.51700214766548,-0.143787604705455
7.17,-0.0499228177586986,27.7777777777778,0.2,-0.0472479779482956,-0.669919947410902,-0.659373065004496,-0.0105468824064057,0.37951482894128,-0.180872314582253
7.18,-0.0527055634690301,27.7777777777778,0.2,-0.049922931678448,-0.560050574472989,-0.793187149448558,0.233136574975569,6.51700214766548,-0.217578792995861
7.19,-0.0553350279527458,27.7777777777778,0.2,-0.0525801480286889,-0.701353721650976,-0.88233917484815,0.180985453197174,6.51862586066548,-0.242034043050108
7.2,-0.0579420070744588,27.7777777777778,0.2,-0.0552186829027016,-0.955457047165228,-0.946537804508066,-0.00891924265716248,-6.51700214766548,-0.261711933568189
7.21,-0.0605296018951674,27.7777777777778,0.2,-0.0578375988416095,-0.86039220924579,-1.05655758010169,0.196165370855905,6.51700214766548,-0.296226368714508
7.22,-0.0630970084942916,27.7777777777778,0.2,-0.0604359653570492,-1.12477487054867,-1.11579929168669,-0.00897557886198186,-6.51700214766548,-0.314811156780332
7.23,-0.065643766183776,27.7777777777778,0.2,-0.0630128592617711,-1.13184738308248,-1.21024849013283,0.0784011070503485,6.51700214766548,-0.3444409275811
7.24,-0.0681683975291857,27.7777777777778,0.2,-0.0655673649976399,-1.29194084792638,-1.28240234693626,-0.00953850099012876,-6.51700214766548,-0.367076400138297
7.25,-0.0706700055410255,27.7777777777778,0.2,-0.0680985749609318,-1.20826062528962,-1.38650233346862,0.178241708178995,6.51700214766548,-0.399733731190987
7.26,-0.0731256057949969,27.7777777777778,0.2,-0.0706055898247998,-1.36217936818599,-1.45626314037975,0.0940837721937515,-6.51700214766548,-0.421618477209579
7.27,-0.0754879532800956,27.7777777777778,0.2,-0.0730875188587998,-1.28446547192534,-1.55510346641534,0.270637994490005,6.51700214766548,-0.452625793888691
7.28,-0.0778255842621142,27.7777777777778,0.2,-0.0755434802453642,-1.46036296128001,-1.61822550346223,0.157862542182219,-2.05038505227964,-0.472427883487613
7.29,-0.0801376681918954,27.7777777777778,0.2,-0.0779726013931063,-1.5376480291958,-1.69011591122456,0.152467882028759,6.51700214766548,-0.496398550955745
7.3,-0.0824097548980792,27.7777777777778,0.2,-0.0803740192468495,-1.78220460665997,-1.73035090332938,-0.0518537033305975,-6.51700214766548,-0.513014781876939
7.31,-0.0845818261752924,27.7777777777778,0.2,-0.0827468805942646,-1.78701451683165,-1.79356620675795,0.00655168992630228,-0.940229743632241,-0.539121412562642
7.32,-0.0867269856536259,27.7777777777778,0.2,-0.0850903423690134,-1.80554960931187,-1.8539250348528,0.0483754255409292,-3.49060686880318,-0.564048377209332
7.33,-0.088844471168132,27.7777777777778,0.2,-0.0874035719502864,-1.83025057882863,-1.91258467148538,0.0823340926567435,-2.05563297736338,-0.58827361044664
7.34,-0.0909335303862897,27.7777777777778,0.2,-0.0896857474586277,-1.85742817822595,-1.96988668745795,0.112458509231994,-1.9974295054313,-0.611938174047641
7.35,-0.0929942105721547,27.7777777777778,0.2,-0.0919360580479466,-1.908142216746,-2.02391464744712,0.115772430701119,6.51700214766548,-0.634250619320214
7.36,-0.0950251051871333,27.7777777777778,0.2,-0.0941537041936051,-2.13419868670806,-2.06033158483096,-0.073867101877096,-1.76242092810521,-0.649290071532266
7.37,-0.0970253645163371,27.7777777777778,0.2,-0.0963378979764877,-2.18771489869117,-2.11322543357898,-0.0744894651121943,-6.51862586066548,-0.671134151998795
7.38,-0.0989942778771504,27.7777777777778,0.2,-0.0984878633629434,-2.11687650446544,-2.17681515873693,0.0599386542714888,6.51700214766548,-0.697395411220302
7.39,-0.100900045600339,27.7777777777778,0.2,-0.100602836480508,-2.24476317663118,-2.21949134028564,-0.0252718363455462,-5.10261950994266,-0.715019803580086
7.4,-0.102696913053634,27.7777777777778,0.2,-0.102682065889303,-2.25390963436301,-2.2708731760538,0.0169635416907923,-1.43165000297384,-0.736629969323534
7.41,-0.104462252420086,27.7777777777778,0.2,-0.104724812849021,-2.27836444796326,-2.29855401148405,0.020189563520796,6.51700214766548,-0.757182431508586
7.42,-0.106195436483026,27.7777777777778,0.2,-0.106730351581393,-2.42313864844719,-2.31952515100542,-0.103613497441776,-1.97034664115263,-0.772753079767247
7.43,-0.107895849450408,27.7777777777778,0.2,-0.108697969528057,-2.50007984591117,-2.34373266584671,-0.156347180064461,-6.51700214766548,-0.790726671446708
7.44,-0.109563206941489,27.7777777777778,0.2,-0.110626967603726,-2.44439511103607,-2.37423376811146,-0.0701613429246084,-0.236125493252278,-0.813373124892027
7.45,-0.111197240916705,27.7777777777778,0.2,-0.112516660444569,-2.47373207857001,-2.39956669804724,-0.0741653805227762,-1.88478053562724,-0.832182314587676
7.46,-0.112796706746105,27.7777777777778,0.2,-0.114366376651717,-2.52156285696456,-2.42343809713068,-0.0981247598338868,-1.88778872754165,-0.849906347093954
7.47,-0.114361036147094,27.7777777777778,0.2,-0.11617545902981,-2.57474962301069,-2.44656123323319,-0.128188389777503,-1.59827459652329,-0.867074809423939
7.48,-0.115889673320886,27.7777777777778,0.2,-0.117943264820493,-2.63061229440467,-2.46907262126806,-0.161539673136609,-1.89046483253435,-0.883789061148226
7.49,-0.117382075149971,27.7777777777778,0.2,-0.119669165930786,-2.68777523956225,-2.4910447474634,-0.196730492098855,-1.89099797275038,-0.900102921829658
7.5,-0.118830155360733,27.7777777777778,0.2,-0.121352549156242,-2.69291830118389,-2.5150382641138,-0.177880037070086,-6.51700214766548,-0.917917624167183
7.51,-0.120239345462727,27.7777777777778,0.2,-0.122992816398818,-2.55765756171114,-2.54512281970224,-0.0125347420088957,-1.15121737924189,-0.940254800104069
7.52,-0.121610992985493,27.7777777777778,0.2,-0.124589384879372,-2.565649289031,-2.56739417038191,0.00174488135090289,-1.72913578502499,-0.956790828931926
7.53,-0.122944610589196,27.7777777777778,0.2,-0.126141687344725,-2.59642422678528,-2.58809917095295,-0.00832505583233312,-1.99086862606869,-0.972163874386067
7.54,-0.124239724445853,27.7777777777778,0.2,-0.127649172269204,-2.64286475212005,-2.60333194473008,-0.0395328073899748,-1.99134619268871,-0.986677517700056
7.55,-0.125495874407677,27.7777777777778,0.2,-0.129111304050591,-2.69912365942139,-2.61147937150444,-0.0876442879169534,-3.12428132472804,-1.00056044898153
7.56,-0.126709696299804,27.7777777777778,0.2,-0.130527563200429,-2.71623587594366,-2.62025230788496,-0.0959835680587,-6.51700214766548,-1.01550922683258
7.57,-0.127879016948329,27.7777777777778,0.2,-0.131897446528583,-2.58902238674201,-2.63167647421988,0.0426540874778691,-0.445992860376528,-1.03497560812918
7.58,-0.129008336139542,27.7777777777778,0.2,-0.133220467322032,-2.59298099137344,-2.64012439124693,0.0471433998734976,0.271702084012159,-1.04937056432901
7.59,-0.130097252631711,27.7777777777778,0.2,-0.134496155517785,-2.64675402358682,-2.64739419604447,0.000640172457651911,-2.08422716018124,-1.06175805834756
7.6,-0.131145379537991,27.7777777777778,0.2,-0.135724057869903,-2.70565270177198,-2.65443011586034,-0.051222585911638,-6.51700214766548,-1.07374702050837
7.61,-0.132152344463884,27.7777777777778,0.2,-0.136903738110525,-2.60552813742471,-2.66440584193973,0.0588777045150168,3.70373069815847,-1.09074531008843
7.62,-0.133117789639546,27.7777777777778,0.2,-0.138034777104881,-2.68972416730972,-2.67049929998385,-0.0192248673258768,-2.09863336459565,-1.10112835023545
7.63,-0.134041372046904,27.7777777777778,0.2,-0.139116773000199,-2.79399530504573,-2.67610433419798,-0.117890970847753,-6.51862586066548,-1.110679133198
7.64,-0.134922864675864,27.7777777777778,0.2,-0.140149341368492,-2.76235707655299,-2.68419434272868,-0.0781627338243136,-3.87389013417783,-1.12446422579333
7.65,-0.135762417640485,27.7777777777778,0.2,-0.141132115343134,-2.74978744343974,-2.69165399804244,-0.0581334453972988,-0.374060547764226,-1.13717521847514
7.66,-0.136559134528112,27.7777777777778,0.2,-0.142064745749212,-2.75686460956707,-2.69851209718849,-0.0583525123785771,-2.06400243826377,-1.14886118041171
7.67,-0.137312732269029,27.7777777777778,0.2,-0.142946901227583,-2.76527504242433,-2.70513928041972,-0.0601357620046139,-2.06496039619042,-1.16015366967697
7.68,-0.138022943113548,27.7777777777778,0.2,-0.143778268352606,-2.75047795863037,-2.71199015689934,-0.0384878017310268,-2.96119559099721,-1.17182732444166
7.69,-0.138689514727136,27.7777777777778,0.2,-0.144558551743501,-2.7237347534788,-2.71883335935958,-0.00490139411921398,-2.01525436075854,-1.18348790294477
7.7,-0.139312210280075,27.7777777777778,0.2,-0.145287474169295,-2.71812029049266,-2.72505927879406,0.00693898830139439,-2.27150214423726,-1.19409665268461
7.71,-0.139890808531597,27.7777777777778,0.2,-0.145964776647319,-2.72320692339553,-2.73088764469558,0.00768072130004871,-2.27306751502986,-1.20402798505923
7.72,-0.140425103908501,27.7777777777778,0.2,-0.146590218535229,-2.73518494779247,-2.73639898240966,0.00121403461718739,-6.51862586066548,-1.21341911245106
7.73,-0.140914906578183,27.7777777777778,0.2,-0.1471635776165,-2.68365597864352,-2.74285216974616,0.0591961911026426,-1.72418529072883,-1.22441511877555
7.74,-0.141360042516086,27.7777777777778,0.2,-0.147684650179381,-2.69546196149939,-2.74671484066747,0.0512528791680831,-2.30094895165193,-1.23309041433003
7.75,-0.141760353567531,27.7777777777778,0.2,-0.148153251089271,-2.71782767124044,-2.74999499692899,0.0321673256885524,-2.30200133419207,-1.24114458202096
7.76,-0.142115697503908,27.7777777777778,0.2,-0.148569213854498,-2.7403521429934,-2.75315238900023,0.0128002460068273,-2.30200325440495,-1.24889731182414
7.77,-0.142425948073208,27.7777777777778,0.2,-0.148932390685472,-2.75753692972174,-2.75625013081033,-0.00128679891140848,-2.30200325790864,-1.25650357506666
7.78,-0.142690995044881,27.7777777777778,0.2,-0.149242652547195,-2.76813757080132,-2.75929719651563,-0.00884037428569284,-2.30200325791503,-1.26398540708901
7.79,-0.142910744249,27.7777777777778,0.2,-0.149499889205104,-2.77230987319059,-2.76228616134859,-0.0100237118419928,-2.30200325791504,-1.271324576954
7.8,-0.14308511760972,27.7777777777778,0.2,-0.149704009264241,-2.77047103067756,-2.7652074384064,-0.00526359227115947,-2.30200325791504,-1.27849754476998
7.81,-0.143214053173016,27.7777777777778,0.2,-0.149854940201719,-2.76300855986713,-2.76805336311543,0.00504480324830237,-2.30200325791504,-1.28548549077462
7.82,-0.143297505128695,27.7777777777778,0.2,-0.149952628392495,-2.7501958934814,-2.77081840397622,0.0206225104948139,-2.30200325791504,-1.29227483280271
7.83,-0.143335443826676,27.7777777777778,0.2,-0.149997039128421,-2.73217654632154,-2.77349933873992,0.0413227924183852,-2.30200325791504,-1.29885765887372
7.84,-0.143327855787519,27.7777777777778,0.2,-0.149988156630572,-2.70899502035882,-2.77609471717838,0.0670996968195605,-2.30200325791504,-1.30523040806557
7.85,-0.143274743707219,27.7777777777778,0.2,-0.14992598405486,-2.68610484669374,-2.77854126319751,0.0924364165037646,-3.63503496811153,-1.31123771086782
7.86,-0.143176126456246,27.7777777777778,0.2,-0.149810543490903,-2.65069494917245,-2.78098908668334,0.13029413751089,2.91528934613304,-1.31724815038986
7.87,-0.143032039072838,27.7777777777778,0.2,-0.149641875954184,-2.63248763322338,-2.78309333606802,0.150605702844639,0.387134521963255,-1.32241497052173
7.88,-0.142842532750557,27.7777777777778,0.2,-0.149420041371476,-2.60823545262244,-2.78513059849097,0.176895145868532,-6.51700214766548,-1.32741730939729
7.89,-0.142607674820097,27.7777777777778,0.2,-0.14914511855955,-2.54631786549273,-2.78745788874583,0.241140023253101,6.51700214766548,-1.33313178897804
7.9,-0.142327548725363,27.7777777777778,0.2,-0.148817205197172,-2.57339699341841,-2.78862544659295,0.215228453174539,1.5560145519722,-1.33599863614622
7.91,-0.142002253993821,27.7777777777778,0.2,-0.148436417790398,-2.5536205797653,-2.79021236882388,0.236591789058579,2.57059594432084,-1.33989519982836
7.92,-0.141631906201142,27.7777777777778,0.2,-0.14800289163118,-2.55286947050829,-2.79144837185233,0.23857890134404,3.21533699354545,-1.3429301087973
7.93,-0.141216636930132,27.7777777777778,0.2,-0.147516780749299,-2.61579260239012,-2.79183591731783,0.176043314927707,-3.60326335727974,-1.34388169644074
7.94,-0.140756593723986,27.7777777777778,0.2,-0.146978257857637,-2.59531844623602,-2.79306451451805,0.197746068282025,0.147014439763105,-1.34689842097647
7.95,-0.140251940033864,27.7777777777778,0.2,-0.146387514290812,-2.56594680479392,-2.79425034120581,0.22830353641189,-5.20028649168419,-1.34981012585703
7.96,-0.139702855160821,27.7777777777778,0.2,-0.145744759937201,-2.53536240014101,-2.79530354125708,0.259941141116069,6.51700214766548,-1.35239617638289
7.97,-0.139109534192096,27.7777777777778,0.2,-0.145050223164365,-2.63834736383739,-2.79469427156052,0.156346907723127,4.00492904611333,-1.35090016219519
7.98,-0.138472187931805,27.7777777777778,0.2,-0.144304150737913,-2.68625900616036,-2.79461688747792,0.108357881317557,-5.28095301596003,-1.35071015162001
7.99,-0.137791042826039,27.7777777777778,0.2,-0.143506807733825,-2.60178062399844,-2.79592154276789,0.194140918769454,6.51700214766548,-1.35391363085898
8,-0.137066340882411,27.7777777777778,0.2,-0.142658477444273,-2.66377666223657,-2.79536640387779,0.131589741641215,-5.12478128353422,-1.35255053064173
8.01,-0.13629833958407,27.7777777777778,0.2,-0.141759461276971,-2.61235191390227,-2.79598859530888,0.183636681406603,1.80865577838259,-1.35407827314006
8.02,-0.135487311798222,27.7777777777778,0.2,-0.140810078648081,-2.62357476269016,-2.79572166570849,0.172146903018334,6.51700214766548,-1.3534228483396
8.03,-0.134633673896035,27.7777777777778,0.2,-0.139810666868732,-2.68028051818618,-2.79479081311168,0.114510294925497,6.51700214766548,-1.3511372124392
8.04,-0.133738183226325,27.7777777777778,0.2,-0.138761581025169,-2.72050414334384,-2.7939120890946,0.0734079457507533,-1.68782485197734,-1.34897957419779
8.05,-0.132800609365423,27.7777777777778,0.2,-0.137663193852597,-2.66859261588437,-2.79395650932878,0.125363893444413,1.28128674090678,-1.34908864461593
8.06,-0.131821285428857,27.7777777777778,0.2,-0.136515895602749,-2.67463521760285,-2.79314330458912,0.118508086986263,2.93261254396638,-1.34709188384659
8.07,-0.13080055936576,27.7777777777778,0.2,-0.13532009390523,-2.68316650844102,-2.79214083553759,0.108974327096565,6.51700214766548,-1.34463039933114
8.08,-0.12973879383524,27.7777777777778,0.2,-0.13407621362269,-2.72826750043094,-2.79055060823708,0.0622831078061461,0.855689257307427,-1.34072572030861
8.09,-0.128636366077535,27.7777777777778,0.2,-0.132784696699868,-2.66950362106468,-2.79003229278614,0.120528671721459,1.49050542269811,-1.33945303717223
8.1,-0.127493667779978,27.7777777777778,0.2,-0.13144600200658,-2.59400535628143,-2.78951904978868,0.195513693507256,6.51700214766548,-1.33819280904952
8.11,-0.126311104937833,27.7777777777778,0.2,-0.130060605174674,-2.69919413775243,-2.78665760827579,0.0874634705233523,-1.25286392612985,-1.33116676274403
8.12,-0.12508151491163,27.7777777777778,0.2,-0.128628998429048,-2.65380410943456,-2.78546139837858,0.131657288944022,2.891572440174,-1.32822956270309
8.13,-0.123812326708569,27.7777777777778,0.2,-0.127151690412762,-2.6914166222871,-2.78306298098531,0.0916463586982097,3.36308020194886,-1.32234043598529
8.14,-0.122504326463055,27.7777777777778,0.2,-0.125629206006321,-2.70589496372745,-2.78078633579334,0.0748913720658977,1.39200315306288,-1.31675031140375
8.15,-0.121157978901348,27.7777777777778,0.2,-0.124062086141184,-2.68006775410432,-2.77882396965262,0.0987562155483057,1.69075470569959,-1.31193187450372
8.16,-0.119773762374326,27.7777777777778,0.2,-0.122450887607578,-2.65317377616533,-2.77667914648313,0.1235053703178,0.546541256688837,-1.30666542860993
8.17,-0.11835216868753,27.7777777777778,0.2,-0.120796182856668,-2.61930311721683,-2.77442931878154,0.155126201564714,1.70388642540035,-1.30114115228294
8.18,-0.116888667021076,27.7777777777778,0.2,-0.119098559797175,-2.57315557649712,-2.77212628807058,0.198970711573451,6.51862586066548,-1.29548624011883
8.19,-0.115384127188152,27.7777777777778,0.2,-0.117358621586488,-2.6654510728426,-2.76786867200634,0.102417599163739,0.520542254974969,-1.28503199617098
8.2,-0.113843531628654,27.7777777777778,0.2,-0.115576986416369,-2.6892676645776,-2.76432380547262,0.0750561408950166,0.525608814316293,-1.27632785306675
8.21,-0.11226742770885,27.7777777777778,0.2,-0.113754287293308,-2.63739350055455,-2.76155711697074,0.12416361641619,4.48620412358274,-1.26953446538456
8.22,-0.110656375410958,27.7777777777778,0.2,-0.111891171813627,-2.66111157971267,-2.75758798522163,0.096476405508966,-0.460289135110022,-1.25978857215693
8.23,-0.10901095310047,27.7777777777778,0.2,-0.109988301933384,-2.64177980831222,-2.75399160912504,0.112211800812815,3.42509296072543,-1.25095795134125
8.24,-0.107332723895862,27.7777777777778,0.2,-0.108046353733186,-2.65839957744759,-2.74970509070436,0.0913055132567653,0.859584766409362,-1.24043273991294
8.25,-0.105621319522895,27.7777777777778,0.2,-0.106066017177982,-2.63832396828842,-2.74570478956152,0.10738082127309,1.8967343136631,-1.2306103126717
8.26,-0.103877348035392,27.7777777777778,0.2,-0.104047995871921,-2.60056178836411,-2.74074557101834,0.140183782654232,1.89862673190821,-1.22082554795939
8.27,-0.10210142905812,27.7777777777778,0.2,-0.101993006808363,-2.55409543356726,-2.73484647445266,0.1807510408854,6.51700214766548,-1.21077369299803
8.28,-0.100289126437044,27.7777777777778,0.2,-0.0999017801151379,-2.60599782703366,-2.72668020597096,0.120682378937301,6.51700214766548,-1.1968586561039
8.29,-0.0983414997226486,27.7777777777778,0.2,-0.0977750587951317,-2.65592104396552,-2.7179726126079,0.0620515686423779,-0.0926202016666107,-1.18202122047737
8.3,-0.0963620594232912,27.7777777777778,0.2,-0.0956135984623033,-2.62373124077488,-2.71061366587516,0.0868824251002787,4.41121956924103,-1.16948183170787
8.31,-0.0943515088246848,27.7777777777778,0.2,-0.0934181670732168,-2.64807991552966,-2.70175670458393,0.053676789054272,0.17806163514106,-1.15438987833731
8.32,-0.0923105622658837,27.7777777777778,0.2,-0.0911895446541909,-2.61954964205007,-2.69366854697664,0.0741189049265727,1.84275658497332,-1.14060793965095
8.33,-0.0902403818185045,27.7777777777778,0.2,-0.0889285230241589,-2.59407094185519,-2.68515914999681,0.091088208141616,1.4832247782625,-1.1261082237542
8.34,-0.0881417641937074,27.7777777777778,0.2,-0.0866359055133403,-2.5468590446462,-2.67675411612413,0.129895071477926,1.97811559305617,-1.11178633895492
8.35,-0.0860149699410039,27.7777777777778,0.2,-0.0843125066778197,-2.54266175592375,-2.66708317525488,0.124421419331127,-0.343728437964555,-1.095307392751
8.36,-0.0838607547002652,27.7777777777778,0.2,-0.0819591520101406,-2.50754050573615,-2.65774465287091,0.15020414713476,6.51700214766548,-1.07939487606105
8.37,-0.081664458623871,27.7777777777778,0.2,-0.07957667764601,-2.53768837969728,-2.64660823680723,0.108919857109951,6.51700214766548,-1.0604188111984
8.38,-0.0793698630081493,27.7777777777778,0.2,-0.0771659300672258,-2.62674128903345,-2.63365819078549,0.00691690175203163,-2.3222048468412,-1.03835238409313
8.39,-0.0770491716653055,27.7777777777778,0.2,-0.0747277658009236,-2.53101749281448,-2.62446117543727,0.0934436826227873,2.22483379041848,-1.02268099046051
8.4,-0.074703209125923,27.7777777777778,0.2,-0.0722630511152572,-2.46230164614817,-2.61422666746494,0.151925021316772,2.12299115478826,-1.00524174555354
8.41,-0.0723245142103051,27.7777777777778,0.2,-0.0697726617116188,-2.46901220214797,-2.60193771559029,0.13292551344233,-4.03670897000875,-0.984301799835473
8.42,-0.0698387493884914,27.7777777777778,0.2,-0.0672574824135048,-2.36442721612969,-2.58061195330203,0.216184737172346,2.37652280746723,-0.966604766243198
8.43,-0.0673293677650459,27.7777777777778,0.2,-0.064718406852144,-2.26116129155692,-2.55581476236898,0.294653470812061,6.51700214766548,-0.948193351955098
8.44,-0.0647972609113103,27.7777777777778,0.2,-0.0621563371489927,-2.32478070210521,-2.52147141651184,0.196690714406632,-3.64749887144486,-0.922694110112647
8.45,-0.0622434417545664,27.7777777777778,0.2,-0.0595721835952173,-2.23112437470107,-2.4948933747711,0.26376900007003,2.11927671807997,-0.902960450006696
8.46,-0.059669280995418,27.7777777777778,0.2,-0.0569668643282701,-2.10690895086555,-2.46906148032528,0.362152529459725,6.51700214766548,-0.883780789222837
8.47,-0.0570751222430657,27.7777777777778,0.2,-0.0543413050056817,-2.17019103943851,-2.43238056179163,0.262189522353118,6.51700214766548,-0.856545946799988
8.48,-0.0544618871897617,27.7777777777778,0.2,-0.0516964384761775,-2.37862065932863,-2.38747986439355,0.00885920506492255,0.703207576032855,-0.823208084303686
8.49,-0.0517799831102693,27.7777777777778,0.2,-0.0490332044482413,-2.41366393173563,-2.35133293766574,-0.062330994069892,2.56057871333979,-0.796369720029918
8.5,-0.0489913060835968,27.7777777777778,0.2,-0.0463525491562422,-2.45724497803927,-2.31332796363261,-0.143917014406667,-3.08870617237614,-0.768151793095307
8.51,-0.0461854965759571,27.7777777777778,0.2,-0.043655425024241,-2.33874772543851,-2.28360729219049,-0.0551404332480243,5.36363114169064,-0.746084793800158
8.52,-0.0433635514781078,27.7777777777778,0.2,-0.0409427903275989,-2.32676443471685,-2.22878969403634,-0.0979747406805105,1.69858708429577,-0.718859833987106
8.53,-0.0405267846950085,27.7777777777778,0.2,-0.0382156088525076,-2.34087567905929,-2.15915448980423,-0.181721189255057,-0.203808703422747,-0.69010191523939
8.54,-0.037676059781034,27.7777777777778,0.2,-0.0354748495535584,-2.2738547926368,-2.09657442696546,-0.17728036567134,2.96938949855878,-0.664257625957986
8.55,-0.0348122251184301,27.7777777777778,0.2,-0.0327214862094813,-2.19670620207901,-2.03350803633123,-0.163198165747782,-6.51700214766548,-0.638212493218435
8.56,-0.0319356217996902,27.7777777777778,0.2,-0.0299564970771611,-1.89639672488251,-1.99169929991183,0.0953025750293122,6.51700214766548,-0.620946338000649
8.57,-0.0290054669516896,27.7777777777778,0.2,-0.0271808645440706,-1.84162732533032,-1.92211335661338,0.0804860312830611,2.9453993316695,-0.592208763013584
8.58,-0.0260651172439281,27.7777777777778,0.2,-0.0243955747792327,-1.83168449630433,-1.84735477314092,0.0156702768365899,2.9137324227038,-0.561334993159629
8.59,-0.0231156173686554,27.7777777777778,0.2,-0.0216016173828379,-1.81164264018021,-1.77310724852853,-0.0385353916516789,6.51700214766548,-0.530672280188971
8.6,-0.0201393041569134,27.7777777777778,0.2,-0.0187999850346459,-1.93277928522399,-1.68350816215751,-0.249271123066478,-6.51700214766548,-0.493669685393118
8.61,-0.017130862335353,27.7777777777778,0.2,-0.0159916731412891,-1.76946253333267,-1.60639310852804,-0.163069424804627,-6.51700214766548,-0.46871592874695
8.62,-0.0141163338464061,27.7777777777778,0.2,-0.0131776794826113,-1.44060856707991,-1.5471549216096,0.106546354529688,6.51862586066548,-0.450132246408475
8.63,-0.0110967897376916,27.7777777777778,0.2,-0.0103590038571608,-1.52426778002367,-1.42935642099067,-0.0949113590330086,-6.51700214766548,-0.413177538147998
8.64,-0.00807340931219643,27.7777777777778,0.2,-0.0075366477269653,-1.41582511419474,-1.33877620960895,-0.0770489045857832,-6.51700214766548,-0.384761511898123
8.65,-0.00504717596001995,27.7777777777778,0.2,-0.00471161386171929,-1.11602239679979,-1.27320257100866,0.157180174208876,4.91325524012185,-0.364190327449089
8.66,-0.00201914937025732,27.7777777777778,0.2,-0.00188490598250285,-1.0403354439826,-1.17522549415574,0.13489005017314,2.96779114832016,-0.333453821701645
8.67,0.00100959461366186,27.7777777777778,0.2,0.000942471594833711,-0.992393984959582,-1.07351417113372,0.0811201861741404,6.51700214766548,-0.301545841130442
8.68,0.0040379798934224,27.7777777777778,0.2,0.00376951431650058,-1.16674232601545,-0.94132539568046,-0.225416930334991,-6.51700214766548,-0.260076742572154
8.69,0.00706493049815384,27.7777777777778,0.2,0.00659521774767952,-1.06951459804148,-0.842129871733635,-0.227384726307843,-6.51700214766548,-0.231004248070521
8.7,0.0100893709667204,27.7777777777778,0.2,0.00941857792939715,-0.667384811194984,-0.782935005712627,0.115550194517643,6.51700214766548,-0.214766532281307
8.71,0.0131103234883549,27.7777777777778,0.2,0.0122385917352239,-0.670059914785693,-0.657120224328715,-0.0129396904569785,-6.51700214766548,-0.180254338918641
8.72,0.0161266429516861,27.7777777777778,0.2,0.0150542572276823,-0.531409112329469,-0.555250688750747,0.0238415764212787,6.51700214766548,-0.152310554643376
8.73,0.0191372325419967,27.7777777777778,0.2,0.0178645740142306,-0.542092817329578,-0.4293434084924,-0.112749408837178,-6.51700214766548,-0.117772987958076
8.74,0.0221305984124964,27.7777777777778,0.2,0.0206685436026957,-0.244969867590244,-0.353518399680743,0.1085485320905,6.51700214766548,-0.096973465540686
8.75,0.0250829156171543,27.7777777777778,0.2,0.0234651697560347,-0.272974097867656,-0.225411733790402,-0.0475623640772541,2.6287240568452,-0.0618325864196328
8.76,0.0280264316258623,27.7777777777778,0.2,0.0262534588462913,-0.452334559007984,-0.0757296373696406,-0.376604921638343,-6.51700214766548,-0.0207733611220958
8.77,0.0309601006213984,27.7777777777778,0.2,0.0290324202076288,-0.143755984788496,-0.00535454315869512,-0.138401441629801,5.70856516372896,-0.00146880220931856
8.78,0.0338548760248895,27.7777777777778,0.2,0.031801066488308,0.0660393172605544,0.082367320999725,-0.0163280037391706,6.51700214766548,0.0225941409891502
8.79,0.0367228547106951,27.7777777777778,0.2,0.0345584140014887,-0.0605576987515834,0.222853018820814,-0.283410717572397,-6.51700214766548,0.0611307065226998
8.8,0.0395780623170929,27.7777777777778,0.2,0.0373034830747285,0.130048817329865,0.310666181755562,-0.180617364425697,6.51700214766548,0.085218693845458
8.81,0.0424194905601078,27.7777777777778,0.2,0.0400352983980564,0.195684677952473,0.419125553778923,-0.22344087582645,-6.51700214766548,0.114970133049104
8.82,0.045246591655633,27.7777777777778,0.2,0.0427528893704963,0.344933053583968,0.513297859692266,-0.168364806108298,6.51700214766548,0.140802493884131
8.83,0.0480578907493966,27.7777777777778,0.2,0.0454552904449161,0.262733023068068,0.643620393512343,-0.380887370444275,-6.51700214766548,0.17655120669226
8.84,0.0508523890002164,27.7777777777778,0.2,0.0481415414710812,0.476288729635295,0.725155111427841,-0.248866381792546,6.51700214766548,0.198916956721929
8.85,0.0535867299480421,27.7777777777778,0.2,0.0508106880367936,0.496288712062116,0.836892951200379,-0.340604239138263,-6.51700214766548,0.22956771086813
8.86,0.0562061177668916,27.7777777777778,0.2,0.0534617818069873,0.821962393713052,0.896985297533481,-0.0750229038204294,6.51700214766548,0.246166757447953
8.87,0.0588067380379423,27.7777777777778,0.2,0.0560938808606701,0.905347001654238,0.984251958660579,-0.0789049570063408,6.51700214766548,0.27354328589164
8.88,0.0613876667731943,27.7777777777778,0.2,0.0587060500255805,0.810881703759774,1.09393501492054,-0.283053311160766,-6.51700214766548,0.307952088413808
8.89,0.0639483305100427,27.7777777777778,0.2,0.0612973612104523,0.991055808437603,1.16463775879272,-0.173581950355118,6.51700214766548,0.330132330600963
8.9,0.066487812908861,27.7777777777778,0.2,0.063866893734761,0.910927886251533,1.27003539081059,-0.359107504559058,1.44502637083815,0.363196747568079
8.91,0.0690048690778224,27.7777777777778,0.2,0.0664137346558352,0.870050056620385,1.36785360537825,-0.497803548757865,-6.51700214766548,0.393883416438359
8.92,0.0714986047188558,27.7777777777778,0.2,0.0689369790932232,1.14676512806302,1.42206944068991,-0.275304312626888,5.12253080391354,0.410891530858438
8.93,0.0739157496017054,27.7777777777778,0.2,0.0714357305501907,1.21534094922443,1.50372364043859,-0.288382691214152,0.864223022919434,0.436507367342778
8.94,0.0762699510838678,27.7777777777778,0.2,0.0739091012322437,1.24153897482071,1.58907943465386,-0.347540459833153,2.98694986226425,0.463284435446307
8.95,0.0785991582228541,27.7777777777778,0.2,0.0763562123625559,1.27226373941463,1.67255292265021,-0.400289183235587,6.51700214766548,0.489471003018746
8.96,0.0809025434624581,27.7777777777778,0.2,0.0787761944941944,1.18029198377563,1.74791268586051,-0.567620702084874,-6.51700214766548,0.520267439791346
8.97,0.0831367214133293,27.7777777777778,0.2,0.0811681878190315,1.47630150411222,1.78209185587446,-0.305790351762246,-6.51700214766548,0.534382739731436
8.98,0.0852999073717439,27.7777777777778,0.2,0.0835313424732282,1.86019066818676,1.80784312468757,0.0523475434991942,6.51862586066548,0.54501748840984
8.99,0.0874359264004495,27.7777777777778,0.2,0.0858648188391887,1.91578178310849,1.86664688052208,0.0491349025864141,1.3888084423071,0.569302239937425
9,0.0895440195820556,27.7777777777778,0.2,0.0881677878438709,1.95719105570478,1.92530893599663,0.0318821197081489,1.30942305378263,0.593528472107118
9.01,0.0916236171148882,27.7777777777778,0.2,0.0904394312533535,2.06346514189244,1.9763894300702,0.0870757118222403,-6.51700214766548,0.614623674086631
9.02,0.0936745350444367,27.7777777777778,0.2,0.09267894196355,2.25732290261608,2.0181243180311,0.239198584584978,5.79775369243915,0.631859331397609
9.03,0.0956952975393507,27.7777777777778,0.2,0.0948855242869684,2.26798781166599,2.07684916242416,0.191138649241827,6.51862586066548,0.656111494109716
9.04,0.0976851866323388,27.7777777777778,0.2,0.0970583942354169,2.03501171275193,2.15725043603871,-0.122238723286779,-6.51700214766548,0.689315579878074
9.05,0.0996434953252801,27.7777777777778,0.2,0.0991967797985479,2.09618858808785,2.20675052941196,-0.11056194132411,-5.90440796079831,0.709758108609481
9.06,0.101502465358335,27.7777777777778,0.2,0.101299921218154,2.29186882828332,2.24192303169864,0.0499457965846717,6.51700214766548,0.724283634513632
9.07,0.103288893836187,27.7777777777778,0.2,0.103367071258102,2.30608267157296,2.28299927916814,0.0230833924048244,-6.51700214766548,0.745633356390277
9.08,0.105043583899244,27.7777777777778,0.2,0.105397495469827,2.43688786482596,2.30497795559855,0.131909909227413,1.93429356800281,0.761952080489187
9.09,0.106765912114482,27.7777777777778,0.2,0.107390472453275,2.54383479250979,2.32789935302027,0.215935439489516,6.51700214766548,0.778970755916289
9.1,0.108455266546887,27.7777777777778,0.2,0.109345294113212,2.40559049219626,2.36299425531332,0.0425962368829409,-6.51700214766548,0.805028013258953
9.11,0.110111690251473,27.7777777777778,0.2,0.111261265910811,2.51545623357062,2.38424462199824,0.131211611572386,3.40848818880693,0.820805982056564
9.12,0.111734265416272,27.7777777777778,0.2,0.113137707110416,2.5524301006931,2.40891566651749,0.143514434175616,-2.26262110668211,0.839123735175874
9.13,0.113322081633007,27.7777777777778,0.2,0.114973951021402,2.59277155101328,2.43286309046869,0.159908460544588,6.51700214766548,0.856904214613598
9.14,0.114874574758135,27.7777777777778,0.2,0.116769345235054,2.36609742064917,2.46955453194551,-0.103457111296345,-6.51700214766548,0.884146870109582
9.15,0.116391193198243,27.7777777777778,0.2,0.118523251856354,2.43892346994537,2.49008499592771,-0.051161525982339,1.93542893561675,0.899390325665644
9.16,0.117870085009354,27.7777777777778,0.2,0.120235047730632,2.61424029360269,2.50545953260683,0.108780760995859,-0.33226860495304,0.910805609156872
9.17,0.119304026158867,27.7777777777778,0.2,0.121904124664964,2.75091211570092,2.52257692652588,0.228335189175041,2.02284213472314,0.923514929007944
9.18,0.120700757043647,27.7777777777778,0.2,0.123529889644264,2.79362473211698,2.54404375593205,0.249580976184939,4.78975041913427,0.939453617011596
9.19,0.122059781411861,27.7777777777778,0.2,0.125111765041976,2.72985729678889,2.57001514811903,0.15984214866986,3.92791424039829,0.958736852055611
9.2,0.123380616408622,27.7777777777778,0.2,0.126649188825302,2.66904068893408,2.59502880890705,0.0740118800270264,2.10622044951774,0.977308990846395
9.21,0.124662792747545,27.7777777777778,0.2,0.128141614754894,2.62309396069208,2.60810559157657,0.0149883691155153,6.51700214766548,0.994811645562421
9.22,0.125905854877481,27.7777777777778,0.2,0.129588512578925,2.53412078266712,2.61896028237296,-0.0848394997058435,2.12378450809309,1.01330766038789
9.23,0.127103889101205,27.7777777777778,0.2,0.130989368221488,2.49975114339969,2.62839821779815,-0.128647074398467,2.19001451184719,1.02938957343549
9.24,0.128259921393334,27.7777777777778,0.2,0.132343683965243,2.48768261859251,2.63716516314618,-0.149482544553674,2.19013535735863,1.04432814277596
9.25,0.129375816894614,27.7777777777778,0.2,0.133650978628255,2.49957651870936,2.6452723165699,-0.145695797860541,1.05720131720238,1.05814244967149
9.26,0.130451179132688,27.7777777777778,0.2,0.134910787734956,2.54617717149438,2.65254087677655,-0.106363705282175,2.18960423989985,1.07052782295055
9.27,0.131485626036474,27.7777777777778,0.2,0.136122663681167,2.59046102194295,2.65972528111841,-0.0692642591754611,-2.35368232159463,1.08276979756888
9.28,0.132478790071911,27.7777777777778,0.2,0.137286175893138,2.67120020772115,2.66605831851157,0.00514188920957848,2.20733704905634,1.09356107257719
9.29,0.133430318372547,27.7777777777778,0.2,0.138400910980517,2.7409487733141,2.67248028385385,0.0684684894602552,2.17698902438733,1.10450387771162
9.3,0.134339872864908,27.7777777777778,0.2,0.139466472883238,2.80448479028654,2.67887256163851,0.125612228648026,6.51700214766548,1.11539609628251
9.31,0.135207457127287,27.7777777777778,0.2,0.140482483012229,2.75077963032174,2.68732925590372,0.0634503744180162,1.24630646865191,1.12980600859026
9.32,0.136032763793369,27.7777777777778,0.2,0.14144858038393,2.74765687370964,2.69453881456188,0.0531180591477587,2.24668669788313,1.14209084528691
9.33,0.136815138329756,27.7777777777778,0.2,0.142364421748544,2.7477538515793,2.70146527995133,0.0462885716279731,2.24851202558332,1.15389330091964
9.34,0.137554302762502,27.7777777777778,0.2,0.143229681711996,2.74854894914975,2.70816172290697,0.040387226242788,2.24851535613816,1.16530380634155
9.35,0.138249994470003,27.7777777777778,0.2,0.144044052851541,2.7516170146231,2.71460276681497,0.0370142478081288,2.2485153622152,1.17627912068708
9.36,0.138901966276308,27.7777777777778,0.2,0.144807245824991,2.75791862591932,2.72077568458158,0.0371429413377391,2.24851536222629,1.18679755743201
9.37,0.139509986538939,27.7777777777778,0.2,0.145518989473516,2.76769593132594,2.72668125500286,0.0410146763230803,2.52363711808379,1.19686044361769
9.38,0.140073839231192,27.7777777777778,0.2,0.146179030917987,2.76145432423456,2.73267762512615,0.0287766991084157,1.76017635513949,1.20707804933118
9.39,0.140593324018889,27.7777777777778,0.2,0.146787135648821,2.76591572402236,2.73826508491543,0.0276506391069304,2.26330293904128,1.21659888608626
9.4,0.14106825633156,27.7777777777778,0.2,0.147343087609303,2.77693027386176,2.74353482355796,0.0333954503038054,2.26422096087284,1.22557833708001
9.41,0.141498467428015,27.7777777777778,0.2,0.14784668927235,2.79105427114594,2.7471385857959,0.0439156853500386,2.26422263592661,1.23413088742047
9.42,0.1418838044563,27.7777777777778,0.2,0.148297761710687,2.80626093772048,2.75047400082109,0.0557869368993815,2.26422263898297,1.24232073869278
9.43,0.142224130508005,27.7777777777778,0.2,0.148696144660426,2.81983306177244,2.75369447563751,0.0661385861349291,2.26422263898855,1.25022836325327
9.44,0.142519324666902,27.7777777777778,0.2,0.149041696578001,2.82940393506092,2.75682651929302,0.0725774157678978,2.26422263898856,1.25791885200002
9.45,0.142769282051913,27.7777777777778,0.2,0.149334294690462,2.83378100456199,2.75988126603165,0.0738997385303488,3.94740041135862,1.26541954420021
9.46,0.14297391385437,27.7777777777778,0.2,0.149573835039092,2.80799812756543,2.76315411795048,0.0448440096149438,2.19234832250643,1.27345577664777
9.47,0.143133147369567,27.7777777777778,0.2,0.149760232516346,2.79905183941124,2.76607049887485,0.0329813405363888,2.28240840106559,1.28061672239021
9.48,0.143246926022595,27.7777777777778,0.2,0.149893420896088,2.78805631135509,2.76886697213449,0.0191893392206053,2.28257272773986,1.28748324422045
9.49,0.14331520938844,27.7777777777778,0.2,0.149973352857121,2.77273246346531,2.77157049585173,0.00116196761358056,2.28257302757589,1.29412153570385
9.5,0.143337973206346,27.7777777777778,0.2,0.15,2.75249004775475,2.77418774029179,-0.0216976925370433,2.28257302812298,1.30054797515606
9.51,0.14331520938844,27.7777777777778,0.2,0.149973352857121,2.72720077738957,2.7767196116437,-0.0495188342541359,2.28257302812397,1.30676478765349
9.52,0.143246926022595,27.7777777777778,0.2,0.149893420896088,2.6975238715772,2.77915843329971,-0.08163456172251,2.48189573900158,1.31275312388497
9.53,0.143133147369567,27.7777777777778,0.2,0.149760232516346,2.66203965949967,2.78152123114657,-0.119481571646904,-1.46169273674564,1.31855478958658
9.54,0.14297391385437,27.7777777777778,0.2,0.149573835039092,2.64023284763489,2.78358381106855,-0.14335096343366,6.51700214766548,1.32361929360502
9.55,0.142769282051913,27.7777777777778,0.2,0.149334294690462,2.56482256988176,2.78612209836758,-0.22129952848582,-6.51700214766548,1.32985185995985
9.56,0.142519324666902,27.7777777777778,0.2,0.149041696578001,2.61226050480139,2.78710817285662,-0.174847668055229,-3.13177258791945,1.33227308890666
9.57,0.142224130508005,27.7777777777778,0.2,0.148696144660426,2.62088397056015,2.78843463309757,-0.16755066253742,6.51700214766548,1.3355301085009
9.58,0.1418838044563,27.7777777777778,0.2,0.148297761710687,2.56713787569826,2.79034743758059,-0.22320956188233,-1.9295724249107,1.34022685061864
9.59,0.141498467428015,27.7777777777778,0.2,0.14784668927235,2.5555559311465,2.79163262562362,-0.236076694477111,-3.40164812060819,1.34338252955208
9.6,0.14106825633156,27.7777777777778,0.2,0.147343087609303,2.59965835159611,2.7921623580761,-0.192504006479992,3.69398974025793,1.34468324624466
9.61,0.140593324018889,27.7777777777778,0.2,0.146787135648821,2.56044619712749,2.79352529569673,-0.233079098569237,-6.51700214766548,1.34802983319772
9.62,0.140073839231191,27.7777777777778,0.2,0.146179030917987,2.65767245733831,2.79319368444926,-0.135521227110947,6.51862586066548,1.34721558766112
9.63,0.139509986538939,27.7777777777778,0.2,0.145518989473516,2.59304388580121,2.79460775811157,-0.201563872310355,-1.29972866287926,1.35068773517347
9.64,0.138901966276308,27.7777777777778,0.2,0.144807245824991,2.60156553173075,2.79502565774852,-0.193460126017769,-6.47301835532394,1.35171385511583
9.65,0.138249994470003,27.7777777777778,0.2,0.144044052851541,2.6434055608368,2.79493031539111,-0.151524754554303,-6.19310708970888,1.35147974939847
9.66,0.137554302762502,27.7777777777778,0.2,0.143229681711996,2.69328061453506,2.79461655102167,-0.101335936486607,4.92491820509645,1.35070932547796
9.67,0.136815138329756,27.7777777777778,0.2,0.142364421748544,2.62087806911687,2.79557427537997,-0.174696206263097,-6.51700214766548,1.35306094289142
9.68,0.136032763793369,27.7777777777778,0.2,0.14144858038393,2.70661713852427,2.79454007300228,-0.0879229344780108,3.20449815637493,1.35052153967029
9.69,0.135207457127287,27.7777777777778,0.2,0.140482483012229,2.6223685670069,2.79534583344039,-0.172977266433492,-6.51700214766548,1.3525000215382
9.7,0.134339872864907,27.7777777777778,0.2,0.139466472883238,2.67065024378715,2.79443593289233,-0.123785689105184,-4.39626726486557,1.35026583175824
9.71,0.133430318372547,27.7777777777778,0.2,0.138400910980517,2.71442362613686,2.79344547596835,-0.079021849831495,0.88550349004626,1.34783384208446
9.72,0.132478790071911,27.7777777777778,0.2,0.137286175893138,2.63554430051358,2.79373997676998,-0.158195676256395,-6.51862586066548,1.3485569658177
9.73,0.131485626036474,27.7777777777778,0.2,0.136122663681167,2.70576977684853,2.79209981108817,-0.0863300342396425,6.49272492533141,1.34452966699747
9.74,0.130451179132688,27.7777777777778,0.2,0.134910787734956,2.59764441205009,2.79242448766907,-0.194780075618982,-6.51700214766548,1.34532688500154
9.75,0.129375816894614,27.7777777777778,0.2,0.133650978628255,2.63977127847687,2.79077212404399,-0.151000845567124,-6.51862586066548,1.34126963508363
9.76,0.128259921393334,27.7777777777778,0.2,0.132343683965243,2.72685552481484,2.78844907432237,-0.0615935495075313,-0.877191487670042,1.3355655678013
9.77,0.127103889101205,27.7777777777778,0.2,0.130989368221488,2.68193568172934,2.78755568137278,-0.105619999643435,-3.06858682817192,1.333371911141
9.78,0.125905854877481,27.7777777777778,0.2,0.129588512578925,2.68000933322293,2.78594986457091,-0.105940531347975,-6.51700214766548,1.3294289533146
9.79,0.124662792747544,27.7777777777778,0.2,0.128141614754894,2.74451884631893,2.78336357786927,-0.0388447315503408,-0.917326288460282,1.32307852817292
9.8,0.123380616408622,27.7777777777778,0.2,0.126649188825302,2.70464028999025,2.78188536441699,-0.0772450744267461,-3.18583784039438,1.31944889041227
9.81,0.122059781411861,27.7777777777778,0.2,0.125111765041976,2.68834665929971,2.77991798635224,-0.0915713270525282,-2.35913369442822,1.31461814712395
9.82,0.120700757043647,27.7777777777778,0.2,0.123529889644264,2.68931968000346,2.7775552868557,-0.0882356068522396,-1.11500668080456,1.30881672291386
9.83,0.119304026158868,27.7777777777778,0.2,0.121904124664964,2.64797267394129,2.77553089067761,-0.127558216736313,-6.51700214766548,1.30384597609839
9.84,0.117870085009354,27.7777777777778,0.2,0.120235047730632,2.72577335924897,2.77181943656488,-0.0460460773159053,0.938716030615711,1.2947327901957
9.85,0.116391193198243,27.7777777777778,0.2,0.118523251856354,2.67145814435778,2.7695923873802,-0.0981342430224221,-1.72043215580185,1.28926444473918
9.86,0.114874574758135,27.7777777777778,0.2,0.116769345235054,2.63485469769704,2.76691774077544,-0.132063043078397,-6.51700214766548,1.28269705875168
9.87,0.113322081633007,27.7777777777778,0.2,0.114973951021402,2.73283225621495,2.76232611107606,-0.029493854861101,1.2437163797201,1.27142267039179
9.88,0.111734265416272,27.7777777777778,0.2,0.113137707110415,2.69327977470248,2.75933906817245,-0.0660592934699711,-1.81691940982104,1.26408821967434
9.89,0.110111690251473,27.7777777777778,0.2,0.111261265910811,2.63137374592308,2.75641720380668,-0.125043457883605,6.23226684500462,1.25691380976952
9.9,0.108455266546887,27.7777777777778,0.2,0.109345294113212,2.49108098147024,2.75429073238013,-0.263209750909887,-6.51862586066548,1.2516924251482
9.91,0.106765912114482,27.7777777777778,0.2,0.107390472453275,2.55951799850774,2.74917792183702,-0.189659923329276,4.35429463107712,1.23913831790359
9.92,0.105043583899244,27.7777777777778,0.2,0.105397495469827,2.52836773888595,2.74522236237644,-0.216854623490487,-3.84019004137556,1.22942575037116
9.93,0.103288893836187,27.7777777777778,0.2,0.103367071258102,2.54844517157166,2.73879753147531,-0.190352359903648,-6.51700214766548,1.21750615646825
9.94,0.101502465358335,27.7777777777778,0.2,0.101299921218154,2.64019127023661,2.73012336671108,-0.0899320964744676,0.448718240204149,1.20272568200913
9.95,0.0996434953252798,27.7777777777778,0.2,0.0991967797985476,2.58824874351101,2.72389058839862,-0.135641844887612,0.861524416158538,1.19210524498025
9.96,0.0976851866323385,27.7777777777778,0.2,0.0970583942354166,2.52921715074376,2.71726325804757,-0.188046107303817,-3.96566827621236,1.18081250502794
9.97,0.0956952975393508,27.7777777777778,0.2,0.0948855242869685,2.54422128598389,2.70880942328745,-0.164588137303557,-6.0170189572319,1.1664074652172
9.98,0.0936745350444367,27.7777777777778,0.2,0.0926789419635501,2.62273813532044,2.698766742537,-0.0760286072165628,-6.51700214766548,1.14929508721105
9.99,0.0916236171148883,27.7777777777778,0.2,0.0904394312533536,2.7158175002729,2.68813074266749,0.0276867576054078,-1.63372812864457,1.13117171410349
10,0.0895440195820557,27.7777777777778,0.2,0.088167787843871,2.69778747424634,2.67949815803712,0.0182893162092186,-2.14875508013201,1.11646209074338
10.01,0.0874359264004496,27.7777777777778,0.2,0.0858648188391889,2.64849105576966,2.67114586504021,-0.0226548092705561,-1.83119070783776,1.10223007455838
10.02,0.0852999073717441,27.7777777777778,0.2,0.0835313424732283,2.57476002529128,2.66292296930303,-0.0881629440117586,-2.152206291687,1.08821854679439
10.03,0.0831367214133295,27.7777777777778,0.2,0.0811681878190317,2.52563606930385,2.65377335511303,-0.128137285809181,-2.48726166680493,1.07262792308341
10.04,0.0809025434624578,27.7777777777778,0.2,0.0787761944941941,2.54622528397927,2.64263712893747,-0.0964118449582037,-1.89014312010355,1.05365218178348
10.05,0.0785991582228538,27.7777777777778,0.2,0.0763562123625556,2.53673946103955,2.63169319985551,-0.0949537388159558,0.684918124619702,1.0350041080294
10.06,0.0762699510838679,27.7777777777778,0.2,0.0739091012322438,2.50235296473571,2.62096602372188,-0.118613058986162,-6.51700214766548,1.01672537374532
10.07,0.0739157496017056,27.7777777777778,0.2,0.0714357305501909,2.53437127179734,2.60840875144484,-0.0740374796474996,-3.88296653562433,0.995328219412667
10.08,0.0714986047188559,27.7777777777778,0.2,0.0689369790932233,2.5412374270241,2.59078167879305,-0.0495442517689493,-1.24613975920765,0.974155582370594
10.09,0.0690048690778225,27.7777777777778,0.2,0.0664137346558353,2.53810522160572,2.56159826864335,-0.0234930470376211,-2.75895270849384,0.952487488752393
10.1,0.0664878129088611,27.7777777777778,0.2,0.0638668937347611,2.53993335179343,2.5313871047777,0.00854624701572959,-1.19895998425873,0.93005630872245
10.11,0.0639483305100428,27.7777777777778,0.2,0.0612973612104525,2.48147281912652,2.50356376295685,-0.0220909438303321,-2.05750045210335,0.909398038415703
10.12,0.061387666773194,27.7777777777778,0.2,0.0587060500255802,2.3941573370136,2.47638573678851,-0.0822283997749143,-6.51700214766548,0.8892189019696
10.13,0.0588067380379422,27.7777777777778,0.2,0.05609388086067,2.45388623554254,2.44047410817615,0.0134121273663901,-2.25653645901256,0.862555241802301
10.14,0.0562061177668918,27.7777777777778,0.2,0.0534617818069875,2.46479537350048,2.40663399753204,0.0581613759684383,3.49874307938469,0.837429641958914
10.15,0.0535867299480423,27.7777777777778,0.2,0.0508106880367938,2.34454065885544,2.37915685020064,-0.0346161913452003,6.51700214766548,0.817028414080343
10.16,0.0508523890002166,27.7777777777778,0.2,0.0481415414710814,2.10221511667534,2.35653835104831,-0.254323234372976,-6.51700214766548,0.800234634511004
10.17,0.0480578907493967,27.7777777777778,0.2,0.0454552904449162,2.11974593479076,2.31834144578484,-0.198595510994079,-3.52817968795762,0.771874202507729
10.18,0.0452465916556331,27.7777777777778,0.2,0.0427528893704965,2.18255464523855,2.27735648000752,-0.0948018347689712,-6.51700214766548,0.741443691787897
10.19,0.042419490560108,27.7777777777778,0.2,0.0400352983980566,2.31016179494744,2.20260523259342,0.10755656235402,-6.51862586066548,0.708046185589976
10.2,0.0395780623170925,27.7777777777778,0.2,0.0373034830747281,2.43515968632529,2.12151888538814,0.313640800937145,6.51700214766548,0.674559178404564
10.21,0.0367228547106947,27.7777777777778,0.2,0.0345584140014884,2.22505464860749,2.073430295324,0.151624353283491,6.51700214766548,0.654699571744298
10.22,0.0338548760248896,27.7777777777778,0.2,0.0318010664883082,1.94258349676617,2.03046023604866,-0.08787673928249,6.51700214766548,0.636953813878699
10.23,0.0309601006213986,27.7777777777778,0.2,0.0290324202076289,1.66964436748703,1.98417555337269,-0.314531185885659,-6.51700214766548,0.61783918416895
10.24,0.0280264316258624,27.7777777777778,0.2,0.0262534588462915,1.74901314870568,1.90004909367366,-0.151035944967975,6.51700214766548,0.583096672543743
10.25,0.0250829156171545,27.7777777777778,0.2,0.0234651697560349,1.57154759806817,1.84256939940906,-0.271021801340895,-6.51700214766548,0.559358731432879
10.26,0.0221305984124966,27.7777777777778,0.2,0.0206685436026958,1.53628811917724,1.76897269282907,-0.232684573651822,-2.75474813257706,0.528964793032522
10.27,0.0191372325419968,27.7777777777778,0.2,0.0178645740142308,1.67106929814034,1.67744934059119,-0.00638004245085222,-5.07776632531754,0.491167515689841
10.28,0.0161266429516862,27.7777777777778,0.2,0.0150542572276825,1.75874369109782,1.56416722351937,0.194576467578451,4.00235461390882,0.455469195950377
10.29,0.0131103234883545,27.7777777777778,0.2,0.0122385917352235,1.66010763409955,1.47572340031305,0.184384233786496,-3.1424373329045,0.427723378585486
10.3,0.01008937096672,27.7777777777778,0.2,0.00941857792939678,1.54123086086211,1.3886193734217,0.152611487440403,6.51700214766548,0.400397870322055
10.31,0.00706493049815402,27.7777777777778,0.2,0.00659521774767968,1.35919223805871,1.30889716721022,0.0502950708484839,-3.20805967967478,0.375388121836738
10.32,0.00403797989342258,27.7777777777778,0.2,0.00376951431650075,1.24327377262148,1.21876507329341,0.024508699328063,-5.76467866813085,0.347112675051754
10.33,0.00100959461366204,27.7777777777778,0.2,0.000942471594833876,1.24188846896186,1.11222647895384,0.129661990008022,6.51700214766548,0.313690325432582
10.34,-0.00201914937025714,27.7777777777778,0.2,-0.00188490598250268,0.938220983439446,1.04742539808653,-0.109204414647082,-6.51862586066548,0.293361500992262
10.35,-0.00504717596001977,27.7777777777778,0.2,-0.00471161386171912,0.914233266166831,0.942048939255857,-0.0278156730890258,6.51700214766548,0.260303726290979
10.36,-0.00807340931219625,27.7777777777778,0.2,-0.00753664772696514,0.777962659017239,0.846878466699713,-0.0689158076824741,-3.32276708624174,0.232306832916813
10.37,-0.0110967897376917,27.7777777777778,0.2,-0.0103590038571609,0.72518387114435,0.731307524705595,-0.00612365356124511,-2.91567948364157,0.200604622307429
10.38,-0.0141163338464064,27.7777777777778,0.2,-0.0131776794826116,0.680019855245268,0.614952432706162,0.0650674225391064,-6.51700214766548,0.168687311879796
10.39,-0.0171308623353528,27.7777777777778,0.2,-0.015991673141289,0.810804562152297,0.471229283924046,0.339575278228251,6.51700214766548,0.12926268269951
10.4,-0.0201393041569132,27.7777777777778,0.2,-0.0187999850346457,0.556349270593854,0.390280416884277,0.166068853709577,-6.51700214766548,0.107057637147348
10.41,-0.0231156173686553,27.7777777777778,0.2,-0.0216016173828377,0.500468421808981,0.276598806017083,0.223869615791898,-2.2824278655552,0.0758736880686144
10.42,-0.0260651172439279,27.7777777777778,0.2,-0.0243955747792325,0.465572258558293,0.160637493581954,0.304934764976339,-3.57672958158955,0.0440643951276075
10.43,-0.0290054669516894,27.7777777777778,0.2,-0.0271808645440704,0.458687767572509,0.0408271601871463,0.417860607385363,6.51700214766548,0.0111992790618755
10.44,-0.03193562179969,27.7777777777778,0.2,-0.0299564970771609,0.105781367623404,-0.0238054343200681,0.129586801943472,-6.27947494717107,-0.00653005746462688
10.45,-0.0348122251184305,27.7777777777778,0.2,-0.0327214862094816,-0.0936115741806425,-0.113949054169344,0.0203374799887011,-4.62795526236482,-0.0312573113248524
10.46,-0.0376760597810344,27.7777777777778,0.2,-0.0354748495535588,-0.173168861539368,-0.222976004791888,0.0498071432525193,1.73228493345412,-0.0611644427464401
10.47,-0.0405267846950083,27.7777777777778,0.2,-0.0382156088525075,-0.234025458319079,-0.333846655969159,0.0998211976500796,6.51700214766548,-0.0915773187979328
10.48,-0.0433635514781076,27.7777777777778,0.2,-0.0409427903275988,-0.524645503889524,-0.407709760099337,-0.116935743790188,-5.70299496225533,-0.111838672067139
10.49,-0.0461854965759566,27.7777777777778,0.2,-0.0436554250242406,-0.569821068551552,-0.520621391502185,-0.0491996770493667,-3.89597432501475,-0.142811408442035
10.5,-0.0489913060835964,27.7777777777778,0.2,-0.0463525491562418,-0.608862480100998,-0.632673015963037,0.0238105358620391,6.51700214766548,-0.173548236718145
10.51,-0.0517799831102694,27.7777777777778,0.2,-0.0490332044482414,-0.889742039004397,-0.7055152096134,-0.184226829390997,-6.51700214766548,-0.193529544514969
10.52,-0.0544618871897616,27.7777777777778,0.2,-0.0516964384761774,-0.755340754015926,-0.841579961573889,0.0862392075579622,6.51700214766548,-0.230853402473871
10.53,-0.0570751222430655,27.7777777777778,0.2,-0.0543413050056815,-0.690027365356809,-0.953420437823519,0.26339307246671,6.51700214766548,-0.26387109268227
10.54,-0.0596692809954181,27.7777777777778,0.2,-0.0569668643282702,-0.914516416067921,-1.0179063959079,0.103389979839978,-6.51700214766548,-0.284101059578152
10.55,-0.0622434417545665,27.7777777777778,0.2,-0.0595721835952174,-0.93400682615527,-1.1105809579091,0.176574131753829,6.51700214766548,-0.313174107061164
10.56,-0.0647972609113104,27.7777777777778,0.2,-0.0621563371489928,-1.18363629158727,-1.17105609446592,-0.0125801971213468,-6.51700214766548,-0.3321458343474
10.57,-0.0673293677650458,27.7777777777778,0.2,-0.0647184068521438,-1.22332959775649,-1.26001337360772,0.0366837758512313,-6.51700214766548,-0.360052728586788
10.58,-0.0698387493884912,27.7777777777778,0.2,-0.0672574824135047,-1.04637280123805,-1.37643475837033,0.330061957132282,6.51700214766548,-0.396575420187937
10.59,-0.0723245142103047,27.7777777777778,0.2,-0.0697726617116184,-1.16262099470651,-1.45062871522852,0.288007720522012,6.51700214766548,-0.419850894968847
10.6,-0.074703209125923,27.7777777777778,0.2,-0.0722630511152573,-1.47720733935917,-1.49719665995142,0.0199893205922455,-6.51700214766548,-0.434459780502046
10.61,-0.0770491716653053,27.7777777777778,0.2,-0.0747277658009235,-1.3777861453263,-1.59908961516791,0.221303469841613,6.51700214766548,-0.466424741125817
10.62,-0.0793698630081496,27.7777777777778,0.2,-0.0771659300672261,-1.54468462603146,-1.66325037443382,0.118565748402363,-6.51700214766548,-0.486552689512127
10.63,-0.081664458623871,27.7777777777778,0.2,-0.0795766776460101,-1.49266859306995,-1.73677393701378,0.244105343943836,-1.56079254639165,-0.51566736375484
10.64,-0.0838607547002649,27.7777777777778,0.2,-0.0819591520101402,-1.47683725171466,-1.80105698240936,0.324219730694699,6.51700214766548,-0.542214950090333
10.65,-0.086014969941004,27.7777777777778,0.2,-0.0843125066778198,-1.75328057334607,-1.83538826916608,0.082107695820016,-6.51700214766548,-0.556393071141916
10.66,-0.0881417641937073,27.7777777777778,0.2,-0.0866359055133402,-1.78681874885116,-1.89417630914583,0.107357560294678,-6.51700214766548,-0.580671332342096
10.67,-0.0902403818185044,27.7777777777778,0.2,-0.0889285230241588,-1.61730827834649,-1.97144209549604,0.354133817149548,6.51700214766548,-0.61258052583611
10.68,-0.0923105622658833,27.7777777777778,0.2,-0.0911895446541905,-1.81570080908273,-2.01096736513877,0.195266556056042,-1.10801946741662,-0.62890365585923
10.69,-0.0943515088246849,27.7777777777778,0.2,-0.0934181670732169,-2.08090491810029,-2.04436435284707,-0.0365405652532202,-6.51862586066548,-0.642695930464077
10.7,-0.0963620594232916,27.7777777777778,0.2,-0.0956135984623038,-2.0779712390557,-2.1037232043038,0.0257519652481091,6.51700214766548,-0.667209925159354
10.71,-0.0983414997226489,27.7777777777778,0.2,-0.097775058795132,-2.27529384623618,-2.14237294463525,-0.132920901600928,-6.51862586066548,-0.683171479438239
10.72,-0.100289126437044,27.7777777777778,0.2,-0.0999017801151378,-2.22939580943838,-2.20390634895666,-0.0254894604817255,-1.02179133124607,-0.708583520104436
10.73,-0.10210142905812,27.7777777777778,0.2,-0.101993006808363,-2.20220139570093,-2.26043399713193,0.0582326014310013,6.51700214766548,-0.731928285602724
10.74,-0.103877348035393,27.7777777777778,0.2,-0.104047995871921,-2.3629824165364,-2.28545375959654,-0.0775286569398577,-6.51700214766548,-0.747455758619281
10.75,-0.105621319522895,27.7777777777778,0.2,-0.106066017177982,-2.18272599268543,-2.32379780937256,0.141071816687123,6.51700214766548,-0.775925442456283
10.76,-0.107332723895862,27.7777777777778,0.2,-0.108046353733186,-2.32420549565824,-2.34436304191172,0.0201575462534747,-6.51862586066548,-0.791194712964859
10.77,-0.10901095310047,27.7777777777778,0.2,-0.109988301933384,-2.2740203830911,-2.37456392520755,0.100543542116446,-5.30587933192973,-0.813618259878995
10.78,-0.110656375410957,27.7777777777778,0.2,-0.111891171813627,-2.21188741040323,-2.40455583063978,0.192668420236548,6.51700214766548,-0.83588664494298
10.79,-0.11226742770885,27.7777777777778,0.2,-0.113754287293309,-2.35285074591461,-2.4236927103325,0.0708419644178888,-4.56560395336629,-0.850095392262607
10.8,-0.113843531628654,27.7777777777778,0.2,-0.115576986416369,-2.33126389578482,-2.45075807276181,0.119494176976983,0.371616549704778,-0.870190878154087
10.81,-0.115384127188152,27.7777777777778,0.2,-0.117358621586488,-2.3736945275518,-2.47401420286577,0.100319675313969,-1.10161085494543,-0.887458085848625
10.82,-0.116888667021076,27.7777777777778,0.2,-0.119098559797175,-2.43254181904233,-2.49602949198647,0.0634876729441385,-1.9230522342868,-0.903803994131858
10.83,-0.11835216868753,27.7777777777778,0.2,-0.120796182856668,-2.51432912465452,-2.51649266992325,0.00216354526873541,-1.92170233041796,-0.918997491155871
10.84,-0.119773762374326,27.7777777777778,0.2,-0.122450887607578,-2.61116401953948,-2.53583106543117,-0.0753329541083083,-1.92169986733757,-0.933355859905162
10.85,-0.121157978901348,27.7777777777778,0.2,-0.124062086141184,-2.71257778803434,-2.55459332478905,-0.157984463245285,-6.51700214766548,-0.947286459179549
10.86,-0.122504326463055,27.7777777777778,0.2,-0.125629206006321,-2.63023086782804,-2.58178206822931,-0.0484487995987255,6.43525566760676,-0.967473552983963
10.87,-0.123812326708569,27.7777777777778,0.2,-0.127151690412763,-2.74202680449536,-2.5988231689963,-0.143203635499061,-0.254584767268581,-0.980126226707905
10.88,-0.12508151491163,27.7777777777778,0.2,-0.128628998429048,-2.85859336694271,-2.60668904954997,-0.251904317392739,-6.47355188861957,-0.992397907316323
10.89,-0.126311104937833,27.7777777777778,0.2,-0.130060605174674,-2.83517454769923,-2.61658876385078,-0.21858578384845,-6.51700214766548,-1.00926667547474
10.9,-0.127493667779978,27.7777777777778,0.2,-0.13144600200658,-2.73534425794641,-2.62767374485413,-0.107670513092282,-6.32124617325632,-1.02815509678714
10.91,-0.128636366077535,27.7777777777778,0.2,-0.132784696699868,-2.67377122329086,-2.63760819929626,-0.0361630239946082,-6.51700214766548,-1.04508306093565
10.92,-0.12973879383524,27.7777777777778,0.2,-0.134076213622689,-2.56215316366364,-2.64821745607291,0.0860642924092785,-1.49748711655456,-1.06316086474499
10.93,-0.13080055936576,27.7777777777778,0.2,-0.13532009390523,-2.57310802177742,-2.65609688420283,0.0829888624254047,3.65150725992837,-1.07658713567622
10.94,-0.131821285428857,27.7777777777778,0.2,-0.136515895602749,-2.6621891376286,-2.66228492700814,9.57893795341391e-05,-2.17414010353149,-1.08713134495998
10.95,-0.132800609365423,27.7777777777778,0.2,-0.137663193852597,-2.72888075579793,-2.66879603797732,-0.0600847178206103,-2.0917075769076,-1.09822605113589
10.96,-0.133738183226325,27.7777777777778,0.2,-0.138761581025169,-2.80041536058429,-2.67506826649355,-0.12534709409074,-2.09155716772333,-1.10891370993714
10.97,-0.134633673896035,27.7777777777778,0.2,-0.139810666868732,-2.86909756549294,-2.68124111012553,-0.187856455367414,-6.51700214766548,-1.11943202035924
10.98,-0.135487311798222,27.7777777777778,0.2,-0.140810078648081,-2.79020750348843,-2.69005202228584,-0.100155481202592,1.40057869236332,-1.13444550761558
10.99,-0.13629833958407,27.7777777777778,0.2,-0.141759461276971,-2.84365754436248,-2.69604603963228,-0.147611504730198,-5.51608761994556,-1.14465910427932
11,-0.137066340882411,27.7777777777778,0.2,-0.142658477444273,-2.82360860819201,-2.70324256815706,-0.120366040034952,-4.88951482892354,-1.15692173808279
11.01,-0.137791042826039,27.7777777777778,0.2,-0.143506807733824,-2.80150749857743,-2.71023414748521,-0.0912733510922155,-6.24067913694045,-1.16883514559782
11.02,-0.138472187931805,27.7777777777778,0.2,-0.144304150737913,-2.74487048330473,-2.71761524598773,-0.0272552373170067,-1.8690306416481,-1.18141228021101
11.03,-0.139109534192096,27.7777777777778,0.2,-0.145050223164365,-2.73090628404006,-2.72396010024119,-0.00694618379886469,-2.2429880554734,-1.19222369073747
11.04,-0.139702855160821,27.7777777777778,0.2,-0.145744759937201,-2.72937622941824,-2.72987150314222,0.000495273723980727,-2.2436703908557,-1.20229651526537
11.05,-0.140251940033864,27.7777777777778,0.2,-0.146387514290812,-2.73877302698219,-2.73539258862861,-0.00338043835357427,-2.24367163586798,-1.2117042525215
11.06,-0.140756593723986,27.7777777777778,0.2,-0.146978257857637,-2.7552424317583,-2.74060427247363,-0.01463815928467,-3.04473866953052,-1.22058478016353
11.07,-0.141216636930132,27.7777777777778,0.2,-0.147516780749299,-2.76656145171875,-2.745176024474,-0.0213854272447533,-2.07202505771686,-1.22931197126828
11.08,-0.141631906201142,27.7777777777778,0.2,-0.14800289163118,-2.78870250021084,-2.74846913735417,-0.0402333628566658,-2.25440116564286,-1.23739795292509
11.09,-0.142002253993821,27.7777777777778,0.2,-0.148436417790398,-2.81027170319174,-2.75164476737735,-0.0586269358143934,-2.25473393527577,-1.24519546459582
11.1,-0.142327548725363,27.7777777777778,0.2,-0.148817205197172,-2.82660314279418,-2.75475635613416,-0.0718467866600205,-2.25473454245853,-1.25283572793528
11.11,-0.142607674820097,27.7777777777778,0.2,-0.14914511855955,-2.83652482210627,-2.75781283216863,-0.0787119899376365,-2.25473454356642,-1.26034066628645
11.12,-0.142842532750557,27.7777777777778,0.2,-0.149420041371476,-2.84013132365204,-2.760808209739,-0.0793231139130417,-2.25473454356844,-1.26769558212762
11.13,-0.143032039072838,27.7777777777778,0.2,-0.149641875954184,-2.83790035473676,-2.76373289848762,-0.0741674562491386,-2.25473454356844,-1.27487692708412
11.14,-0.143176126456246,27.7777777777778,0.2,-0.149810543490903,-2.830330747546,-2.76657799648121,-0.0637527510647877,-2.25473454356844,-1.28186284315353
11.15,-0.143274743707219,27.7777777777778,0.2,-0.14992598405486,-2.81775574846249,-2.76933773987673,-0.0484180085857542,-6.51700214766548,-1.28863917766912
11.16,-0.143327855787519,27.7777777777778,0.2,-0.149988156630572,-2.74624148804136,-2.772643737311,0.0264022492696401,-1.7726962495879,-1.29675679634288
11.17,-0.143335443826676,27.7777777777778,0.2,-0.149997039128421,-2.72739508303637,-2.77516445151557,0.0477693684792015,-2.27286889412879,-1.3029462133358
11.18,-0.143297505128695,27.7777777777778,0.2,-0.149952628392495,-2.70160589765365,-2.7776279632863,0.0760220656326402,-2.27378152610239,-1.30899517421696
11.19,-0.143214053173016,27.7777777777778,0.2,-0.149854940201719,-2.67033586451557,-2.78001529818907,0.109679433673497,0.429126050378834,-1.3148570887443
11.2,-0.14308511760972,27.7777777777778,0.2,-0.149704009264241,-2.65402653003821,-2.78209222669359,0.128065696655387,5.2003181347209,-1.3199568245873
11.21,-0.142910744249,27.7777777777778,0.2,-0.149499889205104,-2.64305647726018,-2.78397665928183,0.14092018202164,-0.947593975987969,-1.32458390173174
11.22,-0.142690995044881,27.7777777777778,0.2,-0.149242652547195,-2.61865052543158,-2.78588685993326,0.167236334501681,-6.51700214766548,-1.32927425034424
11.23,-0.142425948073208,27.7777777777778,0.2,-0.148932390685472,-2.56983908561726,-2.78793997388162,0.218100888264362,-0.581408833165294,-1.33431551140325
11.24,-0.142115697503908,27.7777777777778,0.2,-0.148569213854498,-2.54921330326389,-2.7895310764542,0.240317773190313,6.51700214766548,-1.33822233958804
11.25,-0.141760353567531,27.7777777777778,0.2,-0.148153251089271,-2.56612476890365,-2.7905719561729,0.224447187269249,-0.686959038204344,-1.34077813849884
11.26,-0.141360042516086,27.7777777777778,0.2,-0.147684650179381,-2.56240699832689,-2.79172804871957,0.229321050392683,6.51700214766548,-1.34361683351663
11.27,-0.140914906578183,27.7777777777778,0.2,-0.1471635776165,-2.64232246210761,-2.79181061828143,0.149488156173818,-6.51700214766548,-1.34381957663139
11.28,-0.140425103908501,27.7777777777778,0.2,-0.146590218535229,-2.59527102741574,-2.79323824340034,0.197967215984601,6.51700214766548,-1.34732499868778
11.29,-0.139890808531597,27.7777777777778,0.2,-0.145964776647319,-2.70045230717683,-2.79278083504228,0.0923285278654444,-6.51700214766548,-1.3462018681643
11.3,-0.139312210280075,27.7777777777778,0.2,-0.145287474169295,-2.62430137166691,-2.79429520429868,0.169993832631768,6.51862586066548,-1.34992028368009
11.31,-0.138689514727137,27.7777777777778,0.2,-0.144558551743502,-2.68609995797554,-2.79406221531967,0.107962257344126,-2.3542873397287,-1.34934819742642
11.32,-0.138022943113548,27.7777777777778,0.2,-0.143778268352606,-2.63834618885714,-2.79496013959031,0.156613950733172,-3.2377995731672,-1.3515529803919
11.33,-0.137312732269029,27.7777777777778,0.2,-0.142946901227583,-2.58990923002436,-2.79570428352158,0.205795053497217,6.51700214766548,-1.35338016773627
11.34,-0.136559134528112,27.7777777777778,0.2,-0.142064745749212,-2.69867037998708,-2.7944866709644,0.0958162909773197,-5.55567636934207,-1.3503904151342
11.35,-0.135762417640485,27.7777777777778,0.2,-0.141132115343134,-2.65664403087148,-2.79489669331042,0.138252662438934,3.49994365310699,-1.35139719300348
11.36,-0.134922864675864,27.7777777777778,0.2,-0.140149341368492,-2.7101280139217,-2.79404118629387,0.0839131723721738,-3.23915482466996,-1.34929656229484
11.37,-0.134041372046904,27.7777777777778,0.2,-0.139116773000199,-2.61905233485791,-2.79472755868823,0.175675223830324,5.87329045518805,-1.35098189613929
11.38,-0.133117789639546,27.7777777777778,0.2,-0.13803477710488,-2.64550667045436,-2.79385414601624,0.14834747556188,1.71964924008864,-1.34883729949121
11.39,-0.132152344463884,27.7777777777778,0.2,-0.136903738110525,-2.63583287513674,-2.7932657175236,0.157432842386854,1.48719616951364,-1.34739245925314
11.4,-0.131145379537992,27.7777777777778,0.2,-0.135724057869903,-2.62631274313283,-2.79250979411724,0.166197050984408,3.15201484573577,-1.34553634832704
11.41,-0.130097252631711,27.7777777777778,0.2,-0.134496155517785,-2.65536814553604,-2.79114937602121,0.135781230485168,0.881848803249511,-1.34219594786998
11.42,-0.129008336139542,27.7777777777778,0.2,-0.133220467322032,-2.6092061109808,-2.79052164575991,0.18131553477911,6.51700214766548,-1.34065460520638
11.43,-0.12787901694833,27.7777777777778,0.2,-0.131897446528584,-2.73228337191281,-2.78770492522764,0.0554215533148272,-1.59258022412004,-1.33373836777845
11.44,-0.126709696299804,27.7777777777778,0.2,-0.130527563200429,-2.67260516030189,-2.78694883687926,0.11434367657737,5.33420903215933,-1.33188185185009
11.45,-0.125495874407677,27.7777777777778,0.2,-0.129111304050592,-2.68399083092745,-2.78512926968499,0.101138438757538,1.82298650496185,-1.32741404661791
11.46,-0.124239724445853,27.7777777777778,0.2,-0.127649172269204,-2.69621385984931,-2.78312689671765,0.0869130368683386,5.02317610260653,-1.32249737607757
11.47,-0.122944610589196,27.7777777777778,0.2,-0.126141687344725,-2.7358477790285,-2.78061773103314,0.0447699520046485,1.36110642031275,-1.31633631557432
11.48,-0.121610992985493,27.7777777777778,0.2,-0.124589384879372,-2.70836153819757,-2.77875783915024,0.0703963009526696,1.68313667300296,-1.31176949621645
11.49,-0.120239345462727,27.7777777777778,0.2,-0.122992816398818,-2.66312998158997,-2.77691973671624,0.113789755126274,1.68372426032562,-1.30725617914978
11.5,-0.118830155360733,27.7777777777778,0.2,-0.121352549156242,-2.64413994500533,-2.77455306128035,0.130413116275022,2.5610638602334,-1.30144499233094
11.51,-0.117382075149971,27.7777777777778,0.2,-0.119669165930786,-2.66064858740033,-2.77155264595784,0.110904058557513,1.37686501260568,-1.29407770668255
11.52,-0.115889673320886,27.7777777777778,0.2,-0.117943264820493,-2.63195713860381,-2.76892214625478,0.136965007650975,6.51700214766548,-1.28761871996661
11.53,-0.114361036147095,27.7777777777778,0.2,-0.11617545902981,-2.70507148601416,-2.76479933764031,0.0597278516261421,1.62420035246741,-1.27749548519023
11.54,-0.112796706746105,27.7777777777778,0.2,-0.114366376651717,-2.69554000346674,-2.76155947130729,0.0660194678405492,1.12186645465376,-1.2695402462742
11.55,-0.111197240916705,27.7777777777778,0.2,-0.112516660444569,-2.66642050300532,-2.75836587183913,0.0919453688338083,1.72605180469388,-1.26169861203379
11.56,-0.109563206941489,27.7777777777778,0.2,-0.110626967603726,-2.64636387790566,-2.75483751823883,0.108473640333178,3.75954157760156,-1.25303501514877
11.57,-0.107895849450408,27.7777777777778,0.2,-0.108697969528057,-2.64624085246193,-2.75083854042124,0.104597687959313,6.51700214766548,-1.2432158372294
11.58,-0.106195436483026,27.7777777777778,0.2,-0.106730351581393,-2.73669307289625,-2.74543295228451,0.00873987938826115,0.385903210218877,-1.22994283745433
11.59,-0.104462252420086,27.7777777777778,0.2,-0.104724812849021,-2.68516538074406,-2.74077849131316,0.055613110569102,1.89779776001535,-1.22088164299448
11.6,-0.102696913053633,27.7777777777778,0.2,-0.102682065889303,-2.60888528950325,-2.73559269652213,0.126707407018885,6.51700214766548,-1.2120452293982
11.61,-0.100900045600339,27.7777777777778,0.2,-0.100602836480508,-2.67015292542969,-2.72735696211395,0.057204036684265,-1.56922983817234,-1.19801182498626
11.62,-0.0989942778771504,27.7777777777778,0.2,-0.0984878633629433,-2.58321384800565,-2.72156030706467,0.138346459059026,5.4179592667723,-1.18813452679871
11.63,-0.097025364516337,27.7777777777778,0.2,-0.0963378979764876,-2.59817007808089,-2.71326687071223,0.115096792631337,5.29486805647934,-1.17400280028468
11.64,-0.0950251051871334,27.7777777777778,0.2,-0.0941537041936052,-2.65124440225852,-2.70391058744961,0.0526661851910859,6.51700214766548,-1.15806001967648
11.65,-0.0929942105721544,27.7777777777778,0.2,-0.0919360580479463,-2.70546683320251,-2.69423583672088,-0.0112309964816277,1.78700784124725,-1.1415745816048
11.66,-0.0909335303862898,27.7777777777778,0.2,-0.0896857474586278,-2.67900528344936,-2.68590361666545,0.00689833321609035,2.15583984892708,-1.12737676901251
11.67,-0.0888444711681322,27.7777777777778,0.2,-0.0874035719502865,-2.62779362708285,-2.67772408968142,0.0499304625985642,2.15651283231947,-1.11343914009246
11.68,-0.0867269856536263,27.7777777777778,0.2,-0.0850903423690138,-2.55935023568552,-2.66953041315549,0.110180177469968,1.97571711897492,-1.09947740084614
11.69,-0.0845818261752923,27.7777777777778,0.2,-0.0827468805942645,-2.48065220137925,-2.66117703325254,0.180524831873289,6.51700214766548,-1.08524353261111
11.7,-0.0824097548980789,27.7777777777778,0.2,-0.0803740192468492,-2.60986833511131,-2.64800754836437,0.0381392132530523,-6.51700214766548,-1.06280318932502
11.71,-0.0801376681918953,27.7777777777778,0.2,-0.0779726013931062,-2.54782409418906,-2.63849283771921,0.0906687435301508,-2.12225432556303,-1.04659045397826
11.72,-0.0778255842621141,27.7777777777778,0.2,-0.0755434802453641,-2.51124815814916,-2.62799632743734,0.116748169288181,-2.74986711303068,-1.02870476626675
11.73,-0.0754879532800958,27.7777777777778,0.2,-0.0730875188588,-2.42615303491526,-2.61823143922243,0.192078404307169,6.51700214766548,-1.01206573705994
11.74,-0.0731256057949968,27.7777777777778,0.2,-0.0706055898247997,-2.49117636377152,-2.6047478273752,0.113571463603683,-5.21805849444759,-0.989090132383104
11.75,-0.0706700055410256,27.7777777777778,0.2,-0.068098574960932,-2.44509468142003,-2.58453552640632,0.139440844986288,-1.43762126346232,-0.969517940163088
11.76,-0.0681683975291859,27.7777777777778,0.2,-0.0655673649976401,-2.33461539061566,-2.5605358305821,0.225920439966439,6.51700214766548,-0.951698649913596
11.77,-0.0656437661837762,27.7777777777778,0.2,-0.0630128592617712,-2.42663188189213,-2.52508437863953,0.0984524967474028,-6.51700214766548,-0.925376661645185
11.78,-0.0630970084942923,27.7777777777778,0.2,-0.0604359653570499,-2.30781388451609,-2.50019815794292,0.192384273426831,4.63957395960109,-0.906899144552727
11.79,-0.060529601895167,27.7777777777778,0.2,-0.0578375988416091,-2.33789566244696,-2.46649809560367,0.128602433156709,-6.51700214766548,-0.881877527751942
11.8,-0.0579420070744587,27.7777777777778,0.2,-0.0552186829027015,-2.20285986030362,-2.4409756238795,0.238115763575879,6.51700214766548,-0.862927607100098
11.81,-0.0553350279527457,27.7777777777778,0.2,-0.0525801480286888,-2.21350353896096,-2.40675430343574,0.193250764474782,0.282669365081026,-0.837518966666716
11.82,-0.0527055634690302,27.7777777777778,0.2,-0.0499229316784481,-2.16510673806606,-2.37511932442781,0.210012586361747,6.51700214766548,-0.814030632601663
11.83,-0.049922817758699,27.7777777777778,0.2,-0.047247977948296,-2.25551391397024,-2.33414264081993,0.0786287268496899,1.53674825623343,-0.78360627122565
11.84,-0.0471226086057374,27.7777777777778,0.2,-0.0445562372365552,-2.31435463742141,-2.29456589991542,-0.0197887375059889,-3.0138217471589,-0.754221339080197
11.85,-0.044305930911125,27.7777777777778,0.2,-0.0418486659058845,-2.19819446726061,-2.25966428064458,0.0614698133839693,-6.51700214766548,-0.73161040839613
11.86,-0.0414739378541111,27.7777777777778,0.2,-0.0391262259434848,-1.8781999987497,-2.22342010508302,0.34522010633332,6.51700214766548,-0.716642303292235
11.87,-0.0386278081742991,27.7777777777778,0.2,-0.0363898846193111,-1.94052601565728,-2.14674347177812,0.206217456120844,-6.51700214766548,-0.684976417986857
11.88,-0.0357682305941852,27.7777777777778,0.2,-0.0336406141424073,-1.77630437841464,-2.09260853550734,0.316304157092707,6.51700214766548,-0.66261979369236
11.89,-0.0328962211080662,27.7777777777778,0.2,-0.030879391315482,-1.8943758809603,-2.00846505231537,0.114089171355068,2.22883957864811,-0.627870251711857
11.9,-0.0299833694855076,27.7777777777778,0.2,-0.0281071971878586,-1.97654632668061,-1.92762226602942,-0.0489240606511965,-6.51700214766548,-0.594483830217333
11.91,-0.0270463021586642,27.7777777777778,0.2,-0.0253250167069102,-1.74881633548737,-1.87763254566464,0.128816210177276,6.51700214766548,-0.573839095527113
11.92,-0.0240997360539818,27.7777777777778,0.2,-0.0225338383681139,-1.77724490234419,-1.79966239543391,0.0224174930897179,-2.46947691518444,-0.541639014119888
11.93,-0.0211405806895219,27.7777777777778,0.2,-0.0197346538638423,-1.6844617387388,-1.73376384979062,0.0493021110518232,2.82984804704409,-0.514424259139267
11.94,-0.0181344054048438,27.7777777777778,0.2,-0.0169284577310224,-1.55477323309416,-1.66819528888578,0.113422055791626,-6.51700214766548,-0.488103964528235
11.95,-0.0151217868987048,27.7777777777778,0.2,-0.0141162469977769,-1.34515184296345,-1.5937180774011,0.248566234437644,6.51700214766548,-0.46473962960029
11.96,-0.0121037955401164,27.7777777777778,0.2,-0.0112990208291898,-1.4080110299587,-1.48052430164118,0.0725132716824848,-6.51700214766548,-0.429229475072592
11.97,-0.00908156940186343,27.7777777777778,0.2,-0.00847778017230379,-1.26322731190653,-1.39641440342877,0.133187091522243,3.11111044620068,-0.402843258491509
11.98,-0.00605617277275235,27.7777777777778,0.2,-0.00565352740048994,-1.20091700491863,-1.29946985373745,0.0985528488188192,-6.51700214766548,-0.37243066807259
11.99,-0.00302862441429286,27.7777777777778,0.2,-0.00282726595731116,-0.922192883905714,-1.23214476310265,0.309951879196941,6.51700214766548,-0.351310033514878
12,-1.18067975411822e-16,27.7777777777778,0.2,-1.10218211923262e-16,-0.918909322740911,-1.12504306157218,0.206133738831271,-6.51700214766548,-0.317711030866594
12.01,0.00302862441429262,27.7777777777778,0.2,0.00282726595731094,-0.781750168267437,-1.03700847578975,0.255258307522316,6.51700214766548,-0.290093595862513
12.02,0.00605617277275211,27.7777777777778,0.2,0.00565352740048972,-0.880485121044865,-0.916083786550356,0.0355986655054913,6.51700214766548,-0.252158167237774
12.03,0.00908156940186377,27.7777777777778,0.2,0.00847778017230411,-1.16817929792185,-0.752444252142955,-0.415735045778891,-6.51700214766548,-0.206402628045294
12.04,0.0121037955401167,27.7777777777778,0.2,0.0112990208291902,-1.07328846896115,-0.649275320852426,-0.42401314810872,-6.51700214766548,-0.178102407144751
12.05,0.0151217868987051,27.7777777777778,0.2,0.0141162469977772,-0.66634074379321,-0.59295766281537,-0.0733830809778399,-6.51700214766548,-0.162653936921078
12.06,0.0181344054048435,27.7777777777778,0.2,0.0169284577310222,-0.29241012372723,-0.528295303687424,0.235885179960194,6.51700214766548,-0.144916435675496
12.07,0.0211405806895217,27.7777777777778,0.2,0.0197346538638421,-0.340468469202778,-0.394961229642255,0.0544927604394768,4.60487114838064,-0.108341628688094
12.08,0.0240997360539816,27.7777777777778,0.2,0.0225338383681136,-0.489651766480816,-0.248982632409814,-0.240669134071002,-6.51700214766548,-0.0682983085067908
12.09,0.027046302158664,27.7777777777778,0.2,0.02532501670691,-0.259336241352072,-0.164859344063081,-0.0944768972889911,2.46672783309278,-0.0452224889425807
12.1,0.0299833694855073,27.7777777777778,0.2,0.0281071971878584,-0.165941745666467,-0.0575573247737593,-0.108384420892708,-6.51700214766548,-0.0157885226217442
12.11,0.0328962211080659,27.7777777777778,0.2,0.0308793913154818,-0.00735998045314379,0.0384996645262475,-0.0458596449793913,2.73646928333541,0.0105608248244947
12.12,0.035768230594185,27.7777777777778,0.2,0.0336406141424071,0.123946088684717,0.138405519057113,-0.0144594303723961,6.49856190365932,0.0379659526775597
12.13,0.0386278081742995,27.7777777777778,0.2,0.0363898846193114,0.127756491164307,0.258067559441748,-0.130311068277441,6.51700214766548,0.0707903905575878
12.14,0.0414739378541109,27.7777777777778,0.2,0.0391262259434846,-0.050092881231892,0.404693399862062,-0.454786281093954,-6.51700214766548,0.111011255712596
12.15,0.0443059309111248,27.7777777777778,0.2,0.0418486659058843,0.184707199548347,0.483894298000562,-0.299187098452215,-6.51700214766548,0.132736816739579
12.16,0.0471226086057372,27.7777777777778,0.2,0.044556237236555,0.508960613490764,0.550760318952249,-0.0417997054614857,6.51700214766548,0.151078803421056
12.17,0.0499228177586988,27.7777777777778,0.2,0.0472479779482958,0.395467840723265,0.687112985473405,-0.291645144750139,-6.51700214766548,0.188481639087349
12.18,0.05270556346903,27.7777777777778,0.2,0.0499229316784479,0.551940696388694,0.778130349668044,-0.22618965327935,6.51862586066548,0.213448569347001
12.19,0.0553350279527455,27.7777777777778,0.2,0.0525801480286886,0.525870697355671,0.894805448115809,-0.368934750760138,-6.51700214766548,0.245482914284767
12.2,0.057942007074459,27.7777777777778,0.2,0.0552186829027018,0.666269136929899,0.972747977748904,-0.306478840819005,2.86829622692835,0.269934358306047
12.21,0.0605296018951673,27.7777777777778,0.2,0.0578375988416094,0.747778963811708,1.05851183330452,-0.310732869492817,2.60756812541429,0.296839439819812
12.22,0.0630970084942921,27.7777777777778,0.2,0.0604359653570496,0.823262847781154,1.14438051296027,-0.32111766517912,-6.51862586066548,0.323777405827171
12.23,0.065643766183776,27.7777777777778,0.2,0.063012859261771,1.11541466585219,1.20045961924367,-0.085044953391473,4.23660602607708,0.341370049208219
12.24,0.0681683975291857,27.7777777777778,0.2,0.0655673649976399,1.19710642459439,1.28536408636041,-0.0882576617660273,2.81189067164902,0.368005530948861
12.25,0.0706700055410254,27.7777777777778,0.2,0.0680985749609318,1.228826887598,1.3755473915869,-0.146720503988904,6.51700214766548,0.396297043294944
12.26,0.0731256057949966,27.7777777777778,0.2,0.0706055898247995,1.14610206004961,1.47880148782416,-0.332699427774555,-6.51862586066548,0.428689009093309
12.27,0.0754879532800956,27.7777777777778,0.2,0.0730875188587998,1.49041366889279,1.52199064539129,-0.0315769764985023,6.51700214766548,0.442237931274177
12.28,0.0778255842621144,27.7777777777778,0.2,0.0755434802453644,1.58005299162614,1.60025005528603,-0.02019706365989,1.84888209861773,0.46678878418064
12.29,0.0801376681918955,27.7777777777778,0.2,0.0779726013931065,1.58666002612729,1.68488550117622,-0.0982254750489329,6.51700214766548,0.494238498309299
12.3,0.0824097548980792,27.7777777777778,0.2,0.0803740192468494,1.50944451231166,1.75804261795533,-0.248598105643671,-0.153391976593685,0.524450895089787
12.31,0.0845818261752921,27.7777777777778,0.2,0.0827468805942643,1.50156315560944,1.82157240359135,-0.320009247981913,-6.51700214766548,0.550687400511538
12.32,0.0867269856536261,27.7777777777778,0.2,0.0850903423690136,1.66730083494963,1.86703455998998,-0.199733725040352,-6.51700214766548,0.569462343648774
12.33,0.088844471168132,27.7777777777778,0.2,0.0874035719502864,1.86073654625747,1.90977438013885,-0.0490378338813884,2.09916348837283,0.587113017452163
12.34,0.0909335303862896,27.7777777777778,0.2,0.0896857474586276,1.95649181801365,1.96168591958597,-0.00519410157232314,-6.51700214766548,0.608551424217124
12.35,0.0929942105721543,27.7777777777778,0.2,0.0919360580479461,2.13235375827655,2.00508703577732,0.127266722499224,-6.51700214766548,0.626475199795217
12.36,0.0950251051871333,27.7777777777778,0.2,0.094153704193605,2.31017030118673,2.0478016022044,0.262368698982323,6.51700214766548,0.644115444326695
12.37,0.0970253645163372,27.7777777777778,0.2,0.0963378979764879,2.18167237958752,2.11926557276481,0.0624068068227106,3.90674017292311,0.673628606260062
12.38,0.0989942778771506,27.7777777777778,0.2,0.0984878633629436,2.06419939852303,2.18703077641046,-0.122831377887425,-1.78987716479836,0.701614252914708
12.39,0.100900045600339,27.7777777777778,0.2,0.100602836480508,2.04723732358676,2.24304444715259,-0.195807123565831,-0.548591197696502,0.724746756218561
12.4,0.102696913053633,27.7777777777778,0.2,0.102682065889303,2.04291300954954,2.28410406806161,-0.241191058512069,-6.51700214766548,0.746453639868097
12.41,0.104462252420086,27.7777777777778,0.2,0.104724812849021,2.21616867608762,2.30366992051803,-0.0875012444304057,-6.51700214766548,0.76098089081549
12.42,0.106195436483026,27.7777777777778,0.2,0.106730351581393,2.38201124494604,2.32360575097879,0.0584054939672449,2.0109091484538,0.77578284297134
12.43,0.107895849450408,27.7777777777778,0.2,0.108697969528057,2.40664552984511,2.35057961402163,0.0560659158234769,1.93129047968079,0.795810392413248
12.44,0.109563206941489,27.7777777777778,0.2,0.110626967603726,2.43137566935773,2.37691772870483,0.0544579406528922,-6.51700214766548,0.815365911516568
12.45,0.111197240916705,27.7777777777778,0.2,0.112516660444569,2.5516855418454,2.39785391001371,0.153831631831694,1.97513115746665,0.830910604007309
12.46,0.112796706746105,27.7777777777778,0.2,0.114366376651717,2.59078515495566,2.42252840348755,0.168256751468107,6.51700214766548,0.849230917905865
12.47,0.114361036147095,27.7777777777778,0.2,0.11617545902981,2.45747356171083,2.45516435154333,0.00230921016749619,6.51700214766548,0.873462451306649
12.48,0.115889673320886,27.7777777777778,0.2,0.117943264820493,2.29549067141682,2.48808987873537,-0.19259920731855,-4.68134546885994,0.897908991377395
12.49,0.117382075149971,27.7777777777778,0.2,0.119669165930786,2.40953031825586,2.50652966194661,-0.0969993436907557,-6.51700214766548,0.911600158614906
12.5,0.118830155360733,27.7777777777778,0.2,0.121352549156242,2.56265053835948,2.52293289160535,0.0397176467541311,2.01907432293096,0.923779225902212
12.51,0.120239345462727,27.7777777777778,0.2,0.122992816398818,2.59802098763608,2.54486333092806,0.0531576567080188,-0.245609569578917,0.940062134921248
12.52,0.121610992985493,27.7777777777778,0.2,0.124589384879372,2.65198446608896,2.56536900502274,0.0866154610662222,1.94540797222047,0.955287184485656
12.53,0.122944610589196,27.7777777777778,0.2,0.126141687344725,2.72077145244862,2.58472877350679,0.136042678941835,1.94939935493812,0.969661422238793
12.54,0.124239724445853,27.7777777777778,0.2,0.127649172269203,2.77410104035856,2.60191949539912,0.172181544959441,5.83958380215849,0.984270753264689
12.55,0.125495874407677,27.7777777777778,0.2,0.129111304050591,2.77055004500367,2.61144448446113,0.159105560542542,4.40788563050298,1.00050100267557
12.56,0.126709696299804,27.7777777777778,0.2,0.130527563200429,2.66974999597133,2.62263512019487,0.0471148757764639,1.87081817994788,1.01956945596642
12.57,0.127879016948329,27.7777777777778,0.2,0.131897446528583,2.66119878036895,2.63160065698453,0.0295981233844258,2.06884252227139,1.03484641820242
12.58,0.129008336139542,27.7777777777778,0.2,0.133220467322032,2.66735936429283,2.6400393262532,0.0273200380396279,2.06920384420359,1.04922561654425
12.59,0.130097252631711,27.7777777777778,0.2,0.134496155517785,2.68760924157989,2.64798857773396,0.0396206638459242,6.51700214766548,1.06277086403195
12.6,0.131145379537991,27.7777777777778,0.2,0.135724057869903,2.58983902804508,2.65805289875125,-0.0682138707061788,-1.44254349923277,1.07992011629863
12.61,0.132152344463884,27.7777777777778,0.2,0.136903738110525,2.66150631934966,2.66450744029611,-0.00300112094644511,2.0580607912131,1.09091843014695
12.62,0.133117789639546,27.7777777777778,0.2,0.13803477710488,2.76163597549162,2.67029796973857,0.0913380057530516,2.06443785173391,1.10078529051397
12.63,0.134041372046904,27.7777777777778,0.2,0.139116773000199,2.7567363180644,2.67800089157135,0.0787354264930426,2.6478707720961,1.11391080086622
12.64,0.134922864675864,27.7777777777778,0.2,0.140149341368492,2.78818748559363,2.68476926641921,0.103418219174419,3.5520129152756,1.12544387572561
12.65,0.135762417640485,27.7777777777778,0.2,0.141132115343134,2.75454267421477,2.6925847320154,0.0619579421993639,1.61266200834049,1.13876115672851
12.66,0.136559134528112,27.7777777777778,0.2,0.142064745749212,2.76852967871385,2.69924843330292,0.0692812454109277,2.19273609454635,1.15011587148901
12.67,0.137312732269029,27.7777777777778,0.2,0.142946901227583,2.78736680324943,2.70562347966866,0.0817433235807719,2.19379451740076,1.16097872832257
12.68,0.138022943113548,27.7777777777778,0.2,0.143778268352606,2.80737373698769,2.71178183767242,0.0955918993152758,2.193796448635,1.17147235573901
12.69,0.138689514727136,27.7777777777778,0.2,0.144558551743501,2.82741100851449,2.71774407917021,0.109666929344277,2.74403996387374,1.18163180746405
12.7,0.139312210280075,27.7777777777778,0.2,0.145287474169295,2.81061873415151,2.72418501469575,0.0864337194557547,0.956510007066137,1.19260693712965
12.71,0.139890808531597,27.7777777777778,0.2,0.145964776647319,2.74065456785023,2.73134827170988,0.00930629614035078,1.96201995267661,1.20481287743852
12.72,0.140425103908501,27.7777777777778,0.2,0.146590218535229,2.66983801382464,2.73825439509723,-0.0684163812725935,2.15441595124886,1.2165806710086
12.73,0.140914906578183,27.7777777777778,0.2,0.1471635776165,2.66119732214185,2.74380304353003,-0.0826057213881777,2.47733681478781,1.22603537456482
12.74,0.141360042516086,27.7777777777778,0.2,0.147684650179381,2.66565679919658,2.74740326842865,-0.0817464692320637,1.84830736827043,1.23478079496727
12.75,0.141760353567531,27.7777777777778,0.2,0.148153251089271,2.69070383439767,2.75059258606385,-0.0598887516661772,2.31279755879969,1.24261191550104
12.76,0.142115697503908,27.7777777777778,0.2,0.148569213854498,2.71524480903194,2.75367600984273,-0.038431200810789,2.28528910744219,1.2501830219354
12.77,0.142425948073208,27.7777777777778,0.2,0.148932390685472,2.73526452228037,2.75669724063615,-0.0214327183557805,2.28523891458872,1.25760141834799
12.78,0.142690995044881,27.7777777777778,0.2,0.149242652547195,2.74861942978424,2.75967564788899,-0.0110562181047533,2.28523882315226,1.26491466489898
12.79,0.142910744249,27.7777777777778,0.2,0.149499889205104,2.75538644553843,2.76260378703813,-0.00721734149969873,2.2852388228383,1.27210448204465
12.8,0.14308511760972,27.7777777777778,0.2,0.149704009264241,2.75589091615141,2.76547267356039,-0.00958175740897448,2.28523882283773,1.27914880898955
12.81,0.143214053173016,27.7777777777778,0.2,0.149854940201719,2.75044909064847,2.76827451859463,-0.0178254279461592,2.28523882283773,1.28602852079308
12.82,0.143297505128695,27.7777777777778,0.2,0.149952628392495,2.73931331316954,2.77100331109739,-0.0316899979278533,2.28523882283773,1.29272885780715
12.83,0.143335443826676,27.7777777777778,0.2,0.149997039128421,2.72265515133618,2.77365485367974,-0.0509997023435598,2.28523882283773,1.29923951367082
12.84,0.143327855787519,27.7777777777778,0.2,0.149988156630572,2.70057355175513,2.77622647557421,-0.0756529238190806,2.28523882283773,1.30555393052307
12.85,0.143274743707219,27.7777777777778,0.2,0.14992598405486,2.67311398836116,2.77871668726125,-0.105602698900097,-6.07694895505748,1.31166845096487
12.86,0.143176126456246,27.7777777777778,0.2,0.149810543490903,2.67408891736238,2.78073739211904,-0.106648474756659,6.51700214766548,1.31663013403145
12.87,0.143032039072838,27.7777777777778,0.2,0.149641875954184,2.61685806118734,2.78329379224405,-0.166435731056712,-1.18922937026369,1.3229071750168
12.88,0.142842532750557,27.7777777777778,0.2,0.149420041371476,2.60312969058185,2.78520101678931,-0.182071326207463,-0.457055170476076,1.32759021603286
12.89,0.142607674820097,27.7777777777778,0.2,0.14914511855955,2.5693524145239,2.78720441149908,-0.217851996975176,-4.54081587499632,1.33250939538199
12.9,0.142327548725363,27.7777777777778,0.2,0.148817205197172,2.57863671907796,2.78858043048986,-0.209943711411896,-6.51700214766548,1.33588810261849
12.91,0.142002253993821,27.7777777777778,0.2,0.148436417790398,2.60431330724764,2.78964974190782,-0.185336434660178,-3.99937779436802,1.33851371334781
12.92,0.141631906201142,27.7777777777778,0.2,0.14800289163118,2.60554385522677,2.79087670975022,-0.185332854523453,1.88618793364854,1.34152643712259
12.93,0.141216636930132,27.7777777777778,0.2,0.147516780749299,2.58126011848928,2.79226286271412,-0.211002744224841,-3.3554734076562,1.34493002753915
12.94,0.140756593723986,27.7777777777778,0.2,0.146978257857637,2.6088781429906,2.79291855924528,-0.184040416254685,6.51700214766548,1.34654003919569
12.95,0.140251940033864,27.7777777777778,0.2,0.146387514290812,2.56543735416808,2.79426013337062,-0.228822779202548,-3.60976543634824,1.34983416975346
12.96,0.139702855160821,27.7777777777778,0.2,0.145744759937201,2.56513813869932,2.79496278819415,-0.229824649494834,1.88598335947303,1.35155948383191
12.97,0.139109534192096,27.7777777777778,0.2,0.145050223164365,2.63437393249751,2.79474058648771,-0.160366653990204,-0.229717705965389,1.35101388488413
12.98,0.138472187931805,27.7777777777778,0.2,0.144304150737913,2.62820863878942,2.79526616015446,-0.167057521365042,6.03314622309131,1.35230439000291
12.99,0.137791042826039,27.7777777777778,0.2,0.143506807733825,2.56899305676538,2.79624735463041,-0.22725429786503,-6.51700214766548,1.35471363645848
13,0.137066340882411,27.7777777777778,0.2,0.142658477444273,2.6888320995997,2.79501903693162,-0.106186937331919,3.61083068585628,1.35169759821668
13.01,0.13629833958407,27.7777777777778,0.2,0.141759461276971,2.64786578309561,2.79553075069606,-0.147664967600453,-2.38851383591662,1.3529540714271
13.02,0.135487311798222,27.7777777777778,0.2,0.140810078648081,2.65999826575192,2.79526422122095,-0.13526595546903,-4.5777427332415,1.35229962910302
13.03,0.134633673896035,27.7777777777778,0.2,0.139810666868732,2.71725935928252,2.7943330666763,-0.0770737073937807,0.469713289849611,1.35001325179327
13.04,0.133738183226325,27.7777777777778,0.2,0.138761581025169,2.62373943783568,2.79501052777386,-0.171271089938175,-1.22784615202112,1.35167670464391
13.05,0.132800609365423,27.7777777777778,0.2,0.137663193852597,2.64204965685342,2.79419081786724,-0.152141161013821,-0.518709013459611,1.34966397094483
13.06,0.131821285428858,27.7777777777778,0.2,0.136515895602749,2.61794785153552,2.7937222118048,-0.17577436026928,-6.51700214766548,1.34851334533223
13.07,0.13080055936576,27.7777777777778,0.2,0.135320093905231,2.725671796911,2.79154544056064,-0.065873643649645,0.349508410997342,1.34316845343457
13.08,0.12973879383524,27.7777777777778,0.2,0.13407621362269,2.72289075524995,2.79053699993901,-0.0676462446890667,0.626279692140767,1.3406923061948
13.09,0.128636366077535,27.7777777777778,0.2,0.132784696699868,2.66709083105508,2.7899879777871,-0.122897146732023,-1.49490980709947,1.3393442251508
13.1,0.127493667779978,27.7777777777778,0.2,0.13144600200658,2.63952479458543,2.78890695203908,-0.149382157453647,-0.504932559122933,1.33668985079829
13.11,0.126311104937834,27.7777777777778,0.2,0.130060605174674,2.64791937998086,2.7872244046509,-0.13930502467004,0.40391267115752,1.33255848700587
13.12,0.125081514911631,27.7777777777778,0.2,0.128628998429048,2.6204002892953,2.78579502103536,-0.165394731740058,-4.43938971864663,1.32904874709827
13.13,0.123812326708569,27.7777777777778,0.2,0.127151690412763,2.69334222157112,2.78296966084894,-0.0896274392778231,0.807592626527528,1.32211129567388
13.14,0.122504326463055,27.7777777777778,0.2,0.125629206006321,2.67030615429387,2.78115919320001,-0.110853038906141,-5.49087202683977,1.31766583366508
13.15,0.121157978901348,27.7777777777778,0.2,0.124062086141184,2.70111406870142,2.77849742691528,-0.0773833582138606,-1.23846770774133,1.31113007429813
13.16,0.119773762374326,27.7777777777778,0.2,0.122450887607578,2.69028211933132,2.77617410536014,-0.0858919860288179,-6.51700214766548,1.3054253395498
13.17,0.11835216868753,27.7777777777778,0.2,0.120796182856668,2.74910720589977,2.77279061171928,-0.0236834058195106,-0.969376567024843,1.29711743498918
13.18,0.116888667021076,27.7777777777778,0.2,0.119098559797175,2.73303306707072,2.77016192899964,-0.0371288619289163,-1.76983609276903,1.2906629097342
13.19,0.115384127188152,27.7777777777778,0.2,0.117358621586488,2.69397608084723,2.76760938247448,-0.0736333016272512,-2.04549681438402,1.28439533096251
13.2,0.113843531628654,27.7777777777778,0.2,0.115576986416369,2.67822038769692,2.7645441014549,-0.0863237137579765,-0.874930458362931,1.2768687726576
13.21,0.112267427708851,27.7777777777778,0.2,0.113754287293309,2.65147883136428,2.76142041643282,-0.109941585068538,-1.93468658319851,1.26919880788286
13.22,0.110656375410958,27.7777777777778,0.2,0.111891171813627,2.64854090572666,2.75777988197098,-0.109238976244324,-0.984825148631171,1.26025975964782
13.23,0.10901095310047,27.7777777777778,0.2,0.109988301933384,2.61649714737216,2.7543156964461,-0.137818549073943,-1.61150697780222,1.2517537224638
13.24,0.107332723895862,27.7777777777778,0.2,0.108046353733186,2.60508895330599,2.75036681176518,-0.145277858459197,-6.51700214766548,1.24205754433187
13.25,0.105621319522895,27.7777777777778,0.2,0.106066017177982,2.66893620151234,2.74521298843346,-0.0762767869211185,-1.28177693145013,1.22940273338578
13.26,0.103877348035393,27.7777777777778,0.2,0.104047995871921,2.66815890655243,2.73932595793635,-0.0711670513839158,-1.35684336655085,1.21840657674193
13.27,0.10210142905812,27.7777777777778,0.2,0.101993006808363,2.64039821587241,2.73308669196225,-0.092688476089835,-1.93558830528005,1.20777508496371
13.28,0.100289126437044,27.7777777777778,0.2,0.0999017801151379,2.59355707527297,2.72687790091314,-0.13332082564017,-1.93664260653611,1.1971955213956
13.29,0.098341499722649,27.7777777777778,0.2,0.0977750587951321,2.60853057427539,2.71880261019447,-0.110272035919083,-1.98158701082963,1.18343550743904
13.3,0.0963620594232918,27.7777777777778,0.2,0.0956135984623039,2.60603210181323,2.71078718343582,-0.104755081622591,-1.24723514477272,1.16977749958407
13.31,0.0943515088246851,27.7777777777778,0.2,0.0934181670732171,2.65970110815582,2.70131247859615,-0.0416113704403234,-1.72558765909027,1.15363293273562
13.32,0.0923105622658835,27.7777777777778,0.2,0.0911895446541907,2.62888163166347,2.6932601866451,-0.0643785549816278,-2.08157432314113,1.13991210787757
13.33,0.0902403818185045,27.7777777777778,0.2,0.0889285230241589,2.57514372031854,2.6853261738112,-0.110182453492659,-6.51700214766548,1.12639282651305
13.34,0.0881417641937075,27.7777777777778,0.2,0.0866359055133403,2.60220235751169,2.67534237975541,-0.0731400222437255,-2.41931006522676,1.10938078938237
13.35,0.0860149699410041,27.7777777777778,0.2,0.0843125066778199,2.60507661999806,2.66555543203773,-0.0604788120396731,-1.37417121426443,1.09270417155162
13.36,0.0838607547002651,27.7777777777778,0.2,0.0819591520101404,2.56193207840609,2.6564077221411,-0.0944756437350081,-6.51700214766548,1.07711679269018
13.37,0.0816644586238712,27.7777777777778,0.2,0.0795766776460103,2.59803140505442,2.64514595879866,-0.0471145537442427,-2.42912216226798,1.05792714043293
13.38,0.0793698630081498,27.7777777777778,0.2,0.0771659300672263,2.54613377552531,2.63525165951044,-0.0891178839851379,-2.24268599639225,1.04106759926725
13.39,0.0770491716653055,27.7777777777778,0.2,0.0747277658009237,2.53894609150452,2.62399386733727,-0.085047775832749,6.51700214766548,1.02188471374404
13.4,0.0747032091259232,27.7777777777778,0.2,0.0722630511152575,2.39339557862461,2.61544448001327,-0.222048901388662,-6.51700214766548,1.00731685569451
13.41,0.0723245142103049,27.7777777777778,0.2,0.0697726617116186,2.48159437631037,2.6012659696306,-0.119671593320225,0.214521012610157,0.983157168130845
13.42,0.0698387493884914,27.7777777777778,0.2,0.0672574824135049,2.51667959054252,2.57192974661493,-0.0552501560724066,-1.31667211293455,0.960158402835233
13.43,0.067329367765046,27.7777777777778,0.2,0.0647184068521441,2.52672450333192,2.54156307030213,-0.0148385669702176,0.295670470271204,0.937611757948844
13.44,0.0647972609113106,27.7777777777778,0.2,0.062156337148993,2.46520489956495,2.51417545608488,-0.0489705565199312,-0.917068608321907,0.917277006602292
13.45,0.0622434417545667,27.7777777777778,0.2,0.0595721835952176,2.37307203761749,2.48753472812783,-0.114462690510346,-2.49550656729554,0.897496803244663
13.46,0.0596692809954183,27.7777777777778,0.2,0.0569668643282704,2.26046397484901,2.46107923766413,-0.200615262815119,-2.50092637543621,0.877854134990944
13.47,0.0570751222430657,27.7777777777778,0.2,0.0543413050056817,2.32649459922507,2.42418852430513,-0.0976939250800579,6.51700214766548,0.850463524140307
13.48,0.0544618871897618,27.7777777777778,0.2,0.0516964384761776,2.19058617255396,2.39769003120985,-0.207103858655893,-6.51700214766548,0.830788927299691
13.49,0.0517799831102696,27.7777777777778,0.2,0.0490332044482416,2.29650140613885,2.35675395436056,-0.06025254822171,6.51700214766548,0.800394715623191
13.5,0.0489913060835966,27.7777777777778,0.2,0.046352549156242,2.15453201699976,2.32838267478412,-0.173850657784361,-6.51700214766548,0.779329612580853
13.51,0.0461854965759568,27.7777777777778,0.2,0.0436554250242408,2.22284213849637,2.2875004235352,-0.0646582850388264,6.51700214766548,0.748975365327349
13.52,0.0433635514781078,27.7777777777778,0.2,0.040942790327599,2.02491007458996,2.25401554464407,-0.229105470054112,-6.51700214766548,0.72927759566554
13.53,0.0405267846950086,27.7777777777778,0.2,0.0382156088525077,2.05726637729964,2.18151394829652,-0.12424757099688,-0.323357111919607,0.699335915450271
13.54,0.0376760597810349,27.7777777777778,0.2,0.0354748495535592,1.83002111546264,2.13436650061035,-0.304345385147704,-6.31852767477304,0.679864981392238
13.55,0.0348122251184304,27.7777777777778,0.2,0.0327214862094816,1.95342984607791,2.05010117170804,-0.0966713256301254,-2.2404805162397,0.645065119619094
13.56,0.03193562179969,27.7777777777778,0.2,0.0299564970771609,1.83118912094296,1.99092275765663,-0.159733636713662,4.6130314198692,0.620625641891181
13.57,0.0290054669516897,27.7777777777778,0.2,0.0271808645440706,1.55355731687167,1.94528771767804,-0.391730400806367,-6.51700214766548,0.601779301362353
13.58,0.0260651172439282,27.7777777777778,0.2,0.0243955747792327,1.56609729125264,1.86830437398564,-0.302207082733006,6.51700214766548,0.569986750924012
13.59,0.0231156173686558,27.7777777777778,0.2,0.0216016173828382,1.45734184465689,1.80388613347902,-0.346544288822126,-6.51700214766548,0.543383331765715
13.6,0.0201393041569131,27.7777777777778,0.2,0.0187999850346457,1.63098308011535,1.70916742954163,-0.0781843494262826,6.51700214766548,0.504266439358237
13.61,0.017130862335353,27.7777777777778,0.2,0.0159916731412892,1.63424763556744,1.61866740394149,0.0155802316259499,6.51700214766548,0.472566512614517
13.62,0.0141163338464067,27.7777777777778,0.2,0.0131776794826118,1.43815839015836,1.54402132629104,-0.105862936132686,-6.51700214766548,0.449149202480113
13.63,0.0110967897376922,27.7777777777778,0.2,0.0103590038571614,1.54551322675164,1.42603498777927,0.11947823897237,-2.80391940882122,0.412135567370026
13.64,0.00807340931219677,27.7777777777778,0.2,0.00753664772696563,1.46991950531436,1.3336698260275,0.136249679286858,6.51700214766548,0.383159582208634
13.65,0.00504717596001973,27.7777777777778,0.2,0.00471161386171908,1.18004827381903,1.26948660486536,-0.0894383310463285,-6.51700214766548,0.363024587274045
13.66,0.00201914937025738,27.7777777777778,0.2,0.0018849059825029,1.17469793804239,1.16403061588077,0.0106673221616158,-6.51700214766548,0.32994186307323
13.67,-0.0010095946136618,27.7777777777778,0.2,-0.000942471594833655,1.3756378614396,1.03041607697378,0.345221784465825,6.51700214766548,0.288025486559754
13.68,-0.00403797989342206,27.7777777777778,0.2,-0.00376951431650026,1.2309294515237,0.945928083265902,0.285001368257803,6.49316757547554,0.261520657189407
13.69,-0.00706493049815406,27.7777777777778,0.2,-0.00659521774767973,0.942753525199539,0.87732786823095,0.0654256569685892,-6.51700214766548,0.240659393894659
13.7,-0.01008937096672,27.7777777777778,0.2,-0.00941857792939682,0.93546678402229,0.754684864064034,0.180781919958256,-3.01220616336408,0.207017249244968
13.71,-0.0131103234883542,27.7777777777778,0.2,-0.0122385917352233,0.7904825164289,0.654604506996872,0.135878009432028,-5.31358542900055,0.179564253683446
13.72,-0.016126642951686,27.7777777777778,0.2,-0.0150542572276822,0.879561488112838,0.516711869158013,0.362849618954825,-0.605977518651698,0.141738989211054
13.73,-0.0191372325419963,27.7777777777778,0.2,-0.0178645740142303,0.919304135367216,0.388207716804772,0.531096418562444,6.51700214766548,0.106489075765769
13.74,-0.0221305984124966,27.7777777777778,0.2,-0.0206685436026959,0.608793299565606,0.315598404301409,0.293194895264198,-5.50403030715554,0.0865716494865804
13.75,-0.0250829156171543,27.7777777777778,0.2,-0.0234651697560346,0.521415237918059,0.206222551150131,0.315192686767927,-6.51700214766548,0.0565688107768354
13.76,-0.0280264316258622,27.7777777777778,0.2,-0.0262534588462912,0.614921440411743,0.0687273300363822,0.546194110375361,6.51862586066548,0.0188525614989354
13.77,-0.0309601006213984,27.7777777777778,0.2,-0.0290324202076287,0.293972737953138,-0.00201852631758296,0.295991264270721,-6.51862586066548,-0.000553701002487767
13.78,-0.0338548760248891,27.7777777777778,0.2,-0.0318010664883077,0.270323000756334,-0.121150871189518,0.391473871945853,-6.51862586066548,-0.0332328383561666
13.79,-0.0367228547106948,27.7777777777778,0.2,-0.0345584140014884,0.0897782247677139,-0.213701968376306,0.30348019314402,-5.04909253581027,-0.0586204861897752
13.8,-0.0395780623170923,27.7777777777778,0.2,-0.0373034830747279,0.130736241743963,-0.341708242046878,0.472444483790841,-4.29174338755149,-0.0937338267683563
13.81,-0.0424194905601078,27.7777777777778,0.2,-0.0400352983980563,-0.109856488773938,-0.423495256926377,0.313638768152439,-6.51862586066548,-0.116168784259268
13.82,-0.0452465916556329,27.7777777777778,0.2,-0.0427528893704963,-0.19160274745179,-0.531237257681665,0.339634510229875,6.51700214766548,-0.145723441688593
13.83,-0.0480578907493963,27.7777777777778,0.2,-0.0454552904449158,-0.480758162727647,-0.605535583422461,0.124777420694815,6.51700214766548,-0.166104180392611
13.84,-0.0508523890002166,27.7777777777778,0.2,-0.0481415414710814,-0.80656875924992,-0.674975782005393,-0.131592977244527,-6.51700214766548,-0.185152288526449
13.85,-0.053586729948042,27.7777777777778,0.2,-0.0508106880367936,-0.776558002954835,-0.799204333210178,0.0226463302553424,-2.18808302828448,-0.219229363836549
13.86,-0.0562061177668916,27.7777777777778,0.2,-0.0534617818069873,-0.706403975572241,-0.920607453743701,0.21420347817146,-2.37882830578157,-0.253577292273485
13.87,-0.0588067380379418,27.7777777777778,0.2,-0.0560938808606696,-0.671769372228442,-1.02293521898951,0.35116584676107,-2.37917578698131,-0.285678657670642
13.88,-0.061387666773194,27.7777777777778,0.2,-0.0587060500255802,-0.908404101322924,-1.08707604293229,0.178671941609364,-6.51700214766548,-0.305800352122931
13.89,-0.0639483305100429,27.7777777777778,0.2,-0.0612973612104525,-0.849604756488485,-1.19119526887936,0.341590512390874,6.51700214766548,-0.338463718795378
13.9,-0.0664878129088609,27.7777777777778,0.2,-0.0638668937347609,-1.01271735004014,-1.26349210762074,0.250774757580607,6.51700214766548,-0.361144046387028
13.91,-0.0690048690778223,27.7777777777778,0.2,-0.0664137346558351,-1.34795765085449,-1.31261539622177,-0.0353422546327193,-6.51700214766548,-0.376554571898884
13.92,-0.0714986047188555,27.7777777777778,0.2,-0.0689369790932229,-1.29334372196891,-1.41444550516761,0.1211017831987,6.51700214766548,-0.40849981694406
13.93,-0.0739157496017056,27.7777777777778,0.2,-0.0714357305501909,-1.49992113153698,-1.47775013383137,-0.0221709977056033,-6.51700214766548,-0.428359187577093
13.94,-0.0762699510838678,27.7777777777778,0.2,-0.0739091012322436,-1.55011978303877,-1.56094955419528,0.010829771156508,-6.51700214766548,-0.454459777065367
13.95,-0.0785991582228536,27.7777777777778,0.2,-0.0763562123625554,-1.47215720788225,-1.65921267812657,0.187055470244319,-1.77462062216066,-0.485286018983258
13.96,-0.0809025434624576,27.7777777777778,0.2,-0.0787761944941939,-1.62788557035486,-1.71290073933483,0.0850151689799701,-2.36655199228208,-0.505808220141057
13.97,-0.0831367214133291,27.7777777777778,0.2,-0.0811681878190313,-1.82448475623602,-1.75763757536452,-0.0668471808714977,-2.66784231600101,-0.524283620762895
13.98,-0.0852999073717441,27.7777777777778,0.2,-0.0835313424732284,-1.86572915023695,-1.81668209360182,-0.0490470566351355,-6.51700214766548,-0.548667802251132
13.99,-0.0874359264004494,27.7777777777778,0.2,-0.0858648188391887,-1.78975801850474,-1.88598926045398,0.0962312419492428,3.63221939243658,-0.577290248253091
14,-0.0895440195820556,27.7777777777778,0.2,-0.0881677878438709,-1.85978539248719,-1.93927930872044,0.0794939162332489,6.51700214766548,-0.599297951038027
14.01,-0.0916236171148881,27.7777777777778,0.2,-0.0904394312533535,-2.04023943412385,-1.98120758107323,-0.059031853050618,-6.51700214766548,-0.616613472157699
14.02,-0.0936745350444364,27.7777777777778,0.2,-0.0926789419635498,-1.98215090324237,-2.04575946065928,0.0636085574169094,6.51700214766548,-0.64327208152948
14.03,-0.0956952975393509,27.7777777777778,0.2,-0.0948855242869686,-2.0753801926523,-2.09418513125559,0.0188049386032853,-2.46763008346463,-0.663270895572881
14.04,-0.0976851866323384,27.7777777777778,0.2,-0.0970583942354164,-2.02420390915336,-2.15560111760818,0.131397208454826,-0.82172186884819,-0.688634445013357
14.05,-0.0996434953252797,27.7777777777778,0.2,-0.0991967797985474,-2.10005797261633,-2.20352812962862,0.103470157012282,-2.05449178332737,-0.708427323237858
14.06,-0.101502465358335,27.7777777777778,0.2,-0.101299921218154,-2.30974465498077,-2.23732896440048,-0.0724156905802955,-6.51700214766548,-0.72238637844123
14.07,-0.103288893836187,27.7777777777778,0.2,-0.103367071258102,-2.24478128045813,-2.28447477600126,0.0396934955431334,-1.96941038465195,-0.74672888303879
14.08,-0.105043583899244,27.7777777777778,0.2,-0.105397495469827,-2.195389348992,-2.31550883657867,0.120119487586672,6.51700214766548,-0.76977104728535
14.09,-0.106765912114482,27.7777777777778,0.2,-0.107390472453275,-2.35753057036158,-2.3350279622845,-0.0225026080770814,-6.51700214766548,-0.784263604562578
14.1,-0.108455266546887,27.7777777777778,0.2,-0.109345294113212,-2.27379350925015,-2.36694443753654,0.0931509282863905,-1.92274455470863,-0.807960943913138
14.11,-0.110111690251473,27.7777777777778,0.2,-0.111261265910811,-2.27909544925618,-2.39349549079601,0.114400041539839,6.51700214766548,-0.827674565615911
14.12,-0.111734265416272,27.7777777777778,0.2,-0.113137707110415,-2.40011871988053,-2.41372136705133,0.0136026471708061,-2.25221678455707,-0.842691870926093
14.13,-0.113322081633007,27.7777777777778,0.2,-0.114973951021402,-2.4758527497781,-2.43598127097848,-0.0398714787996248,-1.87675290873082,-0.859219400771002
14.14,-0.114874574758135,27.7777777777778,0.2,-0.116769345235054,-2.56445255043388,-2.45721576509729,-0.107236785336591,-1.8760672388405,-0.874985584508313
14.15,-0.116391193198243,27.7777777777778,0.2,-0.118523251856353,-2.65742096086116,-2.47785507562376,-0.1795658852374,-6.51700214766548,-0.890309856428851
14.16,-0.117870085009354,27.7777777777778,0.2,-0.120235047730631,-2.58920535763074,-2.50599558519879,-0.0832097724319527,-2.38324241740671,-0.911203617398108
14.17,-0.119304026158868,27.7777777777778,0.2,-0.121904124664964,-2.57569834316227,-2.53053134314204,-0.0451670000202276,-2.64841516614686,-0.929420922962488
14.18,-0.120700757043647,27.7777777777778,0.2,-0.123529889644264,-2.5682507431312,-2.55414444328945,-0.0141062998417469,-0.806235383225967,-0.946953173716782
14.19,-0.122059781411861,27.7777777777778,0.2,-0.125111765041976,-2.57134632056943,-2.5766631081059,0.00531678753646592,-1.3076909636248,-0.963672828304666
14.2,-0.123380616408622,27.7777777777778,0.2,-0.126649188825302,-2.59589176292154,-2.5976271790722,0.00173541615065856,-2.03779386327779,-0.979238228303717
14.21,-0.124662792747544,27.7777777777778,0.2,-0.128141614754894,-2.63414736512064,-2.60761847561428,-0.026528889506361,-2.04030078324672,-0.993981616938924
14.22,-0.125905854877481,27.7777777777778,0.2,-0.129588512578925,-2.5157851921284,-2.61926585404575,0.103480661917351,6.51700214766548,-1.01382834386899
14.23,-0.127103889101205,27.7777777777778,0.2,-0.130989368221488,-2.64964541519425,-2.62544230186602,-0.0242031133282263,-1.92052788520569,-1.02435279570234
14.24,-0.128259921393333,27.7777777777778,0.2,-0.132343683965243,-2.75056083549499,-2.63223145997036,-0.118329375524625,-2.81489430072499,-1.03592128450646
14.25,-0.129375816894614,27.7777777777778,0.2,-0.133650978628255,-2.71460586045884,-2.64160540162943,-0.0730004588294086,-0.69813478751246,-1.05189415440682
14.26,-0.130451179132688,27.7777777777778,0.2,-0.134910787734955,-2.75761907655863,-2.64913702078623,-0.108482055772403,-3.94161445573113,-1.06472777096918
14.27,-0.131485626036474,27.7777777777778,0.2,-0.136122663681167,-2.75927935690552,-2.65729714504425,-0.101982211861269,-1.33735077580521,-1.0786323383203
14.28,-0.132478790071911,27.7777777777778,0.2,-0.137286175893138,-2.76396447416939,-2.66516158972201,-0.0988028844473882,-1.00392754233884,-1.09203307797124
14.29,-0.133430318372547,27.7777777777778,0.2,-0.138400910980517,-2.61642225969381,-2.67572623888797,0.0593039791941642,-0.335955524361069,-1.11003487196656
14.3,-0.134339872864907,27.7777777777778,0.2,-0.139466472883237,-2.70994623041529,-2.6813110037082,-0.0286352267070868,-2.0258396870787,-1.1195511165883
14.31,-0.135207457127287,27.7777777777778,0.2,-0.140482483012229,-2.79067649508355,-2.68705027710356,-0.103626217979994,-5.91364355168576,-1.12933063843734
14.32,-0.136032763793369,27.7777777777778,0.2,-0.14144858038393,-2.74109456170336,-2.695106601178,-0.0459879605253621,-1.29512786479346,-1.14305833389313
14.33,-0.136815138329756,27.7777777777778,0.2,-0.142364421748544,-2.76956312478791,-2.701429472683,-0.0681336521049123,-2.16497769490209,-1.15383228658232
14.34,-0.137554302762502,27.7777777777778,0.2,-0.143229681711996,-2.80539725467945,-2.70743387731858,-0.0979633773608692,-6.51700214766548,-1.16406358282475
14.35,-0.138249994470003,27.7777777777778,0.2,-0.144044052851541,-2.71629565714035,-2.71555995033695,-0.00073570680339774,0.53587183216285,-1.1779101280502
14.36,-0.138901966276308,27.7777777777778,0.2,-0.144807245824991,-2.7655570575053,-2.72085474996023,-0.0447023075450708,-2.17324563825225,-1.18693228208177
14.37,-0.139509986538939,27.7777777777778,0.2,-0.145518989473516,-2.82384224982346,-2.7258356240751,-0.0980066257483657,-2.7284243567582,-1.19541951798746
14.38,-0.140073839231191,27.7777777777778,0.2,-0.146179030917986,-2.8625410740875,-2.73101593851936,-0.131525135568145,-1.54850470135803,-1.20424659326385
14.39,-0.140593324018889,27.7777777777778,0.2,-0.146787135648821,-2.81333585868329,-2.73759126241991,-0.0757445962633816,-1.40224386262235,-1.21545071603695
14.4,-0.14106825633156,27.7777777777778,0.2,-0.147343087609303,-2.82003628035652,-2.74290818998052,-0.0771280903759997,-2.15392137950625,-1.22451057530256
14.41,-0.141498467428015,27.7777777777778,0.2,-0.14784668927235,-2.83489332143328,-2.7466700567102,-0.0882232647230849,-6.51700214766548,-1.23298045081824
14.42,-0.1418838044563,27.7777777777778,0.2,-0.148297761710687,-2.75250105299343,-2.75117166756434,-0.00132938542909322,-1.42476210537141,-1.24403380492941
14.43,-0.142224130508005,27.7777777777778,0.2,-0.148696144660426,-2.76421449337453,-2.7543426217011,-0.00987187167342229,-3.15939093554246,-1.251819835326
14.44,-0.142519324666902,27.7777777777778,0.2,-0.149041696578001,-2.74313983646046,-2.75778473857083,0.0146449021103665,-1.90320124735738,-1.26027168464969
14.45,-0.142769282051913,27.7777777777778,0.2,-0.149334294690462,-2.74790732628908,-2.76077102764699,0.0128637013579065,-2.29136088041218,-1.26760428440268
14.46,-0.14297391385437,27.7777777777778,0.2,-0.149573835039092,-2.75183348713312,-2.76363936857214,0.0118058814390183,-2.29269368587795,-1.27464727167647
14.47,-0.143133147369567,27.7777777777778,0.2,-0.149760232516346,-2.75015945162684,-2.76644434991453,0.0162848982876866,-2.29269611983934,-1.28153468443987
14.48,-0.143246926022595,27.7777777777778,0.2,-0.149893420896088,-2.74269610179512,-2.76918434623398,0.0264882444388648,-2.2926961222011,-1.28826253155139
14.49,-0.14331520938844,27.7777777777778,0.2,-0.149973352857121,-2.72961241960193,-2.77185445310689,0.0422420335049591,-2.29269612220541,-1.29481877058165
14.5,-0.143337973206346,27.7777777777778,0.2,-0.15,-2.71152282655157,-2.77444525712756,0.0629224305759952,-2.30571933001046,-1.30118028764765
14.51,-0.14331520938844,27.7777777777778,0.2,-0.149973352857121,-2.68727318783297,-2.77696857067834,0.089695382845369,2.67168285775727,-1.30737608713231
14.52,-0.143246926022595,27.7777777777778,0.2,-0.149893420896088,-2.68318537150343,-2.7791187191084,0.0959333476049644,-5.90636206033006,-1.3126556087878
14.53,-0.143133147369567,27.7777777777778,0.2,-0.149760232516346,-2.64438134070759,-2.78153811210389,0.1371567713963,-0.638680280001578,-1.31859623945974
14.54,-0.14297391385437,27.7777777777778,0.2,-0.149573835039092,-2.57418005245932,-2.7841723806226,0.209992328163286,-2.2208302555176,-1.32506448020838
14.55,-0.142769282051913,27.7777777777778,0.2,-0.149334294690462,-2.63785663429329,-2.78512232965604,0.147265695362749,2.35444709902891,-1.32739700591848
14.56,-0.142519324666902,27.7777777777778,0.2,-0.149041696578001,-2.51134642766623,-2.78815237523518,0.276805947568953,6.51700214766548,-1.33483704634945
14.57,-0.142224130508005,27.7777777777778,0.2,-0.148696144660426,-2.58323163315121,-2.78874127998953,0.20550964683832,-4.1287409021378,-1.33628305601098
14.58,-0.1418838044563,27.7777777777778,0.2,-0.148297761710687,-2.54532525802211,-2.79048923801348,0.245163979991368,6.51700214766548,-1.34057503051436
14.59,-0.141498467428015,27.7777777777778,0.2,-0.14784668927235,-2.57441634397521,-2.79133645659369,0.216920112618483,-3.24554664391741,-1.34265530961446
14.6,-0.14106825633156,27.7777777777778,0.2,-0.147343087609303,-2.54205447204266,-2.79276660077179,0.250712128729125,6.51700214766548,-1.34616691702407
14.61,-0.140593324018889,27.7777777777778,0.2,-0.146787135648821,-2.65433437505896,-2.79241122800619,0.13807685294723,-6.51700214766548,-1.34529432693424
14.62,-0.140073839231192,27.7777777777778,0.2,-0.146179030917987,-2.59545356447523,-2.79391674035423,0.198463175879006,2.78058021493572,-1.34899099500281
14.63,-0.139509986538939,27.7777777777778,0.2,-0.145518989473516,-2.63651361534366,-2.79412431989115,0.15761070454749,2.4659339966636,-1.34950069035456
14.64,-0.138901966276308,27.7777777777778,0.2,-0.144807245824991,-2.63369169276489,-2.7947057408929,0.161014048128004,0.549113733091696,-1.35092832424568
14.65,-0.138249994470003,27.7777777777778,0.2,-0.144044052851541,-2.63232770959513,-2.79512807248868,0.162800362893547,-0.859541958145864,-1.35196532651703
14.66,-0.137554302762502,27.7777777777778,0.2,-0.143229681711996,-2.59357065536815,-2.79583118596374,0.202260530595586,4.09843129188464,-1.35369176677853
14.67,-0.136815138329756,27.7777777777778,0.2,-0.142364421748544,-2.60859501453383,-2.79576496008708,0.187169945553247,-1.46037912491386,-1.35352915430718
14.68,-0.136032763793369,27.7777777777778,0.2,-0.14144858038393,-2.56191617501448,-2.79626128777634,0.234345112761852,0.463752688671123,-1.35474784821084
14.69,-0.135207457127287,27.7777777777778,0.2,-0.140482483012229,-2.58457130357629,-2.79580469026379,0.211233386687494,6.51700214766548,-1.35362670865524
14.7,-0.134339872864908,27.7777777777778,0.2,-0.139466472883238,-2.70647943891761,-2.79406424420698,0.0875848052893604,-0.699357179889872,-1.34935317920086
14.71,-0.133430318372547,27.7777777777778,0.2,-0.138400910980517,-2.65640837101017,-2.79420344643006,0.13779507541989,-1.34182811201111,-1.34969497939521
14.72,-0.132478790071911,27.7777777777778,0.2,-0.137286175893138,-2.62614437984983,-2.79393311856459,0.167788738714759,6.51700214766548,-1.34903121042005
14.73,-0.131485626036474,27.7777777777778,0.2,-0.136122663681168,-2.71601242382758,-2.7920956262972,0.0760832024696141,-1.82982882893678,-1.34451939156985
14.74,-0.130451179132688,27.7777777777778,0.2,-0.134910787734956,-2.64718449605015,-2.79198910890148,0.144804612851326,6.37711409290244,-1.34425784641812
14.75,-0.129375816894614,27.7777777777778,0.2,-0.133650978628255,-2.69573403137625,-2.790300136668,0.094566105291749,-1.0620157503053,-1.34011070691951
14.76,-0.128259921393334,27.7777777777778,0.2,-0.132343683965243,-2.6616983772814,-2.78944630336444,0.127747926083039,1.96787984777293,-1.33801418588249
14.77,-0.127103889101205,27.7777777777778,0.2,-0.130989368221488,-2.65329842655019,-2.78809932031982,0.134800893769638,6.51700214766548,-1.3347067741456
14.78,-0.125905854877481,27.7777777777778,0.2,-0.129588512578926,-2.74300272524357,-2.78540415363433,0.0424014283907595,0.0433692217627888,-1.3280890027014
14.79,-0.124662792747545,27.7777777777778,0.2,-0.128141614754894,-2.73487966106166,-2.7837300651994,0.0488504041377362,1.07282166608917,-1.32397840920848
14.8,-0.123380616408622,27.7777777777778,0.2,-0.126649188825302,-2.69504975777932,-2.78225463629839,0.0872048785190748,1.6481864635592,-1.32035560869615
14.81,-0.122059781411861,27.7777777777778,0.2,-0.125111765041976,-2.69318055811588,-2.78011579453767,0.0869352364217897,1.2339899198403,-1.31510384968476
14.82,-0.120700757043647,27.7777777777778,0.2,-0.123529889644264,-2.70077482676236,-2.77767886812144,0.0769040413590849,6.06345003203554,-1.30912016706664
14.83,-0.119304026158868,27.7777777777778,0.2,-0.121904124664964,-2.74873453466125,-2.77455649679455,0.0258219621332985,1.21566815482107,-1.30145342796792
14.84,-0.117870085009354,27.7777777777778,0.2,-0.120235047730631,-2.7370798454431,-2.77200103490558,0.0349211894624828,-2.75327283890986,-1.29517869074792
14.85,-0.116391193198243,27.7777777777778,0.2,-0.118523251856354,-2.65940418584214,-2.77005705379446,0.11065286795232,1.79867630573654,-1.29040539685318
14.86,-0.114874574758135,27.7777777777778,0.2,-0.116769345235054,-2.60106719524443,-2.76764598977522,0.166578794530789,6.51700214766548,-1.28448521733236
14.87,-0.113322081633007,27.7777777777778,0.2,-0.114973951021403,-2.70170618150482,-2.76299901492563,0.061292833420814,0.228113091614694,-1.27307493327572
14.88,-0.111734265416272,27.7777777777778,0.2,-0.113137707110416,-2.66870822734089,-2.75990916710215,0.0912009397612667,1.71912490467445,-1.26548805310122
14.89,-0.110111690251473,27.7777777777778,0.2,-0.111261265910811,-2.64518063873605,-2.75647579018262,0.111295151446573,-0.0811948064811512,-1.2570576640431
14.9,-0.108455266546887,27.7777777777778,0.2,-0.109345294113212,-2.61205566338225,-2.75296262807013,0.140906964687886,6.51700214766548,-1.24843136867072
14.91,-0.106765912114482,27.7777777777778,0.2,-0.107390472453275,-2.68896777483807,-2.74778201091717,0.0588142360790971,-0.260774498638445,-1.23571076758779
14.92,-0.105043583899244,27.7777777777778,0.2,-0.105397495469828,-2.64421203228565,-2.74404011069215,0.0998280784065018,1.88901876469655,-1.22652282363262
14.93,-0.103288893836187,27.7777777777778,0.2,-0.103367071258102,-2.59017151473354,-2.73853640566181,0.148364890928266,6.51700214766548,-1.21706120718242
14.94,-0.101502465358335,27.7777777777778,0.2,-0.101299921218154,-2.65945821638282,-2.7302549324298,0.07079671604698,3.35258463547298,-1.2029498654087
14.95,-0.0996434953252802,27.7777777777778,0.2,-0.099196779798548,-2.64410762925375,-2.72324357195987,0.0791359427061214,3.38072221231325,-1.19100275151748
14.96,-0.0976851866323389,27.7777777777778,0.2,-0.097058394235417,-2.6013194717939,-2.71625282292119,0.114933351127288,3.05420827983101,-1.17909075878678
14.97,-0.095695297539351,27.7777777777778,0.2,-0.0948855242869688,-2.66184944388743,-2.70684616223022,0.0449967183427855,2.47884736960295,-1.16306213679634
14.98,-0.0936745350444366,27.7777777777778,0.2,-0.09267894196355,-2.71682739911489,-2.69726311094786,-0.0195642881670302,1.98941349863854,-1.14673295138549
14.99,-0.0916236171148883,27.7777777777778,0.2,-0.0904394312533537,-2.69528200425993,-2.68893247184978,-0.00634953241015701,2.13878568043312,-1.13253783268944
15,-0.0895440195820557,27.7777777777778,0.2,-0.0881677878438711,-2.64676368295178,-2.6808007584648,0.0340370755130199,2.13905822998288,-1.11868167647585
15.01,-0.0874359264004497,27.7777777777778,0.2,-0.0858648188391889,-2.57647198958739,-2.67274984317956,0.0962778535921696,6.51700214766548,-1.10496319740835
15.02,-0.0852999073717443,27.7777777777778,0.2,-0.0835313424732286,-2.62286930536654,-2.66185548936406,0.0389861839975221,-2.37036621754924,-1.0863995981806
15.03,-0.0831367214133293,27.7777777777778,0.2,-0.0811681878190315,-2.54869120016498,-2.65323280839254,0.10454160822756,2.16770938429086,-1.07170685031002
15.04,-0.0809025434624582,27.7777777777778,0.2,-0.0787761944941946,-2.58738019760267,-2.64164773859255,0.0542675409898824,-0.459326446257122,-1.0519662951165
15.05,-0.0785991582228543,27.7777777777778,0.2,-0.0763562123625561,-2.64589722317796,-2.62920859248289,-0.0166886306950639,1.1535054693957,-1.03077042365632
15.06,-0.076269951083868,27.7777777777778,0.2,-0.0739091012322439,-2.59248459404749,-2.61890246756357,0.0264178735160727,0.742859103695349,-1.01320914596756
15.07,-0.0739157496017059,27.7777777777778,0.2,-0.0714357305501911,-2.52623833103396,-2.60849625004073,0.0822579190067638,3.73019028565559,-0.995477313970697
15.08,-0.0714986047188557,27.7777777777778,0.2,-0.0689369790932231,-2.5439544892878,-2.59016002637367,0.0462055370858687,0.415107733807971,-0.973694017983431
15.09,-0.0690048690778226,27.7777777777778,0.2,-0.0664137346558353,-2.48625734594804,-2.56360944764237,0.077352101694331,6.51700214766548,-0.953980748608258
15.1,-0.0664878129088612,27.7777777777778,0.2,-0.0638668937347612,-2.53359230772638,-2.53074101255846,-0.00285129516792271,-0.929632060902199,-0.929576598276668
15.11,-0.0639483305100431,27.7777777777778,0.2,-0.0612973612104528,-2.48134629181679,-2.50246515914622,0.0211188673294371,-3.35844593040622,-0.908582347237192
15.12,-0.0613876667731942,27.7777777777778,0.2,-0.0587060500255805,-2.32171642214555,-2.47897203186134,0.157255609715788,2.59940573401563,-0.891139173914341
15.13,-0.0588067380379425,27.7777777777778,0.2,-0.0560938808606703,-2.33965630379056,-2.44505893925418,0.105402635463621,1.42220866736977,-0.865959386434907
15.14,-0.0562061177668918,27.7777777777778,0.2,-0.0534617818069876,-2.3587469935229,-2.41052236075184,0.0517753672289474,3.44229063201324,-0.840316673249502
15.15,-0.0535867299480423,27.7777777777778,0.2,-0.0508106880367938,-2.35243354577796,-2.37673383036158,0.0243002845836187,0.975571114212447,-0.815229370704596
15.16,-0.0508523890002169,27.7777777777778,0.2,-0.0481415414710817,-2.29406543819189,-2.34435761141267,0.0502921732207762,2.68984977656728,-0.79119068092881
15.17,-0.0480578907493965,27.7777777777778,0.2,-0.045455290444916,-2.20472598283269,-2.31258461523114,0.107858632398444,4.31180406689988,-0.767599871895168
15.18,-0.0452465916556332,27.7777777777778,0.2,-0.0427528893704965,-2.21285863143159,-2.27469206823982,0.0618334368082261,2.6287734858004,-0.739465419772264
15.19,-0.042419490560108,27.7777777777778,0.2,-0.0400352983980566,-2.21619716989717,-2.21018193596074,-0.00601523393643255,6.51700214766548,-0.711175209511366
15.2,-0.0395780623170931,27.7777777777778,0.2,-0.0373034830747287,-2.31079950657427,-2.13157681142162,-0.179222695152654,2.48370552632019,-0.678712896668634
15.21,-0.0367228547106956,27.7777777777778,0.2,-0.0345584140014892,-2.17856602826569,-2.07519033815866,-0.10337569010703,6.51700214766548,-0.655426433529077
15.22,-0.0338548760248894,27.7777777777778,0.2,-0.031801066488308,-1.90599122368557,-2.031202329801,0.125211106115427,3.13896892012767,-0.637260283459253
15.23,-0.0309601006213987,27.7777777777778,0.2,-0.029032420207629,-1.7495468653092,-1.9732918158134,0.223744950504198,0.507375217462857,-0.613344422591772
15.24,-0.0280264316258625,27.7777777777778,0.2,-0.0262534588462915,-1.61709475157953,-1.91142645858789,0.294331707008359,6.51700214766548,-0.587795292148216
15.25,-0.0250829156171546,27.7777777777778,0.2,-0.0234651697560349,-1.72204092564486,-1.82430262352594,0.102261697881081,1.90529960436105,-0.55181492564639
15.26,-0.0221305984124969,27.7777777777778,0.2,-0.0206685436026962,-1.90516503594618,-1.72974972520112,-0.175415310745057,-6.51700214766548,-0.512766507574366
15.27,-0.0191372325419966,27.7777777777778,0.2,-0.0178645740142306,-1.70223289356899,-1.67425491729161,-0.027977976277374,-4.03869941483463,-0.49000493778959
15.28,-0.0161266429516863,27.7777777777778,0.2,-0.0150542572276825,-1.45203896113395,-1.60568522583339,0.15364626469944,6.51700214766548,-0.468493858021717
15.29,-0.0131103234883551,27.7777777777778,0.2,-0.0122385917352241,-1.14285790124422,-1.5431525426002,0.400294641355982,6.34705423390853,-0.448876655311281
15.3,-0.0100893709667209,27.7777777777778,0.2,-0.00941857792939763,-0.848853529788499,-1.47658847220072,0.627734942412218,6.51700214766548,-0.427994761320115
15.31,-0.00706493049815436,27.7777777777778,0.2,-0.00659521774768,-0.989985097668911,-1.34940338495654,0.359418287287632,6.51700214766548,-0.38809537576345
15.32,-0.00403797989342235,27.7777777777778,0.2,-0.00376951431650053,-1.38830183020017,-1.18895122230588,-0.199350607894296,-6.51700214766548,-0.337759736265803
15.33,-0.0010095946136621,27.7777777777778,0.2,-0.000942471594833931,-1.31571193829048,-1.09627782451845,-0.219434113772031,-6.51700214766548,-0.308687054009683
15.34,0.00201914937025708,27.7777777777778,0.2,0.00188490598250263,-0.998655043042296,-1.03564108071709,0.0369860376747906,6.51700214766548,-0.289664628721831
15.35,0.00504717596001943,27.7777777777778,0.2,0.0047116138617188,-1.00937504822371,-0.927628207568162,-0.0817468406555528,-6.51700214766548,-0.255779781337339
15.36,0.00807340931219648,27.7777777777778,0.2,0.00753664772696535,-0.858321647982635,-0.835278800356483,-0.0230428476261519,-6.51700214766548,-0.229124933911176
15.37,0.0110967897376914,27.7777777777778,0.2,0.0103590038571606,-0.605169665480397,-0.752967338072658,0.147797672592261,2.9902444608884,-0.206546115500048
15.38,0.0141163338464058,27.7777777777778,0.2,0.013177679482611,-0.32053674866974,-0.673968052494023,0.353431303824283,3.26481900901065,-0.184875858719306
15.39,0.0171308623353527,27.7777777777778,0.2,0.0159916731412889,-0.220725649637082,-0.564763693523943,0.344038043886861,6.51700214766548,-0.15492006249755
15.4,0.0201393041569129,27.7777777777778,0.2,0.0187999850346454,-0.423539950209851,-0.408589177061283,-0.0149507731485682,-6.51862586066548,-0.112079904519346
15.41,0.0231156173686555,27.7777777777778,0.2,0.0216016173828379,-0.305274044962481,-0.306882370787886,0.00160832582540549,2.83735138808575,-0.084180758442894
15.42,0.0260651172439279,27.7777777777778,0.2,0.0243955747792325,-0.197781971555984,-0.203198713510191,0.00541674195420702,-6.51700214766548,-0.0557393432994926
15.43,0.0290054669516894,27.7777777777778,0.2,0.0271808645440704,-0.0706146029797037,-0.102880659152761,0.0322660561730569,3.49987435937823,-0.0282211451063455
15.44,0.0319356217996897,27.7777777777778,0.2,0.0299564970771606,-0.0511205268977386,0.0143598093996604,-0.065480336297399,2.97710042749688,0.00393903254610327
15.45,0.0348122251184296,27.7777777777778,0.2,0.0327214862094808,-0.0658298728604863,0.13499772235053,-0.200827595211017,2.97614808877885,0.0370311615696741
15.46,0.0376760597810341,27.7777777777778,0.2,0.0354748495535585,-0.309213839512031,0.290548891460019,-0.599762730972049,6.51700214766548,0.0797003294293238
15.47,0.0405267846950083,27.7777777777778,0.2,0.0382156088525074,-0.157256071322109,0.380431143403197,-0.537687214725306,-6.51700214766548,0.104355887582457
15.48,0.0433635514781075,27.7777777777778,0.2,0.0409427903275987,0.389876306193299,0.410829944087494,-0.0209536378941946,6.51700214766548,0.112694568265836
15.49,0.0461854965759566,27.7777777777778,0.2,0.0436554250242405,0.496760857162573,0.513685284345437,-0.0169244271828637,-6.51700214766548,0.140908768158081
15.5,0.0489913060835968,27.7777777777778,0.2,0.0463525491562422,0.800338964395003,0.584603393044494,0.21573557135051,6.51700214766548,0.160362281119073
15.51,0.0517799831102694,27.7777777777778,0.2,0.0490332044482413,0.774134082749727,0.708010420580813,0.0661236621689134,-6.51700214766548,0.194214004659006
15.52,0.0544618871897615,27.7777777777778,0.2,0.0516964384761773,0.744896106012531,0.826865333226421,-0.08196922721389,-6.51700214766548,0.226817039709483
15.53,0.0570751222430654,27.7777777777778,0.2,0.0543413050056815,0.951071125931902,0.904594752143552,0.0464763737883499,6.51700214766548,0.248553928538069
15.54,0.0596692809954175,27.7777777777778,0.2,0.0569668643282696,0.904475894977071,1.00834887359336,-0.10387297861629,1.52055398689059,0.281102757842808
15.55,0.062243441754566,27.7777777777778,0.2,0.0595721835952169,0.8567714968126,1.11008594146698,-0.253314444654379,2.17045534851961,0.313018814862142
15.56,0.0647972609113104,27.7777777777778,0.2,0.0621563371489927,1.02044209191745,1.18187999170936,-0.161437899791913,2.55534946124665,0.335541412073526
15.57,0.0673293677650457,27.7777777777778,0.2,0.0647184068521438,1.13295648321236,1.26046576923674,-0.127509286024384,-6.51700214766548,0.360194650159651
15.58,0.0698387493884911,27.7777777777778,0.2,0.0672574824135046,1.32498659216953,1.32797516387289,-0.00298857170335887,2.57113928815775,0.381373102945656
15.59,0.0723245142103046,27.7777777777778,0.2,0.0697726617116184,1.39975996501386,1.41075577651026,-0.0109958114964002,-6.51700214766548,0.407342307762055
15.6,0.074703209125923,27.7777777777778,0.2,0.0722630511152573,1.59258584282672,1.47524565463966,0.117340188187057,6.51700214766548,0.427573504419941
15.61,0.0770491716653053,27.7777777777778,0.2,0.0747277658009234,1.4853247175559,1.57871948747826,-0.0933947699223629,-0.0708817243095905,0.46003440404984
15.62,0.0793698630081491,27.7777777777778,0.2,0.0771659300672256,1.62513575727655,1.64715709604039,-0.0220213387638468,2.70684962219418,0.481504047934695
15.63,0.0816644586238705,27.7777777777778,0.2,0.0795766776460096,1.83329324490008,1.69893216184464,0.134361083055436,3.61231035090181,0.500039482605009
15.64,0.0838607547002649,27.7777777777778,0.2,0.0819591520101402,2.02996307543215,1.74376939531409,0.286193680118064,6.51700214766548,0.518556345321298
15.65,0.0860149699410039,27.7777777777778,0.2,0.0843125066778197,1.94951647680349,1.81525994320478,0.134256533598713,2.14485041080616,0.548080483149881
15.66,0.0881417641937073,27.7777777777778,0.2,0.0866359055133401,1.854787791542,1.88610302279789,-0.0313152312558951,6.51700214766548,0.577337229780305
15.67,0.0902403818185043,27.7777777777778,0.2,0.0889285230241587,1.73039320820825,1.95791383389901,-0.227520625690764,-6.51700214766548,0.60699362978123
15.68,0.0923105622658833,27.7777777777778,0.2,0.0911895446541905,1.81362195678532,2.008008300273,-0.194386343487673,-6.51700214766548,0.627681622436373
15.69,0.0943515088246849,27.7777777777778,0.2,0.0934181670732168,2.01568105017287,2.04630123147727,-0.0306201813043927,3.30581551495751,0.643495821824856
15.7,0.0963620594232912,27.7777777777778,0.2,0.0956135984623033,2.02717835127737,2.10289137074711,-0.0757130194697436,0.896205328245956,0.666866394870346
15.71,0.0983414997226485,27.7777777777778,0.2,0.0977750587951315,1.97230562399708,2.16459177151736,-0.192286147520279,1.98555925400906,0.692347401663088
15.72,0.100289126437044,27.7777777777778,0.2,0.0999017801151377,2.16701226741631,2.20138067215499,-0.0343684047386779,-6.51862586066548,0.707540467110677
15.73,0.10210142905812,27.7777777777778,0.2,0.101993006808363,2.32981593135136,2.23985233115217,0.0899636001991837,6.51700214766548,0.723428477431478
15.74,0.103877348035393,27.7777777777778,0.2,0.104047995871921,2.26194630733016,2.28624536760992,-0.0242990602797626,-6.51700214766548,0.748043511608216
15.75,0.105621319522895,27.7777777777778,0.2,0.106066017177982,2.41405961083067,2.30717314734998,0.106886463480687,6.51700214766548,0.76358196610351
15.76,0.107332723895862,27.7777777777778,0.2,0.108046353733186,2.30618970520477,2.34125968440517,-0.0350699792003994,1.72756052898727,0.788890532588484
15.77,0.109010953100469,27.7777777777778,0.2,0.109988301933384,2.29269816272586,2.36948551581398,-0.0767873530881285,6.24196531567715,0.809847643299001
15.78,0.110656375410957,27.7777777777778,0.2,0.111891171813627,2.26027931290106,2.39806477424811,-0.137785461347044,2.11315031665566,0.831067166449746
15.79,0.11226742770885,27.7777777777778,0.2,0.113754287293308,2.4508287445608,2.41483357588108,0.0359951686797222,6.51700214766548,0.843517663556985
15.8,0.113843531628654,27.7777777777778,0.2,0.115576986416368,2.33811459547973,2.44676606269305,-0.10865146721332,-0.916613642096828,0.867226891167959
15.81,0.115384127188152,27.7777777777778,0.2,0.117358621586488,2.46728612313318,2.465701709165,0.00158441396817821,-6.51700214766548,0.881286226878576
15.82,0.116888667021076,27.7777777777778,0.2,0.119098559797175,2.62746642279507,2.48300303466446,0.144463388130608,6.51700214766548,0.894132112219534
15.83,0.11835216868753,27.7777777777778,0.2,0.120796182856668,2.59230106624861,2.50962822881783,0.0826728374307844,2.78710389113183,0.913900782041137
15.84,0.119773762374326,27.7777777777778,0.2,0.122450887607578,2.58411942581193,2.5340987234902,0.0500207023217296,0.932186832434859,0.932069630942778
15.85,0.121157978901348,27.7777777777778,0.2,0.124062086141184,2.64610532314107,2.55456427201698,0.0915410511240977,6.51700214766548,0.947264888082065
15.86,0.122504326463055,27.7777777777778,0.2,0.125629206006321,2.58952753200336,2.58027799914017,0.00924953286319578,1.07118319507443,0.96635681201145
15.87,0.123812326708568,27.7777777777778,0.2,0.127151690412762,2.64027710986547,2.60005436759173,0.040222742273741,1.91248982026849,0.981092640481572
15.88,0.12508151491163,27.7777777777778,0.2,0.128628998429048,2.71795996828663,2.60797582366666,0.109984144619979,5.08566532941187,0.994590525566406
15.89,0.126311104937833,27.7777777777778,0.2,0.130060605174674,2.78761211505405,2.61589417416241,0.171717940891639,4.74202286416553,1.00808311885257
15.9,0.127493667779978,27.7777777777778,0.2,0.13144600200658,2.76755664619592,2.62542647801421,0.142130168181709,0.964081573855044,1.02432583241032
15.91,0.128636366077535,27.7777777777778,0.2,0.132784696699868,2.76720887733575,2.63426622955442,0.132942647781331,6.51700214766548,1.03938846096492
15.92,0.12973879383524,27.7777777777778,0.2,0.134076213622689,2.69593215758991,2.64426146180783,0.0516706957820832,6.51700214766548,1.05641998838573
15.93,0.13080055936576,27.7777777777778,0.2,0.13532009390523,2.50538379363113,2.65626833894114,-0.150884545310014,-6.51700214766548,1.07687928857503
15.94,0.131821285428857,27.7777777777778,0.2,0.136515895602749,2.59389984979438,2.6624386175837,-0.0685387677893212,2.160027411801,1.08739322834454
15.95,0.132800609365423,27.7777777777778,0.2,0.137663193852597,2.66916439220122,2.66877468824456,0.00038970395666135,2.04871780408894,1.09818967193532
15.96,0.133738183226325,27.7777777777778,0.2,0.138761581025169,2.76053668597379,2.67467919513458,0.0858574908392102,2.04833560552701,1.10825074590079
15.97,0.134633673896035,27.7777777777778,0.2,0.139810666868732,2.72391483518938,2.68291285350615,0.0410019816832246,-1.42723723318579,1.12228061281871
15.98,0.135487311798222,27.7777777777778,0.2,0.140810078648081,2.75648805834083,2.6895586959988,0.0669293623420257,6.51700214766548,1.13360489681514
15.99,0.13629833958407,27.7777777777778,0.2,0.141759461276971,2.70543588705949,2.69759890957028,0.00783697748921064,0.59351184159924,1.14730514053533
16,0.137066340882411,27.7777777777778,0.2,0.142658477444273,2.72668780858433,2.70401757166363,0.0226702369207059,5.59210012671363,1.15824231704872
16.01,0.137791042826039,27.7777777777778,0.2,0.143506807733824,2.69558954723815,2.71122121779808,-0.0156316705599264,1.20771002949264,1.17051707901104
16.02,0.138472187931805,27.7777777777778,0.2,0.144304150737913,2.70719808320938,2.71740167930335,-0.0102035960939713,2.24279151345015,1.18104837002374
16.03,0.139109534192096,27.7777777777778,0.2,0.145050223164365,2.7301292874142,2.72318664833084,0.00694263908335069,2.243795890275,1.19090575563743
16.04,0.139702855160821,27.7777777777778,0.2,0.145744759937201,2.75919169603483,2.72867882324261,0.030512872792221,3.65185373940756,1.20026423028194
16.05,0.140251940033864,27.7777777777778,0.2,0.146387514290812,2.75690826783377,2.73455849141414,0.0223497764196314,1.17815220759588,1.21028297993676
16.06,0.140756593723986,27.7777777777778,0.2,0.146978257857637,2.77112297821962,2.7399271815712,0.0311957966484227,2.2696582422583,1.21943104086276
16.07,0.141216636930132,27.7777777777778,0.2,0.147516780749299,2.78960451993606,2.74469011681697,0.0449144031190931,2.27071736985588,1.22811886294051
16.08,0.141631906201142,27.7777777777778,0.2,0.14800289163118,2.80640954291036,2.74811549219254,0.0582940507178126,3.95389707164161,1.23652960483197
16.09,0.142002253993821,27.7777777777778,0.2,0.148436417790398,2.8167188014565,2.75148328473657,0.065235516719925,2.27341651420517,1.24479895657476
16.1,0.142327548725363,27.7777777777778,0.2,0.148817205197172,2.82668831267968,2.75471497998694,0.0719733326927439,2.27464388150942,1.25273413203508
16.11,0.142607674820097,27.7777777777778,0.2,0.14914511855955,2.8321309072788,2.75786036177867,0.0742705455001271,2.27464612100544,1.26045737153433
16.12,0.142842532750557,27.7777777777778,0.2,0.149420041371476,2.83269360476607,2.76092117122224,0.0717724335438271,2.27464612508513,1.26797295023333
16.13,0.143032039072838,27.7777777777778,0.2,0.149641875954184,2.82845019223422,2.76389432461137,0.0645558676228495,2.27464612509915,1.27527329633202
16.14,0.143176126456246,27.7777777777778,0.2,0.149810543490903,2.79539967023969,2.76706480116641,0.0283348690732801,2.0762098067908,1.28305815406395
16.15,0.143274743707219,27.7777777777778,0.2,0.14992598405486,2.77839114843393,2.76988510604767,0.00850604238626085,2.29388232237694,1.28998319258109
16.16,0.143327855787519,27.7777777777778,0.2,0.149988156630572,2.76051446182733,2.77256963296909,-0.0120551711417582,2.29427949503256,1.29657483891501
16.17,0.143335443826676,27.7777777777778,0.2,0.149997039128421,2.73827461391015,2.7751609977893,-0.0368863838791542,2.29428021972726,1.30293773298051
16.18,0.143297505128695,27.7777777777778,0.2,0.149952628392495,2.71108545602265,2.77766579937753,-0.0665803433548779,2.29428022104956,1.30908807778595
16.19,0.143214053173016,27.7777777777778,0.2,0.149854940201719,2.68508938011966,2.78001286045494,-0.0949234803352832,1.41400789767961,1.31485110307841
16.2,0.14308511760972,27.7777777777778,0.2,0.149704009264241,2.63901417695127,2.78245054910201,-0.143436372150747,-3.53486807182634,1.32083665729486
16.21,0.142910744249,27.7777777777778,0.2,0.149499889205104,2.62250189850115,2.78440331859347,-0.161901420092325,6.51700214766548,1.32563153037163
16.22,0.142690995044881,27.7777777777778,0.2,0.149242652547195,2.57695853650091,2.78655486040331,-0.209596323902398,-6.51700214766548,1.33091447336242
16.23,0.142425948073208,27.7777777777778,0.2,0.148932390685472,2.57502325249094,2.78807128097341,-0.213048028482477,2.97719970040901,1.3346379257189
16.24,0.142115697503908,27.7777777777778,0.2,0.148569213854498,2.53951217490444,2.78984647451924,-0.25033429961479,-6.51700214766548,1.33899677492058
16.25,0.141760353567531,27.7777777777778,0.2,0.148153251089271,2.60571011117984,2.7903300316782,-0.184619920498365,6.51700214766548,1.34018411178381
16.26,0.141360042516086,27.7777777777778,0.2,0.147684650179381,2.55644736841973,2.79202858923865,-0.235581220818916,-2.10881873476344,1.34435478730468
16.27,0.140914906578183,27.7777777777778,0.2,0.1471635776165,2.60091323459542,2.79251563309481,-0.191602398499388,-2.43175156317582,1.34555068548074
16.28,0.140425103908501,27.7777777777778,0.2,0.146590218535229,2.59646523230742,2.7934473095534,-0.196982077245976,-6.51862586066548,1.34783834430943
16.29,0.139890808531598,27.7777777777778,0.2,0.145964776647319,2.68242592219363,2.7932150405634,-0.110789118369776,5.82419555892495,1.3472680259326
16.3,0.139312210280075,27.7777777777778,0.2,0.145287474169295,2.63714958033192,2.7943726873278,-0.157223106995875,0.163995021969688,1.3501105372107
16.31,0.138689514727136,27.7777777777778,0.2,0.144558551743501,2.6312863255317,2.7949231083665,-0.163636782834794,-1.97450031286676,1.35146205311204
16.32,0.138022943113548,27.7777777777778,0.2,0.143778268352606,2.6420196961297,2.79513810758942,-0.153118411459725,-2.38441338925103,1.3519899669237
16.33,0.137312732269029,27.7777777777778,0.2,0.142946901227583,2.65424485940326,2.79519840150543,-0.140953542102173,-2.5004299844181,1.35213801392864
16.34,0.136559134528112,27.7777777777778,0.2,0.142064745749212,2.6472222763616,2.79533590072108,-0.148113624359479,-4.84306357112162,1.35247563252114
16.35,0.135762417640485,27.7777777777778,0.2,0.141132115343134,2.66046989549672,2.7950924571973,-0.134622561700582,-6.51700214766548,1.35187787594877
16.36,0.134922864675864,27.7777777777778,0.2,0.140149341368492,2.72415919402009,2.79412316885094,-0.0699639748308511,2.05918740585986,1.34949786406516
16.37,0.134041372046904,27.7777777777778,0.2,0.139116773000199,2.65683428939657,2.79453801062575,-0.137703721229182,-2.20030321591232,1.35051647566569
16.38,0.133117789639547,27.7777777777778,0.2,0.138034777104881,2.63210902328217,2.79427289709634,-0.162163873814171,-2.81178467615263,1.34986551008577
16.39,0.132152344463884,27.7777777777778,0.2,0.136903738110525,2.63834816429367,2.79348478715967,-0.155136622865998,-6.51700214766548,1.34793036764659
16.4,0.131145379537992,27.7777777777778,0.2,0.135724057869903,2.72165849341227,2.79164291974319,-0.0699844263309228,0.973831537380639,1.34340780595928
16.41,0.130097252631711,27.7777777777778,0.2,0.134496155517785,2.65501993267676,2.79143251376505,-0.136412581088289,-1.26628263398521,1.34289117050167
16.42,0.129008336139542,27.7777777777778,0.2,0.133220467322031,2.58350986361782,2.79108363082081,-0.20757376720299,-6.51700214766548,1.34203451566168
16.43,0.12787901694833,27.7777777777778,0.2,0.131897446528584,2.71690209140647,2.78812513358863,-0.0712230421821527,4.09240833224465,1.33477015661247
16.44,0.126709696299805,27.7777777777778,0.2,0.130527563200429,2.67483292742673,2.78713839306984,-0.112305465643109,-1.33181807133006,1.33234729228159
16.45,0.125495874407677,27.7777777777778,0.2,0.129111304050592,2.687437038047,2.78529529070862,-0.0978582526616218,1.13987569762552,1.32782169828385
16.46,0.124239724445853,27.7777777777778,0.2,0.127649172269204,2.65341285430387,2.78384461694077,-0.130431762636897,-6.51700214766548,1.3242596820689
16.47,0.122944610589196,27.7777777777778,0.2,0.126141687344726,2.70211074486109,2.7811961047444,-0.0790853598833072,0.488089932682956,1.31775646708147
16.48,0.121610992985493,27.7777777777778,0.2,0.124589384879372,2.69635922740576,2.77905489631053,-0.082695668904778,-1.11489288584179,1.31249889688888
16.49,0.120239345462727,27.7777777777778,0.2,0.122992816398818,2.66197117524364,2.77707858317934,-0.115107407935705,-6.51700214766548,1.30764621424229
16.5,0.118830155360733,27.7777777777778,0.2,0.121352549156242,2.70466985133522,2.7739463837273,-0.0692765323920783,-0.19808840707267,1.29995534294932
16.51,0.117382075149971,27.7777777777778,0.2,0.119669165930786,2.69702198282524,2.77126850720264,-0.0742465243774026,-1.77287287942778,1.29338002614558
16.52,0.115889673320886,27.7777777777778,0.2,0.117943264820493,2.69129682285114,2.76835345296628,-0.0770566301151456,-0.830845342913558,1.28622233798201
16.53,0.114361036147094,27.7777777777778,0.2,0.11617545902981,2.66787206182297,2.76546693191587,-0.097594870092899,-1.79687696200555,1.27913471082956
16.54,0.112796706746105,27.7777777777778,0.2,0.114366376651718,2.65515661348462,2.76223596334851,-0.107079349863893,-1.0641933927148,1.27120131968265
16.55,0.111197240916705,27.7777777777778,0.2,0.112516660444569,2.62413876404995,2.75903999538491,-0.134901231334966,-4.52703863288345,1.26335386978655
16.56,0.109563206941488,27.7777777777778,0.2,0.110626967603726,2.65489813292485,2.7548298269553,-0.0999316940304489,-3.16217714286979,1.25301612980233
16.57,0.107895849450408,27.7777777777778,0.2,0.108697969528057,2.66445374791207,2.75070765106532,-0.0862539031532497,-6.51700214766548,1.24289444863156
16.58,0.106195436483026,27.7777777777778,0.2,0.106730351581393,2.69992458936512,2.7460361962264,-0.0461116068612844,-1.49738117171021,1.23142405587174
16.59,0.104462252420086,27.7777777777778,0.2,0.104724812849021,2.68217067540323,2.74096374066048,-0.0587930652572504,-3.49752288548788,1.22119730142628
16.6,0.102696913053633,27.7777777777778,0.2,0.102682065889303,2.70048465264831,2.73393699933075,-0.0334523466824375,-1.09114539180267,1.20922397908598
16.61,0.100900045600339,27.7777777777778,0.2,0.100602836480508,2.6728713088786,2.72750246050965,-0.0546311516310469,-1.96725837781577,1.19825974918183
16.62,0.0989942778771511,27.7777777777778,0.2,0.0984878633629442,2.64336503248015,2.72053895132505,-0.0771739188449001,-1.30948016105208,1.18639417221317
16.63,0.0970253645163374,27.7777777777778,0.2,0.0963378979764881,2.69785027986878,2.71148458503698,-0.0136343051682086,-0.858078603858358,1.17096584760764
16.64,0.0950251051871334,27.7777777777778,0.2,0.0941537041936052,2.66669505962811,2.70385790015174,-0.0371628405236302,-2.07095481464811,1.1579702423571
16.65,0.0929942105721549,27.7777777777778,0.2,0.0919360580479468,2.61167126706845,2.69636380507823,-0.0846925380097834,-1.85016477932888,1.14520056552493
16.66,0.0909335303862898,27.7777777777778,0.2,0.0896857474586279,2.59783028009345,2.68765877013684,-0.0898284900433945,-1.50286404069402,1.13036748935976
16.67,0.0888444711681318,27.7777777777778,0.2,0.0874035719502862,2.58348302512185,2.67863597659752,-0.0951529514756673,-5.14631987683166,1.11499296361776
16.68,0.0867269856536263,27.7777777777778,0.2,0.0850903423690138,2.60799450857144,2.66846125863345,-0.0604667500620062,-0.656801308796508,1.09765559880117
16.69,0.0845818261752928,27.7777777777778,0.2,0.082746880594265,2.58133585815062,2.65905434019598,-0.0777184820453643,-2.20110992332985,1.08162653761969
16.7,0.0824097548980794,27.7777777777778,0.2,0.0803740192468497,2.54153305277883,2.6495674580055,-0.108034405226678,-2.42412452028136,1.06546122098986
16.71,0.0801376681918953,27.7777777777778,0.2,0.0779726013931063,2.5370065219736,2.63873626509268,-0.101729743119077,-1.36584727913323,1.04700524573907
16.72,0.0778255842621146,27.7777777777778,0.2,0.0755434802453646,2.54046155330474,2.62736732721652,-0.0869057739117789,-1.65434506075086,1.02763297181145
16.73,0.0754879532800958,27.7777777777778,0.2,0.0730875188588,2.49045647177106,2.61683708382308,-0.126380612052023,-2.99002933835621,1.00968980405346
16.74,0.0731256057949969,27.7777777777778,0.2,0.0706055898247998,2.48031526397886,2.6050503362942,-0.124735072315342,-6.51700214766548,0.989605597038493
16.75,0.0706700055410257,27.7777777777778,0.2,0.068098574960932,2.55170977746668,2.57914586095344,-0.0274360834867653,-0.355223493514242,0.965516222234833
16.76,0.0681683975291864,27.7777777777778,0.2,0.0655673649976406,2.51147479618243,2.55166039550678,-0.0401855993243459,-2.43527828625386,0.945108818323393
16.77,0.0656437661837763,27.7777777777778,0.2,0.0630128592617713,2.54464767740095,2.51949017742062,0.0251574999803328,-1.11450197358513,0.921223080034654
16.78,0.0630970084942918,27.7777777777778,0.2,0.0604359653570494,2.49314957353807,2.49108226984944,0.00206730368863317,-6.51862586066548,0.900130781444738
16.79,0.0605296018951676,27.7777777777778,0.2,0.0578375988416097,2.51849216498428,2.4577347785399,0.0607573864443873,-0.0503503419498883,0.87537094152471
16.8,0.0579420070744587,27.7777777777778,0.2,0.0552186829027015,2.44723763907262,2.4288573220964,0.0183803169762204,-2.58549508062005,0.853930012364496
16.81,0.0553350279527453,27.7777777777778,0.2,0.0525801480286884,2.34006955775338,2.40100393152434,-0.0609343737709592,-1.14504159281147,0.833249431465836
16.82,0.0527055634690303,27.7777777777778,0.2,0.0499229316784482,2.22396209391159,2.37271260467422,-0.148750510762633,-6.51700214766548,0.812243691710723
16.83,0.0499228177586996,27.7777777777778,0.2,0.0472479779482966,2.26408078199145,2.3339794177678,-0.0698986357763488,-2.58247982992191,0.783485081400474
16.84,0.0471226086057374,27.7777777777778,0.2,0.0445562372365552,2.15820639298189,2.30284808279704,-0.144641689815148,3.64418199102223,0.76037069287817
16.85,0.0443059309111245,27.7777777777778,0.2,0.0418486659058841,1.99227403484882,2.27425752176535,-0.281983486916527,-1.92436376500622,0.739142777776621
16.86,0.0414739378541112,27.7777777777778,0.2,0.0391262259434849,1.81137897210378,2.22642654931604,-0.415047577212263,-6.51862586066548,0.717883903427199
16.87,0.0386278081743003,27.7777777777778,0.2,0.0363898846193122,1.89104652280645,2.1474331410046,-0.256386618198151,-6.51862586066548,0.685261237307722
16.88,0.0357682305941852,27.7777777777778,0.2,0.0336406141424074,2.16168736592822,2.04936544804647,0.112321917881753,6.51700214766548,0.644761280756071
16.89,0.0328962211080662,27.7777777777778,0.2,0.030879391315482,1.89164065381723,2.00633295465317,-0.114692300835946,-6.51700214766548,0.626989738873446
16.9,0.0299833694855082,27.7777777777778,0.2,0.0281071971878592,1.79499506465136,1.94274997110877,-0.147754906457402,-6.51700214766548,0.600731263800801
16.91,0.0270463021586643,27.7777777777778,0.2,0.0253250167069103,1.87875694662968,1.85986553279616,0.0188914138335265,6.51700214766548,0.566501681670201
16.92,0.0240997360539813,27.7777777777778,0.2,0.0225338383681134,1.76187432449641,1.79724599498991,-0.0353716704935052,-6.51700214766548,0.540641090032543
16.93,0.021140580689522,27.7777777777778,0.2,0.0197346538638424,1.79276416186091,1.71831001518177,0.0744541466791391,6.51862586066548,0.508042140713353
16.94,0.0181344054048444,27.7777777777778,0.2,0.016928457731023,1.500464860992,1.67029958910126,-0.169834728109259,-6.51862586066548,0.488764107061007
16.95,0.0151217868987054,27.7777777777778,0.2,0.0141162469977775,1.46822278014281,1.57110982461763,-0.102887044474812,-6.51700214766548,0.457647167629191
16.96,0.0121037955401164,27.7777777777778,0.2,0.0112990208291899,1.54744686932013,1.45652522735964,0.0909216419604812,6.51700214766548,0.42170069682893
16.97,0.00908156940186406,27.7777777777778,0.2,0.00847778017230438,1.25339034210769,1.39310883642394,-0.139718494316251,-6.51700214766548,0.401806265120138
16.98,0.00605617277275241,27.7777777777778,0.2,0.00565352740048999,1.28141868294737,1.28319365186154,-0.00177496891416973,6.51700214766548,0.367324641351091
16.99,0.00302862441429234,27.7777777777778,0.2,0.00282726595731068,1.15085043284312,1.19573244737551,-0.0448820145323876,5.8415498126677,0.339887082478023
17,1.77101963117732e-16,27.7777777777778,0.2,1.65327317884893e-16,0.885162268000931,1.12584611980284,-0.240683851801908,-6.51700214766548,0.317962959222848
17.01,-0.00302862441429199,27.7777777777778,0.2,-0.00282726595731035,0.88402010103901,1.01780539198852,-0.133785290949513,-6.51700214766548,0.284069373518024
17.02,-0.00605617277275205,27.7777777777778,0.2,-0.00565352740048966,0.724811518408571,0.932647792861673,-0.207836274453101,6.51700214766548,0.257354481432295
17.03,-0.00908156940186371,27.7777777777778,0.2,-0.00847778017230405,0.418664989658506,0.862798097948116,-0.44413310828961,-6.51700214766548,0.236673739458825
17.04,-0.0121037955401161,27.7777777777778,0.2,-0.0112990208291896,0.546802235341686,0.717492917103422,-0.170690681761736,6.51700214766548,0.196815143809345
17.05,-0.0151217868987051,27.7777777777778,0.2,-0.0141162469977772,0.639358219041036,0.580553516321224,0.0588047027198115,6.51700214766548,0.159251361344536
17.06,-0.0181344054048429,27.7777777777778,0.2,-0.0169284577310216,0.456125182882584,0.488603102403368,-0.0324779195207833,-6.51700214766548,0.13402848665522
17.07,-0.0211405806895216,27.7777777777778,0.2,-0.019734653863842,0.454529997737261,0.366901555632287,0.0876284421049739,-3.46486347639614,0.100644592739906
17.08,-0.024099736053981,27.7777777777778,0.2,-0.0225338383681131,0.502145635445387,0.239310940587941,0.262834694857446,-1.36821693590498,0.0656452712831115
17.09,-0.027046302158664,27.7777777777778,0.2,-0.0253250167069099,0.0809685033547918,0.186786964435985,-0.105818461081193,-6.51700214766548,0.0512374441487068
17.1,-0.0299833694855078,27.7777777777778,0.2,-0.0281071971878589,-0.0778851170360209,0.0893587870588398,-0.167243904094861,-6.51700214766548,0.0245119667475116
17.11,-0.0328962211080659,27.7777777777778,0.2,-0.0308793913154817,0.0969040056361931,-0.0595411281696821,0.156445133805875,6.51700214766548,-0.0163326987959624
17.12,-0.0357682305941849,27.7777777777778,0.2,-0.033640614142407,-0.109346688654004,-0.144959472164581,0.0356127835105765,6.51700214766548,-0.0397637644644319
17.13,-0.0386278081742989,27.7777777777778,0.2,-0.0363898846193108,-0.417627662016062,-0.215647790879379,-0.201979871136683,-6.51700214766548,-0.0591542438431829
17.14,-0.0414739378541109,27.7777777777778,0.2,-0.0391262259434846,-0.369302593334304,-0.343439499440134,-0.0258630938941698,6.51700214766548,-0.0942087271676525
17.15,-0.0443059309111242,27.7777777777778,0.2,-0.0418486659058837,-0.49296632331661,-0.441468289005879,-0.0514980343107311,-3.72869963752122,-0.121098958215128
17.16,-0.0471226086057371,27.7777777777778,0.2,-0.0445562372365549,-0.514920923803419,-0.555472106720219,0.0405511829167995,6.51700214766548,-0.152371291702188
17.17,-0.0499228177586993,27.7777777777778,0.2,-0.0472479779482963,-0.629308026092252,-0.653392026662773,0.0240840005705217,-6.51700214766548,-0.179231658774656
17.18,-0.05270556346903,27.7777777777778,0.2,-0.0499229316784479,-0.517414663211118,-0.785939414526259,0.268524751315141,6.51700214766548,-0.215590670246465
17.19,-0.0553350279527449,27.7777777777778,0.2,-0.0525801480286881,-0.769332314248723,-0.856494441060248,0.087162126811525,-6.51700214766548,-0.234944586309942
17.2,-0.0579420070744584,27.7777777777778,0.2,-0.0552186829027012,-0.770103495501766,-0.95795507992216,0.187851584420394,6.51700214766548,-0.265293660668623
17.21,-0.0605296018951673,27.7777777777778,0.2,-0.0578375988416094,-1.03672423761312,-1.01732314863192,-0.0194010889812022,-6.51700214766548,-0.283918088378907
17.22,-0.0630970084942915,27.7777777777778,0.2,-0.0604359653570491,-1.00279491641727,-1.11821459121405,0.115419674796779,6.51700214766548,-0.315568863278517
17.23,-0.0656437661837759,27.7777777777778,0.2,-0.063012859261771,-1.19952311673922,-1.18583266078846,-0.0136904559507629,6.51700214766548,-0.336781408609142
17.24,-0.0681683975291861,27.7777777777778,0.2,-0.0655673649976403,-1.49094112772879,-1.24121290814244,-0.249728219586354,-6.51700214766548,-0.354154812121126
17.25,-0.0706700055410254,27.7777777777778,0.2,-0.0680985749609317,-1.44604453861432,-1.34173321680439,-0.104311321809928,6.51700214766548,-0.385689158155565
17.26,-0.0731256057949966,27.7777777777778,0.2,-0.0706055898247995,-1.59127246459001,-1.41415175392239,-0.177120710667617,-2.49679067661134,-0.408407663890231
17.27,-0.0754879532800955,27.7777777777778,0.2,-0.0730875188587997,-1.40261099264291,-1.52874574470146,0.126134752058548,6.51700214766548,-0.444357081543206
17.28,-0.0778255842621143,27.7777777777778,0.2,-0.0755434802453643,-1.54266405404299,-1.59653927317319,0.0538752191301988,-6.51700214766548,-0.465624670293979
17.29,-0.0801376681918951,27.7777777777778,0.2,-0.077972601393106,-1.49489911901546,-1.68581614247158,0.190917023456119,6.51700214766548,-0.49462283417864
17.3,-0.0824097548980791,27.7777777777778,0.2,-0.0803740192468494,-1.61881031391257,-1.73740388208329,0.118593568170717,-2.27986369502661,-0.515927518217286
17.31,-0.0845818261752921,27.7777777777778,0.2,-0.0827468805942643,-1.69748591172766,-1.79209494239622,0.0946090306685579,6.51700214766548,-0.538513810395926
17.32,-0.0867269856536261,27.7777777777778,0.2,-0.0850903423690135,-1.88139990685988,-1.8359619657941,-0.0454379410657795,-6.51700214766548,-0.55662999614553
17.33,-0.0888444711681316,27.7777777777778,0.2,-0.0874035719502859,-1.80837287218987,-1.90474933171483,0.0963764595249579,-0.127996421027749,-0.585037774967058
17.34,-0.0909335303862896,27.7777777777778,0.2,-0.0896857474586276,-1.61048940772267,-1.9838811841249,0.373391776402232,6.51862586066548,-0.617717615674923
17.35,-0.0929942105721546,27.7777777777778,0.2,-0.0919360580479465,-1.77832968358259,-2.02555098884207,0.247221305259483,6.51700214766548,-0.634926394933979
17.36,-0.0950251051871332,27.7777777777778,0.2,-0.094153704193605,-2.09355474393385,-2.05345744536189,-0.0400972985719639,-6.51700214766548,-0.646451192168128
17.37,-0.0970253645163372,27.7777777777778,0.2,-0.0963378979764878,-1.96719002088425,-2.12417371859069,0.156983697706439,6.51862586066548,-0.675655570357019
17.38,-0.0989942778771502,27.7777777777778,0.2,-0.0984878633629431,-2.14315105503249,-2.16388558604387,0.020734531011374,-6.51700214766548,-0.692055761469144
17.39,-0.100900045600339,27.7777777777778,0.2,-0.100602836480508,-2.16329557157664,-2.21790721343975,0.0546116418631097,6.51700214766548,-0.71436559150988
17.4,-0.102696913053633,27.7777777777778,0.2,-0.102682065889303,-2.33800662921758,-2.25528279446184,-0.082723834755737,-5.28664364693554,-0.729800943987618
17.41,-0.104462252420086,27.7777777777778,0.2,-0.104724812849021,-2.26106973304386,-2.29535736381996,0.0342876307760966,-1.44357676151577,-0.75480898507122
17.42,-0.106195436483026,27.7777777777778,0.2,-0.106730351581393,-2.26858350320492,-2.32371742767187,0.0551339244669533,6.51700214766548,-0.775865760664241
17.43,-0.107895849450408,27.7777777777778,0.2,-0.108697969528057,-2.45145307496785,-2.34253589072427,-0.108917184243581,-6.51700214766548,-0.789838090048584
17.44,-0.109563206941488,27.7777777777778,0.2,-0.110626967603725,-2.42949244744465,-2.37168671904636,-0.0578057283982954,-1.75514714226169,-0.811481992316718
17.45,-0.111197240916705,27.7777777777778,0.2,-0.112516660444569,-2.41323293988968,-2.39974120936367,-0.0134917305260127,-1.72601443705988,-0.832311885721501
17.46,-0.112796706746105,27.7777777777778,0.2,-0.114366376651717,-2.44095305567011,-2.42489169186484,-0.0160613638052705,-4.28167062041619,-0.850985611875598
17.47,-0.114361036147094,27.7777777777778,0.2,-0.11617545902981,-2.45790124651114,-2.45005131572177,-0.00784993078937868,5.1580612808399,-0.869666125302027
17.48,-0.115889673320886,27.7777777777778,0.2,-0.117943264820493,-2.56917315108183,-2.46997722550941,-0.0991959255724111,-1.78611652828925,-0.884460711558115
17.49,-0.117382075149971,27.7777777777778,0.2,-0.119669165930786,-2.68459850998333,-2.48939646294489,-0.195202047038435,-6.51700214766548,-0.898879103808624
17.5,-0.118830155360733,27.7777777777778,0.2,-0.121352549156242,-2.53917908481313,-2.52122722412063,-0.0179518606925062,6.51700214766548,-0.922512802185762
17.51,-0.120239345462727,27.7777777777778,0.2,-0.122992816398817,-2.6293908310367,-2.54039719674925,-0.0889936342874508,-1.72376206058672,-0.936746120343046
17.52,-0.121610992985493,27.7777777777778,0.2,-0.124589384879372,-2.75907735701486,-2.55747077124792,-0.201606585766935,-6.51700214766548,-0.949422905158013
17.53,-0.122944610589196,27.7777777777778,0.2,-0.126141687344725,-2.623657426359,-2.58686489463708,-0.036792531721916,-6.51700214766548,-0.971247449107948
17.54,-0.124239724445853,27.7777777777778,0.2,-0.127649172269203,-2.49094040415937,-2.60657382334378,0.115633419184416,6.51700214766548,-0.992201565876667
17.55,-0.125495874407677,27.7777777777778,0.2,-0.129111304050592,-2.60309533254909,-2.61350690949307,0.0104115769439743,-2.19941978174344,-1.00401530305341
17.56,-0.126709696299804,27.7777777777778,0.2,-0.130527563200429,-2.67999458417643,-2.62106242765388,-0.0589321565225518,-2.02426768329335,-1.01688964268573
17.57,-0.127879016948329,27.7777777777778,0.2,-0.131897446528583,-2.75842304978424,-2.62843013532808,-0.129992914456158,-1.96596202950542,-1.02944395979415
17.58,-0.129008336139542,27.7777777777778,0.2,-0.133220467322031,-2.83201244173216,-2.63573873200058,-0.196273709731579,-2.02438838150902,-1.04189755381573
17.59,-0.130097252631711,27.7777777777778,0.2,-0.134496155517785,-2.74380750852762,-2.64608937659424,-0.097718131933382,-1.22622918584959,-1.059534691478
17.6,-0.131145379537992,27.7777777777778,0.2,-0.135724057869903,-2.73229596617006,-2.65456052772513,-0.0777354384449316,-0.341410684887972,-1.07396923778105
17.61,-0.132152344463884,27.7777777777778,0.2,-0.136903738110525,-2.78625882707733,-2.66152066633746,-0.124738160739866,-6.51700214766548,-1.08582907141203
17.62,-0.133117789639546,27.7777777777778,0.2,-0.138034777104881,-2.76019344549419,-2.66986321500711,-0.0903302304870892,-6.51700214766548,-1.10004448360297
17.63,-0.134041372046904,27.7777777777778,0.2,-0.139116773000199,-2.69490976871481,-2.67869506305651,-0.0162147056583066,-1.67194686060085,-1.11509364488469
17.64,-0.134922864675864,27.7777777777778,0.2,-0.140149341368492,-2.69619638914981,-2.68597716458239,-0.0102192245674173,-6.51862586066548,-1.1275020920998
17.65,-0.135762417640485,27.7777777777778,0.2,-0.141132115343134,-2.5838655547271,-2.6951987934191,0.111333238691993,-0.604297658363782,-1.14321542625901
17.66,-0.136559134528112,27.7777777777778,0.2,-0.142064745749212,-2.65430384456667,-2.70069310738686,0.0463892628201865,2.83676820548418,-1.1525775457804
17.67,-0.137312732269029,27.7777777777778,0.2,-0.142946901227583,-2.72793455651166,-2.70602616884875,-0.0219083876629131,-2.14401780864799,-1.16166489665151
17.68,-0.138022943113548,27.7777777777778,0.2,-0.143778268352606,-2.79164221831088,-2.71140903622272,-0.0802331820881599,-6.51700214766548,-1.17083711506106
17.69,-0.138689514727136,27.7777777777778,0.2,-0.144558551743501,-2.77453832187406,-2.71812638662032,-0.0564119352537423,-2.75678210693895,-1.18228324603543
17.7,-0.139312210280075,27.7777777777778,0.2,-0.145287474169295,-2.7743673970575,-2.72429818031578,-0.0500692167417149,-6.51700214766548,-1.1927997674023
17.71,-0.139890808531597,27.7777777777778,0.2,-0.145964776647319,-2.69966552413559,-2.73160499324467,0.0319394691090764,0.140378951165531,-1.20525032198691
17.72,-0.140425103908501,27.7777777777778,0.2,-0.146590218535229,-2.70389926481942,-2.73722011234591,0.0333208475264866,-2.25443388765006,-1.21481828924563
17.73,-0.140914906578183,27.7777777777778,0.2,-0.1471635776165,-2.73042558450204,-2.74225206852126,0.011826484019219,-2.25880354439031,-1.22339256720216
17.74,-0.141360042516086,27.7777777777778,0.2,-0.147684650179381,-2.76184326829956,-2.74607772902091,-0.0157655392786569,-5.93273605523694,-1.23152603640709
17.75,-0.141760353567531,27.7777777777778,0.2,-0.148153251089271,-2.75771797384392,-2.74970554598479,-0.00801242785913514,-1.196421326527,-1.24043385781849
17.76,-0.142115697503908,27.7777777777778,0.2,-0.148569213854498,-2.76873824059277,-2.75300348349052,-0.0157347571022489,-2.28527250608215,-1.2485316859668
17.77,-0.142425948073208,27.7777777777778,0.2,-0.148932390685472,-2.78285188205158,-2.75613105609399,-0.0267208259575913,-2.28901443986385,-1.25621119639421
17.78,-0.142690995044881,27.7777777777778,0.2,-0.149242652547195,-2.79180212193053,-2.75918714365672,-0.032614978273807,-2.2890180707969,-1.26371518088336
17.79,-0.142910744249,27.7777777777778,0.2,-0.149499889205104,-2.79482044930666,-2.76217697768437,-0.0326434716222863,-2.28901807742202,-1.27105648498806
17.8,-0.14308511760972,27.7777777777778,0.2,-0.149704009264241,-2.79206478800486,-2.76509500539509,-0.026969782609763,-2.28901807743411,-1.27822147428587
17.81,-0.143214053173016,27.7777777777778,0.2,-0.149854940201719,-2.78386549801546,-2.76793449471179,-0.0159310033036633,-2.28901807743413,-1.28519361868691
17.82,-0.143297505128695,27.7777777777778,0.2,-0.149952628392495,-2.77047271836886,-2.77069055493681,0.00021783656794172,-2.28901807743413,-1.29196090946478
17.83,-0.143335443826676,27.7777777777778,0.2,-0.149997039128421,-2.75200168930811,-2.77336060415596,0.0213589148478445,-2.28901807743413,-1.29851700693073
17.84,-0.143327855787519,27.7777777777778,0.2,-0.149988156630572,-2.72846688285007,-2.77594374267815,0.0474768598280781,-2.28901807743413,-1.3048597019635
17.85,-0.143274743707219,27.7777777777778,0.2,-0.14992598405486,-2.70007450782698,-2.77843729845903,0.0783627906320561,2.50040835494924,-1.31098243356673
17.86,-0.143176126456246,27.7777777777778,0.2,-0.149810543490903,-2.68580774303663,-2.78062276341766,0.0948150203810303,-6.51700214766548,-1.31634867220172
17.87,-0.143032039072838,27.7777777777778,0.2,-0.149641875954184,-2.61614526977868,-2.78330692852424,0.167161658745562,3.94047282917143,-1.32293943012756
17.88,-0.142842532750557,27.7777777777778,0.2,-0.149420041371476,-2.60625749614393,-2.78515021662136,0.178892720477432,-4.59663345581262,-1.3274654801853
17.89,-0.142607674820097,27.7777777777778,0.2,-0.14914511855955,-2.57226344322832,-2.78713867170144,0.214875228473124,4.17445269984291,-1.33234797643975
17.9,-0.142327548725363,27.7777777777778,0.2,-0.148817205197172,-2.57944088628641,-2.78852222696703,0.209081340680626,0.253614566153873,-1.33574518841086
17.91,-0.142002253993821,27.7777777777778,0.2,-0.148436417790398,-2.53848425306689,-2.79033256712604,0.251848314059146,6.51700214766548,-1.34019033737809
17.92,-0.141631906201142,27.7777777777778,0.2,-0.14800289163118,-2.61159206164835,-2.79070695534906,0.179114893700705,-6.51862586066548,-1.34110961843951
17.93,-0.141216636930132,27.7777777777778,0.2,-0.147516780749299,-2.55977340040874,-2.79240327382005,0.232629873411317,6.51700214766548,-1.34527479605098
17.94,-0.140756593723986,27.7777777777778,0.2,-0.146978257857637,-2.65139302040729,-2.79232336336541,0.140930342958125,0.724793047787187,-1.34507858216646
17.95,-0.140251940033864,27.7777777777778,0.2,-0.146387514290812,-2.61847213777963,-2.79355948886621,0.175087351086578,-1.09990985328187,-1.34811379185669
17.96,-0.139702855160821,27.7777777777778,0.2,-0.145744759937201,-2.61325321066183,-2.79433005115018,0.181076840488351,1.24029783891256,-1.35000584740424
17.97,-0.139109534192096,27.7777777777778,0.2,-0.145050223164365,-2.62094761284915,-2.79481478091205,0.173867168062896,-1.9580432452711,-1.35119606350237
17.98,-0.138472187931805,27.7777777777778,0.2,-0.144304150737913,-2.5744736224161,-2.79578122757249,0.221307605156392,5.13651141109488,-1.35356909784798
17.99,-0.137791042826039,27.7777777777778,0.2,-0.143506807733824,-2.61459320455276,-2.79560238436131,0.181009179808545,4.87238784288219,-1.35312996230125
18,-0.137066340882411,27.7777777777778,0.2,-0.142658477444273,-2.66467640695252,-2.79518745546488,0.130511048512357,-2.12324099047384,-1.35211113678038
18.01,-0.13629833958407,27.7777777777778,0.2,-0.141759461276971,-2.61003368459811,-2.79584082247989,0.18580713788178,3.08439982060886,-1.35371542849185
18.02,-0.135487311798222,27.7777777777778,0.2,-0.140810078648081,-2.713826298316,-2.79450402210041,0.080677723784409,-3.26191133908858,-1.35043301949446
18.03,-0.134633673896035,27.7777777777778,0.2,-0.139810666868732,-2.62282176911559,-2.79530312138537,0.172481352269778,6.51700214766548,-1.35239514542066
18.04,-0.133738183226325,27.7777777777778,0.2,-0.138761581025169,-2.67813878724642,-2.79421666271772,0.116077875471305,2.16261956822145,-1.34972743095806
18.05,-0.132800609365423,27.7777777777778,0.2,-0.137663193852597,-2.67751315226563,-2.7936448814033,0.116131729137669,6.51700214766548,-1.3483234665668
18.06,-0.131821285428858,27.7777777777778,0.2,-0.13651589560275,-2.75960591682868,-2.79195086143848,0.0323449446098003,0.508620363859092,-1.34416393275786
18.07,-0.13080055936576,27.7777777777778,0.2,-0.135320093905231,-2.71573922475364,-2.79159366634633,0.0758544415926936,4.25198223244379,-1.3432868680874
18.08,-0.12973879383524,27.7777777777778,0.2,-0.13407621362269,-2.72321493972842,-2.79044385576443,0.0672289160360094,0.584189927472529,-1.34046359794381
18.09,-0.128636366077535,27.7777777777778,0.2,-0.132784696699868,-2.6671369231796,-2.78988428325072,0.122747360071119,1.4943650631595,-1.33908961130985
18.1,-0.127493667779978,27.7777777777778,0.2,-0.131446002006579,-2.63684945179756,-2.78882295989439,0.151973508096833,2.36721412673029,-1.33648361464242
18.11,-0.126311104937834,27.7777777777778,0.2,-0.130060605174674,-2.65503830464107,-2.78701094374709,0.131972639106023,0.671861135567792,-1.33203435041674
18.12,-0.125081514911631,27.7777777777778,0.2,-0.128628998429048,-2.65214836705823,-2.78527850895523,0.133130141897003,2.95578382628671,-1.32778049199818
18.13,-0.123812326708569,27.7777777777778,0.2,-0.127151690412763,-2.65195452194228,-2.783337894599,0.131383372656725,6.14256032806636,-1.32301546490729
18.14,-0.122504326463055,27.7777777777778,0.2,-0.125629206006321,-2.71566111425024,-2.78044892100713,0.0647878067568892,1.60176070629356,-1.3159218157307
18.15,-0.121157978901348,27.7777777777778,0.2,-0.124062086141185,-2.70758672692766,-2.77827371795198,0.0706869910243182,2.13912580153624,-1.31058077439877
18.16,-0.119773762374326,27.7777777777778,0.2,-0.122450887607578,-2.68327680254324,-2.77610948849045,0.0928326859472119,2.14556367816474,-1.30526667786949
18.17,-0.11835216868753,27.7777777777778,0.2,-0.120796182856668,-2.65886357623515,-2.77374867578204,0.114885099546882,6.51700214766548,-1.2994698865204
18.18,-0.116888667021076,27.7777777777778,0.2,-0.119098559797175,-2.73343031414329,-2.76994552400239,0.0365152098591031,0.835605298773593,-1.2901315441534
18.19,-0.115384127188152,27.7777777777778,0.2,-0.117358621586489,-2.6934020253464,-2.76741041467384,0.0740083893274389,1.75665929360813,-1.28390678105706
18.2,-0.113843531628654,27.7777777777778,0.2,-0.115576986416369,-2.64669216797607,-2.76474514179312,0.118052973817051,1.1644489373427,-1.27736241151733
18.21,-0.11226742770885,27.7777777777778,0.2,-0.113754287293308,-2.59619476671878,-2.76191642135317,0.16572165463439,3.50152346341719,-1.27041670925267
18.22,-0.110656375410958,27.7777777777778,0.2,-0.111891171813628,-2.60036160642317,-2.75817137731262,0.157809770889445,6.51700214766548,-1.26122104590382
18.23,-0.10901095310047,27.7777777777778,0.2,-0.109988301933384,-2.69898114770406,-2.75300017281231,0.0540190251082509,3.93527677840107,-1.24852355685486
18.24,-0.107332723895862,27.7777777777778,0.2,-0.108046353733186,-2.72398011930394,-2.74862553464501,0.0246454153410767,-0.058872357428116,-1.23778197426627
18.25,-0.105621319522895,27.7777777777778,0.2,-0.106066017177982,-2.70079836089269,-2.74468301806864,0.043884657175953,1.90908065812092,-1.22810143251804
18.26,-0.103877348035393,27.7777777777778,0.2,-0.104047995871921,-2.64983368062212,-2.7395403306277,0.0897066500055783,2.05034647126489,-1.218771860337
18.27,-0.10210142905812,27.7777777777778,0.2,-0.101993006808363,-2.64393913312328,-2.73284270848229,0.0889035753590064,0.341367911241834,-1.2073593456168
18.28,-0.100289126437044,27.7777777777778,0.2,-0.0999017801151376,-2.60493793788933,-2.72647469662754,0.12153675873821,1.14987928532052,-1.19650847534481
18.29,-0.0983414997226491,27.7777777777778,0.2,-0.0977750587951322,-2.54337255532959,-2.71992241292252,0.176549857592935,6.51700214766548,-1.18534361226194
18.3,-0.0963620594232915,27.7777777777778,0.2,-0.0956135984623036,-2.64436591078558,-2.70977528999304,0.0654093792074679,-2.55729582291715,-1.16805326842258
18.31,-0.0943515088246851,27.7777777777778,0.2,-0.0934181670732171,-2.5972171320796,-2.70237103488365,0.105153902804055,6.51700214766548,-1.1554366757583
18.32,-0.0923105622658835,27.7777777777778,0.2,-0.0911895446541908,-2.66466963287002,-2.69226303246534,0.0275933995953266,-0.452867311746572,-1.1382129919066
18.33,-0.090240381818505,27.7777777777778,0.2,-0.0889285230241594,-2.64119303894119,-2.68374543452174,0.0425523955805426,2.13173172322835,-1.12369930185338
18.34,-0.0881417641937075,27.7777777777778,0.2,-0.0866359055133404,-2.65604980386037,-2.67406720384843,0.0180173999880511,2.89191098561545,-1.1072079340774
18.35,-0.0860149699410037,27.7777777777778,0.2,-0.0843125066778195,-2.64876768884536,-2.66451706515493,0.0157493763095662,0.651289103091045,-1.09093483057095
18.36,-0.0838607547002651,27.7777777777778,0.2,-0.0819591520101405,-2.60954141273838,-2.65529594420364,0.0457545314652625,-1.84292139777073,-1.07522236183079
18.37,-0.0816644586238708,27.7777777777778,0.2,-0.0795766776460099,-2.50444086721471,-2.6470599008454,0.142619033630692,6.51700214766548,-1.06118843097871
18.38,-0.0793698630081498,27.7777777777778,0.2,-0.0771659300672264,-2.53497654646464,-2.63526914526495,0.10029259880031,1.57525530553766,-1.04109739438354
18.39,-0.0770491716653056,27.7777777777778,0.2,-0.0747277658009237,-2.54570306470292,-2.62360953201147,0.0779064673085541,3.6627804132906,-1.02122981974317
18.4,-0.0747032091259237,27.7777777777778,0.2,-0.072263051115258,-2.59720495133743,-2.61074514250373,0.0135401911662945,3.21102697649001,-0.999309348352582
18.41,-0.0723245142103049,27.7777777777778,0.2,-0.0697726617116187,-2.53976698465061,-2.59990192556097,0.0601349409103631,6.51700214766548,-0.98092718170647
18.42,-0.069838749388491,27.7777777777778,0.2,-0.0672574824135045,-2.62282656649733,-2.56639198510821,-0.0564345813891216,-6.51700214766548,-0.956046726573022
18.43,-0.067329367765046,27.7777777777778,0.2,-0.0647184068521441,-2.50001035001319,-2.54296579118163,0.042955441168441,-4.7190469458853,-0.93865324991915
18.44,-0.0647972609113112,27.7777777777778,0.2,-0.0621563371489935,-2.32351015810156,-2.52130381675389,0.197793658652334,2.5032140780986,-0.922569670671645
18.45,-0.0622434417545668,27.7777777777778,0.2,-0.0595721835952177,-2.34323166332458,-2.48831985648342,0.145088193158843,-6.51700214766548,-0.898079745218338
18.46,-0.0596692809954178,27.7777777777778,0.2,-0.0569668643282699,-2.19679953056115,-2.46353033692674,0.266730806365586,5.61944621858654,-0.879674026772515
18.47,-0.0570751222430663,27.7777777777778,0.2,-0.0543413050056823,-2.23467124959464,-2.42803401196989,0.193362762375248,6.51700214766548,-0.853318721195766
18.48,-0.0544618871897618,27.7777777777778,0.2,-0.0516964384761777,-2.38678068527531,-2.38589802319189,-0.000882662083424801,-6.51862586066548,-0.822033599105726
18.49,-0.0517799831102692,27.7777777777778,0.2,-0.0490332044482411,-2.19769069092737,-2.36151823582644,0.163827544899066,6.51700214766548,-0.803932098550563
18.5,-0.0489913060835972,27.7777777777778,0.2,-0.0463525491562425,-2.27549254980348,-2.32079825528065,0.0453057054771668,-6.51700214766548,-0.773698334022315
18.51,-0.0461854965759574,27.7777777777778,0.2,-0.0436554250242414,-2.1499590532237,-2.29092376149261,0.14096470826891,2.71571797743798,-0.751517124736805
18.52,-0.0433635514781079,27.7777777777778,0.2,-0.040942790327599,-2.16013679008145,-2.23903101339473,0.0788942233132821,6.51700214766548,-0.723089289953032
18.53,-0.0405267846950081,27.7777777777778,0.2,-0.0382156088525072,-2.31040966888111,-2.15545379531902,-0.154955873562095,-6.51700214766548,-0.688573603913395
18.54,-0.0376760597810349,27.7777777777778,0.2,-0.0354748495535593,-2.1283489536527,-2.10477112190495,-0.0235778317477484,6.51862586066548,-0.667642693750477
18.55,-0.0348122251184299,27.7777777777778,0.2,-0.0327214862094811,-2.15780313040141,-2.0307480104352,-0.127055119966215,-6.51700214766548,-0.637072658829567
18.56,-0.0319356217996906,27.7777777777778,0.2,-0.0299564970771615,-1.9912045864507,-1.97611801156669,-0.0150865748840125,6.03112096579597,-0.614511583781782
18.57,-0.0290054669516897,27.7777777777778,0.2,-0.0271808645440707,-1.96118541308278,-1.9050735196285,-0.0561118934542864,6.51700214766548,-0.585171657961774
18.58,-0.0260651172439288,27.7777777777778,0.2,-0.0243955747792333,-2.13724149491576,-1.81241890513339,-0.324822589782373,0.504686607250169,-0.546907192385286
18.59,-0.0231156173686558,27.7777777777778,0.2,-0.0216016173828383,-1.9578111659172,-1.75624629214126,-0.201564873775939,6.51700214766548,-0.523709049174705
18.6,-0.0201393041569126,27.7777777777778,0.2,-0.0187999850346452,-2.03368331797519,-1.67043569157756,-0.363247626397629,-6.51700214766548,-0.488806803931331
18.61,-0.0171308623353531,27.7777777777778,0.2,-0.0159916731412892,-1.76828874292653,-1.60514958205643,-0.163139160870094,5.86399669320136,-0.468325820572982
18.62,-0.0141163338464062,27.7777777777778,0.2,-0.0131776794826114,-1.60404836380337,-1.52312793756525,-0.0809204262381176,6.51700214766548,-0.442594712559803
18.63,-0.0110967897376923,27.7777777777778,0.2,-0.0103590038571615,-1.65684848469171,-1.41025953259241,-0.246588952099301,-6.51700214766548,-0.407186630490154
18.64,-0.00807340931219683,27.7777777777778,0.2,-0.00753664772696568,-1.46283467919065,-1.33140959538718,-0.131425083803473,6.27829776779754,-0.38245052255613
18.65,-0.00504717596002035,27.7777777777778,0.2,-0.00471161386171967,-1.41443776555592,-1.23108086038792,-0.183356905168,3.00986070571229,-0.350976275324119
18.66,-0.00201914937025744,27.7777777777778,0.2,-0.00188490598250296,-1.35808877485647,-1.13162758936546,-0.22646118549101,-6.51700214766548,-0.319776670941427
18.67,0.00100959461366232,27.7777777777778,0.2,0.000942471594834133,-1.09209766007534,-1.06053012524692,-0.0315675348284172,3.79802983507262,-0.297472600594557
18.68,0.004037979893422,27.7777777777778,0.2,0.0037695143165002,-0.972200160087332,-0.967897279892392,-0.00430288019494085,6.51700214766548,-0.268412640090575
18.69,0.00706493049815344,27.7777777777778,0.2,0.00659521774767914,-1.06541538905294,-0.838658306130599,-0.226757082922337,1.26556838330516,-0.230051964546715
18.7,0.0100893709667199,27.7777777777778,0.2,0.00941857792939677,-0.843023183252369,-0.7504423240455,-0.0925808592068684,-6.51862586066548,-0.205853480092744
18.71,0.0131103234883547,27.7777777777778,0.2,0.0122385917352238,-0.502618241794484,-0.679070926760433,0.176452684965949,4.04334327337342,-0.186275625753438
18.72,0.0161266429516854,27.7777777777778,0.2,0.0150542572276816,-0.478319094514277,-0.556345625901137,0.0780265313868596,-6.51700214766548,-0.152610906336862
18.73,0.0191372325419963,27.7777777777778,0.2,0.0178645740142302,-0.199991320362169,-0.475145259661184,0.275153939299015,6.51700214766548,-0.130336872157673
18.74,0.0221305984124966,27.7777777777778,0.2,0.0206685436026958,-0.209668898181531,-0.347747606642016,0.138078708460485,6.51700214766548,-0.095390482023028
18.75,0.0250829156171542,27.7777777777778,0.2,0.0234651697560346,-0.489295695470653,-0.180504065395458,-0.308791630075195,-6.51700214766548,-0.0495139850751414
18.76,0.0280264316258616,27.7777777777778,0.2,0.0262534588462907,-0.448703425441772,-0.0679552814782604,-0.380748143963511,4.23173748684925,-0.0186407812229601
18.77,0.0309601006213983,27.7777777777778,0.2,0.0290324202076286,-0.0491484028352756,-0.011560277576259,-0.0375881252590167,6.51700214766548,-0.00317109429154043
18.78,0.0338548760248896,27.7777777777778,0.2,0.0318010664883082,-0.0200954048865597,0.105143710309437,-0.125239115195997,-6.51700214766548,0.0288419216021572
18.79,0.0367228547106947,27.7777777777778,0.2,0.0345584140014884,0.24588821493312,0.182397583186253,0.0634906317468672,6.51700214766548,0.0500333950475844
18.8,0.0395780623170928,27.7777777777778,0.2,0.0373034830747283,0.355821694832439,0.28556450418301,0.070257190649429,2.3148288305187,0.0783330645053909
18.81,0.0424194905601072,27.7777777777778,0.2,0.0400352983980558,0.399710076406269,0.397865935030487,0.0018441413757827,-6.51700214766548,0.109138417053638
18.82,0.0452465916556329,27.7777777777778,0.2,0.0427528893704962,0.651309532597114,0.47644534444582,0.174864188151294,3.51960948095506,0.130693497801986
18.83,0.0480578907493957,27.7777777777778,0.2,0.0454552904449152,0.729277241825104,0.582323072069983,0.146954169755121,2.21448524033574,0.159736767347674
18.84,0.0508523890002165,27.7777777777778,0.2,0.0481415414710814,0.810229685219976,0.686292050275627,0.123937634944349,6.51862586066548,0.188256448740298
18.85,0.0535867299480425,27.7777777777778,0.2,0.050810688036794,0.666135537303655,0.823083707135035,-0.15694816983138,-6.51700214766548,0.225779703639304
18.86,0.0562061177668915,27.7777777777778,0.2,0.0534617818069872,0.798724969912404,0.909153992131445,-0.110429022219041,-6.51700214766548,0.249984213157626
18.87,0.0588067380379422,27.7777777777778,0.2,0.05609388086067,1.06254979862816,0.968928563639505,0.0936212349886499,6.51862586066548,0.268736165346059
18.88,0.0613876667731939,27.7777777777778,0.2,0.0587060500255802,0.986395836192455,1.07506135237943,-0.0886655161869733,-6.51700214766548,0.302031209206103
18.89,0.0639483305100428,27.7777777777778,0.2,0.0612973612104525,1.16629071389621,1.14418111163516,0.0221096022610505,6.51700214766548,0.323714851399418
18.9,0.0664878129088604,27.7777777777778,0.2,0.0638668937347604,1.14216334466271,1.24088197484953,-0.0987186301868252,0.0527822889228853,0.354050994642731
18.91,0.0690048690778223,27.7777777777778,0.2,0.066413734655835,1.28589076650196,1.31337938228351,-0.0274886157815497,6.51700214766548,0.376794242878379
18.92,0.0714986047188559,27.7777777777778,0.2,0.0689369790932233,1.09847366089722,1.4295404299536,-0.331066769056386,-6.51700214766548,0.413235263819436
18.93,0.0739157496017056,27.7777777777778,0.2,0.0714357305501909,1.27196082990635,1.49358803285699,-0.22162720295064,6.51700214766548,0.433327713788168
18.94,0.0762699510838673,27.7777777777778,0.2,0.0739091012322431,1.36789839407747,1.56797956674448,-0.200081172667002,2.34144020119334,0.456665170694811
18.95,0.0785991582228536,27.7777777777778,0.2,0.0763562123625554,1.39355165869342,1.65079182094423,-0.257240162250801,-6.51700214766548,0.482644301823518
18.96,0.080902543462458,27.7777777777778,0.2,0.0787761944941943,1.66365084640759,1.69463983210787,-0.0309889857002739,6.51700214766548,0.498266837989837
18.97,0.0831367214133286,27.7777777777778,0.2,0.0811681878190308,1.63725563509442,1.76170972700356,-0.124454091909142,-6.51700214766548,0.52596533631547
18.98,0.0852999073717437,27.7777777777778,0.2,0.0835313424732279,1.79373601650876,1.80865281963162,-0.0149168031228639,-6.51700214766548,0.545351875903471
18.99,0.0874359264004494,27.7777777777778,0.2,0.0858648188391886,2.00419574862788,1.85015840271471,0.154037345913166,0.916664023716248,0.562492834977871
19,0.0895440195820551,27.7777777777778,0.2,0.0881677878438704,2.03427132962072,1.9090704025623,0.125200927058426,6.51700214766548,0.586822289074612
19.01,0.0916236171148881,27.7777777777778,0.2,0.0904394312533534,1.80957705619317,1.99149361948497,-0.181916563291799,1.7504657596775,0.620861396180363
19.02,0.0936745350444367,27.7777777777778,0.2,0.0926789419635501,1.92155975495887,2.03851746228762,-0.116957707328753,6.51700214766548,0.640281283943117
19.03,0.0956952975393512,27.7777777777778,0.2,0.0948855242869689,1.92610592775493,2.09576767966109,-0.169661751906153,2.10039836484132,0.66392445577941
19.04,0.0976851866323383,27.7777777777778,0.2,0.0970583942354164,1.90492591491009,2.15427103223113,-0.249345117321045,-6.51700214766548,0.688085146887178
19.05,0.09964349532528,27.7777777777778,0.2,0.0991967797985478,2.12509632972252,2.18884966548315,-0.0637533357606253,6.51700214766548,0.702365416995296
19.06,0.101502465358334,27.7777777777778,0.2,0.101299921218153,2.07507721477609,2.24818188867497,-0.173104673898871,-6.51700214766548,0.726868414760397
19.07,0.103288893836187,27.7777777777778,0.2,0.103367071258102,2.23029335363572,2.27891687653924,-0.0486235229035157,3.98960584929829,0.742602254750805
19.08,0.105043583899243,27.7777777777778,0.2,0.105397495469827,2.24982830130326,2.30702787599825,-0.0571995746949901,1.93133968644731,0.763474105053922
19.09,0.106765912114482,27.7777777777778,0.2,0.107390472453274,2.40178299017207,2.32777841552166,0.0740045746504094,6.51700214766548,0.778880962262004
19.1,0.108455266546887,27.7777777777778,0.2,0.109345294113212,2.29994640079333,2.36125998845948,-0.0613135876661461,1.22966893947624,0.803740355087574
19.11,0.110111690251473,27.7777777777778,0.2,0.111261265910811,2.2838265291087,2.3893945177994,-0.105567988690701,-6.51700214766548,0.824629675852841
19.12,0.111734265416272,27.7777777777778,0.2,0.113137707110416,2.45062644594755,2.40771562097513,0.0429108249724242,6.51700214766548,0.838232725556899
19.13,0.113322081633006,27.7777777777778,0.2,0.114973951021402,2.3398210868626,2.43979660043083,-0.0999755135682334,-6.51700214766548,0.862052205961822
19.14,0.114874574758135,27.7777777777778,0.2,0.116769345235054,2.47702979526657,2.45859598353474,0.0184338117318319,6.51700214766548,0.876010368869112
19.15,0.116391193198243,27.7777777777778,0.2,0.118523251856353,2.40288525909832,2.48760342114501,-0.0847181620466856,1.55430395147189,0.897547806424873
19.16,0.117870085009354,27.7777777777778,0.2,0.120235047730631,2.51102448613341,2.50689553757811,0.00412894855530066,2.23828834958377,0.911871813894231
19.17,0.119304026158868,27.7777777777778,0.2,0.121904124664964,2.56269332917516,2.52858489645668,0.0341084327184857,1.61602086247958,0.927975725544334
19.18,0.120700757043647,27.7777777777778,0.2,0.123529889644264,2.63630919721213,2.54875171180392,0.0875574854082126,1.84372205488381,0.942949179321099
19.19,0.122059781411861,27.7777777777778,0.2,0.125111765041975,2.72566104230425,2.56774973381168,0.157911308492566,2.97707111943105,0.957054827609395
19.2,0.123380616408622,27.7777777777778,0.2,0.126649188825302,2.58570261177224,2.59729054518922,-0.0115879334169815,-6.51700214766548,0.978988284433072
19.21,0.124662792747545,27.7777777777778,0.2,0.128141614754894,2.64354674685879,2.6071560521468,0.0363906947119919,6.03149264981766,0.993193663466027
19.22,0.125905854877481,27.7777777777778,0.2,0.129588512578925,2.59898107672639,2.61740089257681,-0.0184198158504167,-1.74709932624902,1.01065051452079
19.23,0.127103889101205,27.7777777777778,0.2,0.130989368221488,2.66194755728687,2.62516113396345,0.036786423323421,2.04870278440397,1.02387369539521
19.24,0.128259921393334,27.7777777777778,0.2,0.132343683965243,2.74479203641972,2.63236251671713,0.112429519702594,6.51700214766548,1.03614460063556
19.25,0.129375816894614,27.7777777777778,0.2,0.133650978628255,2.70800455707453,2.64179877412354,0.0662057829509828,0.208661629985913,1.05222365439765
19.26,0.130451179132688,27.7777777777778,0.2,0.134910787734955,2.73527472385985,2.64967110625558,0.0856036176042692,2.11696372372871,1.06563783399579
19.27,0.131485626036474,27.7777777777778,0.2,0.136122663681167,2.70545064252876,2.6584560131622,0.0469946293665617,1.27827054826534,1.08060700920613
19.28,0.132478790071911,27.7777777777778,0.2,0.137286175893138,2.70914500935573,2.66632278477311,0.042822224582618,3.30023059228977,1.09401171387006
19.29,0.133430318372547,27.7777777777778,0.2,0.138400910980517,2.70512819733779,2.67411854029886,0.0310096570389269,2.15921278905367,1.10729540959984
19.3,0.134339872864908,27.7777777777778,0.2,0.139466472883238,2.70168938817449,2.68168052420305,0.0200088639714475,2.10291195819985,1.12018076663353
19.31,0.135207457127287,27.7777777777778,0.2,0.140482483012229,2.71394361590122,2.68872639014972,0.0252172257514909,6.51700214766548,1.1321866766546
19.32,0.136032763793369,27.7777777777778,0.2,0.14144858038393,2.7073671366891,2.69592543523569,0.0114417014534109,2.16868003856869,1.14445359859065
19.33,0.136815138329756,27.7777777777778,0.2,0.142364421748544,2.72618684417837,2.70243547976857,0.0237513644097981,2.20512835323975,1.15554648759625
19.34,0.137554302762502,27.7777777777778,0.2,0.143229681711996,2.75190716098265,2.70862751576708,0.0432796452155757,2.20525361111017,1.16609750114206
19.35,0.138249994470003,27.7777777777778,0.2,0.144044052851541,2.78186685760495,2.71455540682124,0.0673114507837149,2.20525373265239,1.17619842090828
19.36,0.138901966276308,27.7777777777778,0.2,0.144807245824991,2.8131360001999,2.72027365381926,0.0928623463806417,6.51700214766548,1.18594211450905
19.37,0.139509986538939,27.7777777777778,0.2,0.145518989473516,2.76081492530768,2.72732282278654,0.0334921025211319,0.39142418174247,1.19795365276213
19.38,0.140073839231192,27.7777777777778,0.2,0.146179030917987,2.76605653139945,2.73306646471465,0.0329900666847998,2.24286430081624,1.20774061843873
19.39,0.140593324018889,27.7777777777778,0.2,0.146787135648821,2.78435940964467,2.7383775724694,0.0459818371752729,2.24624250126028,1.21679056095797
19.4,0.14106825633156,27.7777777777778,0.2,0.147343087609303,2.80514818818731,2.74345494051807,0.0616932476692424,2.24624865533738,1.22544221916401
19.41,0.141498467428015,27.7777777777778,0.2,0.14784668927235,2.75833420231263,2.74781938342641,0.0105148188862145,1.43207263197124,1.23580253286739
19.42,0.1418838044563,27.7777777777778,0.2,0.148297761710687,2.77508689585019,2.75109510496728,0.0239917908829099,2.26518976129533,1.24384581144788
19.43,0.142224130508005,27.7777777777778,0.2,0.148696144660426,2.79421575202925,2.75421448489939,0.0400012671298664,2.26670989506969,1.25150520541018
19.44,0.142519324666902,27.7777777777778,0.2,0.149041696578001,2.80787921797209,2.75727089490829,0.0506083230637996,2.2667126643016,1.25900998164074
19.45,0.142769282051913,27.7777777777778,0.2,0.149334294690462,2.81518844113667,2.76027000842852,0.0549184327081562,2.26671267381831,1.26637407081521
19.46,0.14297391385437,27.7777777777778,0.2,0.149573835039092,2.81633829409018,2.76320507337762,0.0531332207125543,2.26671267382754,1.27358089372215
19.47,0.143133147369567,27.7777777777778,0.2,0.149760232516346,2.81175120332085,2.76606742152513,0.0456837817957161,2.26671267382756,1.28060916619817
19.48,0.143246926022595,27.7777777777778,0.2,0.149893420896088,2.80076913840863,2.76886248259605,0.0319066558125733,2.26657746200502,1.28747222050922
19.49,0.14331520938844,27.7777777777778,0.2,0.149973352857121,2.78579966750688,2.77155937361308,0.0142402938937991,2.26799379163788,1.29409422591492
19.5,0.143337973206346,27.7777777777778,0.2,0.15,2.76563341822521,2.77417215052952,-0.0085387323043058,2.26799637592097,1.30050969571155
19.51,0.14331520938844,27.7777777777778,0.2,0.149973352857121,2.74038071730107,2.77669900193192,-0.0363182846308581,2.26799638062876,1.30671418211476
19.52,0.143246926022595,27.7777777777778,0.2,0.149893420896088,2.71001052268601,2.77914010898528,-0.0691295862992694,2.26799638064494,1.31270812996105
19.53,0.143133147369567,27.7777777777778,0.2,0.149760232516346,2.67470614013708,2.78149351555652,-0.106787375419438,2.44410146732111,1.31848673611834
19.54,0.14297391385437,27.7777777777778,0.2,0.149573835039092,2.63380445714548,2.78376807068165,-0.149963613536175,-1.57394886635481,1.32407172870391
19.55,0.142769282051913,27.7777777777778,0.2,0.149334294690462,2.60525959019735,2.78575859491103,-0.180499004713687,-4.36066120528613,1.32895930559296
19.56,0.142519324666902,27.7777777777778,0.2,0.149041696578001,2.58863186801561,2.78747851480983,-0.198846646794227,-0.701814800128171,1.33318243466837
19.57,0.142224130508005,27.7777777777778,0.2,0.148696144660426,2.56378015098261,2.78916262138769,-0.225382470405082,2.80176421898419,1.33731762692936
19.58,0.1418838044563,27.7777777777778,0.2,0.148297761710687,2.52390057264981,2.79088620172178,-0.266985629071975,0.269067967574785,1.34154974391794
19.59,0.141498467428015,27.7777777777778,0.2,0.14784668927235,2.56687928515282,2.79153393726693,-0.224654652114108,6.51700214766548,1.34314020799466
19.6,0.14106825633156,27.7777777777778,0.2,0.147343087609303,2.5391608638196,2.79287884549788,-0.253717981678286,3.35648996996364,1.34644252518853
19.61,0.140593324018889,27.7777777777778,0.2,0.146787135648821,2.50189394346083,2.79419446655608,-0.292300523095244,-6.51700214766548,1.3496729300155
19.62,0.140073839231191,27.7777777777778,0.2,0.146179030917987,2.6372915339682,2.79341311247933,-0.156121578511139,6.51700214766548,1.34775437606308
19.63,0.139509986538939,27.7777777777778,0.2,0.145518989473516,2.5629110423891,2.79493999489498,-0.232028952505873,-6.51700214766548,1.35150351666476
19.64,0.138901966276308,27.7777777777778,0.2,0.144807245824991,2.60029719173669,2.79502993372532,-0.194732741988633,-1.08583511434532,1.35172435444315
19.65,0.138249994470003,27.7777777777778,0.2,0.144044052851542,2.59021331397715,2.7955370120155,-0.205323698038343,-2.95375389683872,1.35296944560828
19.66,0.137554302762502,27.7777777777778,0.2,0.143229681711997,2.60865652594902,2.79557569329326,-0.18691916734424,-1.30411473186608,1.35306442446683
19.67,0.136815138329756,27.7777777777778,0.2,0.142364421748544,2.61523477662837,2.79561594105957,-0.180381164431194,-6.51700214766548,1.35316324971575
19.68,0.136032763793369,27.7777777777778,0.2,0.14144858038393,2.69841225899078,2.79463081459641,-0.096218555605625,-0.91839304618373,1.35074434857248
19.69,0.135207457127287,27.7777777777778,0.2,0.140482483012229,2.69237636963634,2.79455286378916,-0.102176494152818,-2.45134875029804,1.35055294644918
19.7,0.134339872864908,27.7777777777778,0.2,0.139466472883238,2.62066389896864,2.79507347235714,-0.174409573388504,2.65683630242459,1.35183126015547
19.71,0.133430318372547,27.7777777777778,0.2,0.138400910980517,2.56263115547294,2.79525320356858,-0.232622048095636,-6.51700214766548,1.35227257611752
19.72,0.132478790071911,27.7777777777778,0.2,0.137286175893138,2.67214931973273,2.79332056163578,-0.121171241903058,-0.987209673733507,1.34752712469014
19.73,0.131485626036474,27.7777777777778,0.2,0.136122663681168,2.66768058322297,2.79259838070522,-0.124917797482255,-0.464176192040249,1.34575386577983
19.74,0.130451179132688,27.7777777777778,0.2,0.134910787734956,2.68369122456652,2.79147167961031,-0.107780455043794,-2.92634947274654,1.34298733917791
19.75,0.129375816894614,27.7777777777778,0.2,0.133650978628255,2.679720193756,2.7904213406669,-0.1107011469109,0.90643196976593,1.34040831387908
19.76,0.128259921393334,27.7777777777778,0.2,0.132343683965243,2.62913446784865,2.78975547161126,-0.160621003762608,-1.46515412100008,1.33877332438263
19.77,0.127103889101205,27.7777777777778,0.2,0.130989368221488,2.65219629093736,2.78802293208951,-0.135826641152147,0.00287840744942836,1.33451920880801
19.78,0.125905854877481,27.7777777777778,0.2,0.129588512578925,2.63475927321755,2.78661395040474,-0.151854677187197,-6.51700214766548,1.33105956424909
19.79,0.124662792747545,27.7777777777778,0.2,0.128141614754894,2.7191169516505,2.78379184197096,-0.0646748903204628,1.89417531550794,1.32413009724951
19.8,0.123380616408622,27.7777777777778,0.2,0.126649188825302,2.66103497338672,2.78254957724387,-0.121514603857154,-6.51700214766548,1.32107981316826
19.81,0.122059781411861,27.7777777777778,0.2,0.125111765041976,2.70545626398946,2.77984929678712,-0.0743930327976634,-0.639522164503268,1.31444948525787
19.82,0.120700757043648,27.7777777777778,0.2,0.123529889644264,2.68491515138717,2.77777914028054,-0.0928639888933698,-3.27421497929333,1.30936637752728
19.83,0.119304026158868,27.7777777777778,0.2,0.121904124664965,2.69988774401344,2.77507376089857,-0.0751860168851281,-2.73778352091622,1.30272352960397
19.84,0.117870085009354,27.7777777777778,0.2,0.120235047730632,2.68173637867636,2.77259995792397,-0.0908635792476051,-4.44215563902115,1.29664929947491
19.85,0.116391193198243,27.7777777777778,0.2,0.118523251856354,2.70097524428686,2.76943891042917,-0.0684636661423137,-0.430670651634259,1.28888759406448
19.86,0.114874574758135,27.7777777777778,0.2,0.116769345235053,2.68279320078862,2.76656242555081,-0.0837692247621868,-1.7875928097879,1.2818246099492
19.87,0.113322081633006,27.7777777777778,0.2,0.114973951021402,2.65037847007054,2.76366033357007,-0.113281863499535,-1.47885791721089,1.27469874959262
19.88,0.111734265416272,27.7777777777778,0.2,0.113137707110416,2.60991264398568,2.76065212133979,-0.150739477354105,-2.18980624861521,1.26731231924573
19.89,0.110111690251473,27.7777777777778,0.2,0.111261265910811,2.60210053922961,2.75700579135788,-0.154905252128261,-6.51700214766548,1.25835904056346
19.9,0.108455266546887,27.7777777777778,0.2,0.109345294113212,2.66710201431315,2.75221398187723,-0.0851119675640827,-0.83759845618632,1.24659312637429
19.91,0.106765912114482,27.7777777777778,0.2,0.107390472453275,2.67073111063515,2.74804531001304,-0.0773141993778927,-1.66877105045259,1.23635727796777
19.92,0.105043583899244,27.7777777777778,0.2,0.105397495469827,2.65100093202435,2.74397439526515,-0.0929734632407988,-2.34242954715144,1.22636146453056
19.93,0.103288893836187,27.7777777777778,0.2,0.103367071258103,2.66145522844102,2.73722121738999,-0.0757659889489637,-6.17886509359764,1.21482017220222
19.94,0.101502465358336,27.7777777777778,0.2,0.101299921218155,2.70949753570028,2.72941076410818,-0.0199132284078933,-1.18560342567218,1.20151143200835
19.95,0.0996434953252806,27.7777777777778,0.2,0.0991967797985485,2.68340662055597,2.72264262706562,-0.0392360065096584,-1.98641162888708,1.18997876236092
19.96,0.0976851866323382,27.7777777777778,0.2,0.0970583942354163,2.62363858057181,2.71600804102197,-0.0923694604501555,-1.98718868191424,1.17867365896128
19.97,0.0956952975393511,27.7777777777778,0.2,0.0948855242869688,2.58793266989346,2.70852672517778,-0.120594055284326,-3.81011288067984,1.16592575749051
19.98,0.0936745350444367,27.7777777777778,0.2,0.09267894196355,2.60982594664349,2.69954882693806,-0.0897228802945755,-0.629454795799932,1.15062773177442
19.99,0.091623617114888,27.7777777777778,0.2,0.0904394312533533,2.57674962538784,2.69138818710303,-0.114638561715191,-6.51700214766548,1.13672228589804
20,0.0895440195820558,27.7777777777778,0.2,0.0881677878438711,2.61214226435563,2.68146290741217,-0.0693206430565367,-3.69228083892039,1.11980995520593
20.01,0.0874359264004501,27.7777777777778,0.2,0.0858648188391894,2.67552975228105,2.67064113192781,0.00488862035324453,-1.38251662066237,1.10137002692504
20.02,0.0852999073717444,27.7777777777778,0.2,0.0835313424732287,2.65595004828934,2.66126167960077,-0.00531163131142831,-2.20962103767541,1.08538776703853
20.03,0.0831367214133293,27.7777777777778,0.2,0.0811681878190315,2.60594130365176,2.65216275713154,-0.046221453479772,-2.21042360686543,1.06988352025311
20.04,0.0809025434624587,27.7777777777778,0.2,0.0787761944941951,2.53682386354393,2.64295093408535,-0.106127070541416,-2.52926715051598,1.05418689481919
20.05,0.0785991582228535,27.7777777777778,0.2,0.0763562123625552,2.53485137489472,2.63177385393455,-0.0969224790398364,-0.0232113329661776,1.03514153976925
20.06,0.076269951083868,27.7777777777778,0.2,0.0739091012322439,2.48545156887013,2.62130942378008,-0.135857854909954,-0.804966369347793,1.01731051547683
20.07,0.0739157496017054,27.7777777777778,0.2,0.0714357305501907,2.45532072033418,2.6100535651418,-0.15473284480762,0.0341029521187863,0.998130924629689
20.08,0.0714986047188562,27.7777777777778,0.2,0.0689369790932236,2.3981857414633,2.59757985153134,-0.199394110068039,-2.33596942005878,0.97920308855888
20.09,0.0690048690778226,27.7777777777778,0.2,0.0664137346558354,2.4615425445546,2.5646602073164,-0.1031176627618,3.6403185637431,0.954760916480019
20.1,0.0664878129088607,27.7777777777778,0.2,0.0638668937347607,2.37213719692957,2.53911943995243,-0.166982243022863,-6.51700214766548,0.935797411684511
20.11,0.0639483305100432,27.7777777777778,0.2,0.0612973612104528,2.44317218988375,2.50422748035631,-0.0610552904725568,6.13391557492684,0.909890835202428
20.12,0.0613876667731943,27.7777777777778,0.2,0.0587060500255805,2.43156809282959,2.47318448302844,-0.0416163901988451,4.00694919779599,0.886842035598839
20.13,0.058806738037943,27.7777777777778,0.2,0.0560938808606709,2.30296427630605,2.44760485167591,-0.144640575369869,-6.51700214766548,0.867849675075438
20.14,0.0562061177668924,27.7777777777778,0.2,0.0534617818069881,2.41667874623173,2.40807587061438,0.00860287561734996,3.14446516606453,0.838500203650416
20.15,0.0535867299480424,27.7777777777778,0.2,0.0508106880367939,2.4187907685931,2.37414936591857,0.0446414026745338,-2.84833380619314,0.813310457965588
20.16,0.0508523890002164,27.7777777777778,0.2,0.0481415414710812,2.19645560704169,2.35092736512039,-0.154471758078697,-6.51700214766548,0.796068590592456
20.17,0.0480578907493961,27.7777777777778,0.2,0.0454552904449156,2.21076284828213,2.31332621083333,-0.1025633625512,-6.51700214766548,0.768150491677183
20.18,0.0452465916556333,27.7777777777778,0.2,0.0427528893704966,2.34699797724799,2.26773072114482,0.0792672561031651,6.51700214766548,0.734941683762481
20.19,0.0424194905601086,27.7777777777778,0.2,0.0400352983980572,2.08587007602331,2.22620943486744,-0.140339358844127,-5.86015576607194,0.717794239589192
20.2,0.0395780623170932,27.7777777777778,0.2,0.0373034830747287,2.04229197263192,2.16078987153932,-0.118497898907403,-6.51700214766548,0.690777294533209
20.21,0.0367228547106951,27.7777777777778,0.2,0.0345584140014887,2.15519810961543,2.0787159232775,0.0764821863379317,6.51700214766548,0.656882428259098
20.22,0.0338548760248906,27.7777777777778,0.2,0.031801066488309,1.94585777700236,2.02882367822369,-0.0829659012213331,6.51700214766548,0.636277948883751
20.23,0.0309601006213993,27.7777777777778,0.2,0.0290324202076295,1.68294750013073,1.98218769118007,-0.299240191049344,-6.51700214766548,0.617018237636988
20.24,0.0280264316258625,27.7777777777778,0.2,0.0262534588462916,1.76565532973993,1.8983421572734,-0.132686827533463,6.51700214766548,0.582391742632967
20.25,0.0250829156171541,27.7777777777778,0.2,0.0234651697560344,1.69919988927948,1.82996223435557,-0.130762345076088,6.51700214766548,0.554152229459554
20.26,0.022130598412497,27.7777777777778,0.2,0.0206685436026962,1.46436873146644,1.77798878722689,-0.313620055760455,-5.93004746509007,0.532688256085064
20.27,0.0191372325419967,27.7777777777778,0.2,0.0178645740142306,1.56392025973552,1.68968469744577,-0.125764437710255,-4.53535028617605,0.496220468462126
20.28,0.0161266429516858,27.7777777777778,0.2,0.015054257227682,1.70462931545545,1.57285999579004,0.131769319665415,6.51700214766548,0.458196215917094
20.29,0.0131103234883552,27.7777777777778,0.2,0.0122385917352241,1.51989944587043,1.49626756436278,0.0236318815076535,-6.51700214766548,0.434168312815754
20.3,0.0100893709667204,27.7777777777778,0.2,0.00941857792939715,1.55411750534102,1.3877272210691,0.166390284271922,-2.2407815044409,0.400117992142442
20.31,0.00706493049815499,27.7777777777778,0.2,0.00659521774768059,1.70916536336433,1.2629756772871,0.446189686077239,6.51700214766548,0.36098203641053
20.32,0.00403797989342298,27.7777777777778,0.2,0.00376951431650112,1.44521244816412,1.19600790868888,0.24920453947524,-6.39442212788938,0.339973497775494
20.33,0.0010095946136633,27.7777777777778,0.2,0.000942471594835052,1.34312962629267,1.10432973556249,0.238799890730186,-3.292343618623,0.311213028635916
20.34,-0.00201914937025759,27.7777777777778,0.2,-0.0018849059825031,1.09794892162637,1.03135680708037,0.0665921145460013,-6.51700214766548,0.288320604124563
20.35,-0.00504717596002051,27.7777777777778,0.2,-0.00471161386171981,1.16616665755828,0.913750720733669,0.252415936824614,6.51700214766548,0.251426258375139
20.36,-0.00807340931219642,27.7777777777778,0.2,-0.00753664772696529,0.907243963252941,0.834786421405666,0.072457541847275,-6.51700214766548,0.228989869673322
20.37,-0.0110967897376919,27.7777777777778,0.2,-0.0103590038571611,0.849823012274412,0.719162087650673,0.130660924623739,6.51700214766548,0.197273013195186
20.38,-0.0141163338464058,27.7777777777778,0.2,-0.013177679482611,0.567547310053585,0.639396612547556,-0.0718493024939715,-6.51700214766548,0.175392583327224
20.39,-0.0171308623353527,27.7777777777778,0.2,-0.0159916731412889,0.615426999080902,0.505897359452028,0.109529639628875,6.51700214766548,0.138772466152396
20.4,-0.0201393041569122,27.7777777777778,0.2,-0.0187999850346448,0.450668662081381,0.408002182365842,0.0426664797155384,-6.51700214766548,0.111918886281194
20.41,-0.0231156173686549,27.7777777777778,0.2,-0.0216016173828373,0.411678628580911,0.290237014037996,0.121441614542915,-6.51700214766548,0.0796147784807319
20.42,-0.0260651172439278,27.7777777777778,0.2,-0.0243955747792324,0.529170747886715,0.149207626036432,0.379963121850283,6.51700214766548,0.0409290735501134
20.43,-0.0290054669516899,27.7777777777778,0.2,-0.0271808645440708,0.374852169174845,0.0529448215914457,0.3219073475834,6.51862586066548,0.0145232690484922
20.44,-0.0319356217996896,27.7777777777778,0.2,-0.0299564970771606,0.0758598892923975,-0.0213328548177802,0.0971927441101777,-6.51862586066548,-0.00585180534711826
20.45,-0.0348122251184301,27.7777777777778,0.2,-0.0327214862094813,0.0292173464443415,-0.135545481203969,0.164762827648311,-2.95183709087027,-0.0371814170425054
20.46,-0.0376760597810346,27.7777777777778,0.2,-0.0354748495535589,0.0132718526162603,-0.253414964090129,0.26668681670639,6.51862586066548,-0.0695141393202763
20.47,-0.0405267846950077,27.7777777777778,0.2,-0.0382156088525069,-0.367055543499384,-0.312823653567395,-0.0542318899319894,-2.37006217502913,-0.0858105089209637
20.48,-0.0433635514781075,27.7777777777778,0.2,-0.0409427903275987,-0.681589046241828,-0.384684233752253,-0.296904812489575,-6.51700214766548,-0.105522550790873
20.49,-0.0461854965759571,27.7777777777778,0.2,-0.043655425024241,-0.613595182642945,-0.516997584206947,-0.0965975984359985,6.51700214766548,-0.141817363571419
20.5,-0.0489913060835963,27.7777777777778,0.2,-0.0463525491562417,-0.70691769719139,-0.620361237427163,-0.0865564597642279,-6.51700214766548,-0.170170998552688
20.51,-0.0517799831102683,27.7777777777778,0.2,-0.0490332044482403,-0.663024081605409,-0.744438166404468,0.0814140847990593,-2.92935121897745,-0.204206482441054
20.52,-0.054461887189761,27.7777777777778,0.2,-0.0516964384761768,-0.856501319442121,-0.82679653949365,-0.0297047799484716,-5.46190767295459,-0.226798168933081
20.53,-0.0570751222430664,27.7777777777778,0.2,-0.0543413050056824,-0.910010854229148,-0.925482008635942,0.0154711544067935,-6.51700214766548,-0.255106494708117
20.54,-0.059669280995418,27.7777777777778,0.2,-0.0569668643282701,-0.818722528491755,-1.03396914571499,0.215246617223233,6.51700214766548,-0.289140123996317
20.55,-0.0622434417545664,27.7777777777778,0.2,-0.0595721835952173,-0.977741099900135,-1.10670895537979,0.128967855479651,6.51700214766548,-0.311959416525183
20.56,-0.0647972609113099,27.7777777777778,0.2,-0.0621563371489922,-1.22610218420603,-1.16742336159763,-0.0586788226084036,-6.51700214766548,-0.331006205382424
20.57,-0.0673293677650457,27.7777777777778,0.2,-0.0647184068521438,-1.06985834959531,-1.28259301178319,0.212734662187872,6.51700214766548,-0.36713621383505
20.58,-0.0698387493884906,27.7777777777778,0.2,-0.0672574824135041,-1.20306981263332,-1.35585310201257,0.152783289379251,-6.18032862010356,-0.390118724200957
20.59,-0.0723245142103046,27.7777777777778,0.2,-0.0697726617116183,-1.23276398311531,-1.44284617328986,0.210082190174557,-6.51700214766548,-0.417409424446243
20.6,-0.0747032091259229,27.7777777777778,0.2,-0.0722630511152572,-1.13209882955009,-1.54404028497673,0.411941455426632,6.51700214766548,-0.449155150032033
20.61,-0.0770491716653048,27.7777777777778,0.2,-0.0747277658009229,-1.30119207200296,-1.60777894383484,0.306586871831881,-3.0513193475245,-0.469150680795495
20.62,-0.0793698630081491,27.7777777777778,0.2,-0.0771659300672256,-1.36276118551153,-1.68331562170046,0.320554436188929,6.51700214766548,-0.493590170112297
20.63,-0.0816644586238709,27.7777777777778,0.2,-0.07957667764601,-1.64272782882391,-1.72027566468321,0.0775478358592994,-6.51700214766548,-0.508853913857015
20.64,-0.0838607547002652,27.7777777777778,0.2,-0.0819591520101406,-1.62992462668111,-1.78563679691571,0.1557121702346,6.51700214766548,-0.535846728062537
20.65,-0.0860149699410034,27.7777777777778,0.2,-0.0843125066778192,-1.78985935147379,-1.83237628419873,0.0425169327249312,-5.34740676518867,-0.555149182796706
20.66,-0.0881417641937072,27.7777777777778,0.2,-0.0866359055133401,-1.63867516433016,-1.90929221610857,0.270617051778411,6.51700214766548,-0.586913893544094
20.67,-0.0902403818185047,27.7777777777778,0.2,-0.0889285230241591,-1.79405606827451,-1.95409128774597,0.160035219471467,-3.29818651867047,-0.605414996202271
20.68,-0.0923105622658833,27.7777777777778,0.2,-0.0911895446541904,-1.85690122802971,-2.00795860992055,0.151057381890833,5.86253651966765,-0.627661101334525
20.69,-0.0943515088246841,27.7777777777778,0.2,-0.093418167073216,-1.99354772550645,-2.053669455125,0.060121729618541,-2.02780491996883,-0.646538747875164
20.7,-0.0963620594232908,27.7777777777778,0.2,-0.0956135984623028,-2.21959682532434,-2.09055002838377,-0.129046796940579,-6.24364167594596,-0.661769672245108
20.71,-0.0983414997226485,27.7777777777778,0.2,-0.0977750587951315,-2.15394125580211,-2.1549546057398,0.00101334993769342,-6.51700214766548,-0.688367448800947
20.72,-0.100289126437044,27.7777777777778,0.2,-0.0999017801151377,-2.00309620144348,-2.22537796946359,0.222281768020106,2.70948453919164,-0.717450861339796
20.73,-0.10210142905812,27.7777777777778,0.2,-0.101993006808363,-2.05576333944012,-2.27170912232246,0.215945782882344,-0.935008610800991,-0.737250642573033
20.74,-0.103877348035393,27.7777777777778,0.2,-0.104047995871921,-2.12369679127597,-2.2971827398688,0.173485948592832,-2.00077395120261,-0.756164289982874
20.75,-0.105621319522895,27.7777777777778,0.2,-0.106066017177982,-2.20863573522635,-2.3214287168136,0.112792981587249,-0.214352746390294,-0.774166438998692
20.76,-0.107332723895862,27.7777777777778,0.2,-0.108046353733185,-2.31885144801763,-2.34405182356084,0.0252003755432064,-2.01487298287126,-0.790963639614352
20.77,-0.109010953100469,27.7777777777778,0.2,-0.109988301933384,-2.421637815001,-2.36674480586923,-0.0548930091317743,-1.99006728039721,-0.807812721425284
20.78,-0.110656375410958,27.7777777777778,0.2,-0.111891171813627,-2.51572612806779,-2.38950934542415,-0.126216782643644,-1.99004321053114,-0.824714933048973
20.79,-0.11226742770885,27.7777777777778,0.2,-0.113754287293308,-2.59396790551011,-2.41263154815271,-0.181336357357404,-6.51700214766548,-0.841882702367616
20.8,-0.113843531628654,27.7777777777778,0.2,-0.115576986416368,-2.48030243948543,-2.44484935944096,-0.0354530800444719,1.21444591120796,-0.8658037776493
20.81,-0.115384127188152,27.7777777777778,0.2,-0.117358621586488,-2.45967339923732,-2.47135540714195,0.0116820079046285,-6.51862586066548,-0.88548398363233
20.82,-0.116888667021076,27.7777777777778,0.2,-0.119098559797175,-2.25377270304297,-2.50627087637566,0.252498173332689,6.51700214766548,-0.911408015546303
20.83,-0.11835216868753,27.7777777777778,0.2,-0.120796182856668,-2.37348431609345,-2.52411561547038,0.150631299376924,-5.895215146394,-0.924657374525024
20.84,-0.119773762374326,27.7777777777778,0.2,-0.122450887607578,-2.4437075727407,-2.54426165660958,0.100554083868875,-0.397460931899145,-0.939615403871185
20.85,-0.121157978901348,27.7777777777778,0.2,-0.124062086141184,-2.48172612053267,-2.56561096085263,0.0838848403199668,-4.74333351999919,-0.95546683181086
20.86,-0.122504326463055,27.7777777777778,0.2,-0.125629206006321,-2.45657493698285,-2.58952788175327,0.132952944770418,2.40139543795136,-0.973224663348559
20.87,-0.123812326708569,27.7777777777778,0.2,-0.127151690412762,-2.51413741169209,-2.60389317504875,0.089755763356659,-2.31037992617957,-0.987633834603913
20.88,-0.12508151491163,27.7777777777778,0.2,-0.128628998429047,-2.552315069085,-2.61258165949414,0.0602665904091433,-2.07841314112132,-1.00243870930068
20.89,-0.126311104937833,27.7777777777778,0.2,-0.130060605174673,-2.60416985364493,-2.62079959631964,0.0166297426747102,-2.07798988665675,-1.016441787252
20.9,-0.127493667779978,27.7777777777778,0.2,-0.131446002006579,-2.6740555590657,-2.62845150445679,-0.0456040546089046,-2.10873570822638,-1.02948037204475
20.91,-0.128636366077535,27.7777777777778,0.2,-0.132784696699868,-2.72040865444297,-2.63640903129219,-0.0839996231507802,-1.33490575575848,-1.04303972044835
20.92,-0.12973879383524,27.7777777777778,0.2,-0.13407621362269,-2.76845260692062,-2.64412156159305,-0.12433104532757,-6.51700214766548,-1.05618160329534
20.93,-0.13080055936576,27.7777777777778,0.2,-0.13532009390523,-2.71220165788742,-2.65368541140084,-0.0585162464865845,-6.51700214766548,-1.07247807006271
20.94,-0.131821285428857,27.7777777777778,0.2,-0.136515895602749,-2.58127530209554,-2.6643682983892,0.083092996293666,0.751466504218634,-1.09068133718675
20.95,-0.132800609365423,27.7777777777778,0.2,-0.137663193852597,-2.63036392809208,-2.67120594600347,0.0408420179113964,-2.14083396731765,-1.10233245042592
20.96,-0.133738183226325,27.7777777777778,0.2,-0.138761581025169,-2.70889831545405,-2.67733066620292,-0.0315676492511283,-2.1478966116083,-1.11276876019611
20.97,-0.134633673896035,27.7777777777778,0.2,-0.139810666868731,-2.78898442465403,-2.68328797589383,-0.105696448760198,-6.51700214766548,-1.12291980829411
20.98,-0.135487311798222,27.7777777777778,0.2,-0.140810078648081,-2.72478613567012,-2.69183381608119,-0.0329523195889272,1.56076725459348,-1.13748162214642
20.99,-0.13629833958407,27.7777777777778,0.2,-0.141759461276971,-2.76325631557656,-2.69813872995017,-0.0651175856263868,-3.5834441497246,-1.14822497564966
21,-0.137066340882411,27.7777777777778,0.2,-0.142658477444273,-2.76963627497775,-2.70486644946659,-0.06476982551116,-2.41228472932984,-1.15968877524114
21.01,-0.137791042826039,27.7777777777778,0.2,-0.143506807733824,-2.76450169552965,-2.71158506802486,-0.0529166275047913,-3.17061148526684,-1.1711370671171
21.02,-0.138472187931805,27.7777777777778,0.2,-0.144304150737913,-2.7705114339316,-2.71787018470867,-0.0526412492229236,-2.25647855383762,-1.18184668690675
21.03,-0.139109534192096,27.7777777777778,0.2,-0.145050223164365,-2.77991677069257,-2.72388298766849,-0.05603378302408,-2.25798238526334,-1.19209229360099
21.04,-0.139702855160821,27.7777777777778,0.2,-0.145744759937201,-2.78923701293172,-2.72969097336494,-0.0595460395667753,-6.51700214766548,-1.20198889881645
21.05,-0.140251940033864,27.7777777777778,0.2,-0.146387514290812,-2.75180447484329,-2.73613301295456,-0.0156714618887279,-2.03377050374847,-1.21296590976875
21.06,-0.140756593723986,27.7777777777778,0.2,-0.146978257857637,-2.74835018296763,-2.74172481815091,-0.00662536481671561,-2.28486359140753,-1.22249415094603
21.07,-0.141216636930132,27.7777777777778,0.2,-0.147516780749299,-2.75200272354789,-2.74605007529156,-0.00595264825632258,-2.28532174437261,-1.23145813483301
21.08,-0.141631906201141,27.7777777777778,0.2,-0.14800289163118,-2.76128954633767,-2.74949499881467,-0.0117945475229969,-2.28532257899114,-1.23991687567503
21.09,-0.142002253993821,27.7777777777778,0.2,-0.148436417790398,-2.77441100143995,-2.75276000765334,-0.0216509937866043,-2.28532258185938,-1.24793385005138
21.1,-0.142327548725363,27.7777777777778,0.2,-0.148817205197172,-2.7878429573946,-2.75588961095108,-0.0319533464435198,-2.28532258186216,-1.25561834669009
21.11,-0.142607674820097,27.7777777777778,0.2,-0.14914511855955,-2.79781939423322,-2.75892831262599,-0.0388910816072254,-2.28532258186217,-1.26307964148861
21.12,-0.142842532750557,27.7777777777778,0.2,-0.149420041371476,-2.80243922693228,-2.76189577780608,-0.0405434491261998,-2.28532258186217,-1.27036602063396
21.13,-0.143032039072838,27.7777777777778,0.2,-0.149641875954184,-2.80135633166739,-2.76479271682771,-0.036563614839686,-2.28532258186217,-1.27747922830163
21.14,-0.143176126456246,27.7777777777778,0.2,-0.149810543490903,-2.79477564445147,-2.76761399765348,-0.0271616467979978,-2.28532258186217,-1.28440666317433
21.15,-0.143274743707219,27.7777777777778,0.2,-0.14992598405486,-2.78296333746578,-2.77035419364167,-0.0126091438241078,-2.28532258186217,-1.29113500055686
21.16,-0.143327855787519,27.7777777777778,0.2,-0.149988156630572,-2.76608022949299,-2.77300972652113,0.00692949702814527,-2.28532258186217,-1.29765545428368
21.17,-0.143335443826676,27.7777777777778,0.2,-0.149997039128421,-2.74415238882262,-2.77557984575613,0.0314274569335091,-2.28532258186217,-1.30396618147286
21.18,-0.143297505128695,27.7777777777778,0.2,-0.149952628392495,-2.71715100354966,-2.77806450467041,0.060913501120754,-2.28532258186217,-1.31006706751453
21.19,-0.143214053173016,27.7777777777778,0.2,-0.149854940201719,-2.68702336126032,-2.78044136092634,0.0934179996660212,-0.000350592605077082,-1.31590325254239
21.2,-0.14308511760972,27.7777777777778,0.2,-0.149704009264241,-2.663423560387,-2.78260064455146,0.119177084164466,3.76319991445222,-1.32120520495636
21.21,-0.142910744249,27.7777777777778,0.2,-0.149499889205104,-2.65008202938294,-2.78450571086609,0.134423681483149,-6.51700214766548,-1.32588294660553
21.22,-0.142690995044881,27.7777777777778,0.2,-0.149242652547195,-2.61335474816419,-2.78654584043266,0.173191092268462,-5.35727511408254,-1.33089232552847
21.23,-0.142425948073208,27.7777777777778,0.2,-0.148932390685472,-2.57162933520127,-2.78850256172995,0.216873226528682,3.48787378909045,-1.33569690195604
21.24,-0.142115697503908,27.7777777777778,0.2,-0.148569213854498,-2.58614430772401,-2.78968209507067,0.203537787346666,1.76363054888697,-1.3385931540141
21.25,-0.141760353567531,27.7777777777778,0.2,-0.148153251089271,-2.55798067416468,-2.79122929563879,0.233248621474116,4.36703467180596,-1.3423921842534
21.26,-0.141360042516086,27.7777777777778,0.2,-0.147684650179381,-2.57371703432966,-2.79214388630646,0.218426851976803,1.71264970458392,-1.344637890256
21.27,-0.140914906578183,27.7777777777778,0.2,-0.1471635776165,-2.57287390697766,-2.79312894658896,0.220255039611303,3.45136400420018,-1.34705662889782
21.28,-0.140425103908501,27.7777777777778,0.2,-0.146590218535229,-2.59496044164938,-2.79372717433187,0.198766732682485,6.51700214766548,-1.34852553043011
21.29,-0.139890808531597,27.7777777777778,0.2,-0.145964776647319,-2.66239901182737,-2.7936890246729,0.131290012845535,-1.88806451594359,-1.34843185692002
21.3,-0.139312210280075,27.7777777777778,0.2,-0.145287474169295,-2.62904298262372,-2.79468410876452,0.165641126140798,-2.73136713092465,-1.35087520824278
21.31,-0.138689514727137,27.7777777777778,0.2,-0.144558551743502,-2.59280995826248,-2.79555725247516,0.202747294212677,6.51700214766548,-1.35301914447726
21.32,-0.138022943113548,27.7777777777778,0.2,-0.143778268352606,-2.70165516776452,-2.79463011538768,0.0929749476231523,-0.335705930389539,-1.35074263172002
21.33,-0.137312732269029,27.7777777777778,0.2,-0.142946901227583,-2.69694551166375,-2.7948929667883,0.0979474551245505,0.768073639982952,-1.35138804281927
21.34,-0.136559134528112,27.7777777777778,0.2,-0.142064745749212,-2.698641540406,-2.79493026000075,0.0962887195947562,-4.56324450201282,-1.35147961339178
21.35,-0.135762417640485,27.7777777777778,0.2,-0.141132115343134,-2.61331289740177,-2.79582285875192,0.18250996135015,1.66056388309155,-1.35367131995983
21.36,-0.134922864675865,27.7777777777778,0.2,-0.140149341368492,-2.57515208235226,-2.79598043297851,0.220828350626251,6.51700214766548,-1.35405823117491
21.37,-0.134041372046904,27.7777777777778,0.2,-0.139116773000199,-2.64536947851759,-2.79474153271344,0.149372054195849,6.51700214766548,-1.35101620826755
21.38,-0.133117789639546,27.7777777777778,0.2,-0.138034777104881,-2.73106767096776,-2.79319319182364,0.0621255208558722,-0.643351285061405,-1.34721437805736
21.39,-0.132152344463884,27.7777777777778,0.2,-0.136903738110525,-2.68007215783067,-2.79311113591857,0.113038978087899,5.1865773314677,-1.34701289618676
21.4,-0.131145379537992,27.7777777777778,0.2,-0.135724057869903,-2.67296192530303,-2.79232855075195,0.119366625448919,2.89340326740676,-1.34509131938924
21.41,-0.130097252631711,27.7777777777778,0.2,-0.134496155517785,-2.69422161987343,-2.79105266915895,0.0968310492855236,6.49177890696598,-1.34195849171747
21.42,-0.129008336139542,27.7777777777778,0.2,-0.133220467322031,-2.74079967805813,-2.78932036161026,0.0485206835521264,1.91343420037266,-1.33770494573458
21.43,-0.12787901694833,27.7777777777778,0.2,-0.131897446528584,-2.73280895234376,-2.78808083020198,0.055271877858226,0.471101693212243,-1.33466137310436
21.44,-0.126709696299804,27.7777777777778,0.2,-0.130527563200429,-2.69363186652801,-2.78703873970378,0.0934068731757636,1.57024204220673,-1.33210260121896
21.45,-0.125495874407677,27.7777777777778,0.2,-0.129111304050592,-2.63849519458228,-2.78599022812432,0.147495033542044,5.95691950344598,-1.32952806286971
21.46,-0.124239724445853,27.7777777777778,0.2,-0.127649172269204,-2.66156401350509,-2.78380474703006,0.122240733524976,6.02248548281487,-1.32416178461492
21.47,-0.122944610589197,27.7777777777778,0.2,-0.126141687344726,-2.70295039503303,-2.78123306657074,0.0782826715377087,0.876178205979034,-1.31784722396126
21.48,-0.121610992985492,27.7777777777778,0.2,-0.124589384879372,-2.68990839463621,-2.77916054949164,0.0892521548554361,1.69277210203176,-1.31275832002909
21.49,-0.120239345462727,27.7777777777778,0.2,-0.122992816398818,-2.65943147115815,-2.77711467964314,0.117683208484991,1.83194048108235,-1.30773484629189
21.5,-0.118830155360733,27.7777777777778,0.2,-0.121352549156242,-2.65358385492356,-2.77456843777324,0.12098458284968,6.51700214766548,-1.30148274810911
21.51,-0.117382075149971,27.7777777777778,0.2,-0.119669165930786,-2.70233028147446,-2.77115433736923,0.068824055894767,4.15983306922534,-1.29309969103036
21.52,-0.115889673320886,27.7777777777778,0.2,-0.117943264820493,-2.68830160681295,-2.76833978864273,0.0800381818297882,2.04334795272095,-1.286188786302
21.53,-0.114361036147094,27.7777777777778,0.2,-0.11617545902981,-2.68135217441931,-2.76523300031284,0.0838808258935355,6.51700214766548,-1.27856031003619
21.54,-0.112796706746105,27.7777777777778,0.2,-0.114366376651718,-2.76647730930967,-2.76074608380052,-0.00573122550915839,-0.300268544885111,-1.26754303673448
21.55,-0.111197240916706,27.7777777777778,0.2,-0.112516660444569,-2.73777554136106,-2.75755609890537,0.0197805575443089,1.83591037132524,-1.259710277796
21.56,-0.109563206941489,27.7777777777778,0.2,-0.110626967603727,-2.67900384098038,-2.75453417555918,0.075530334578803,1.83980811583717,-1.25229018087413
21.57,-0.107895849450409,27.7777777777778,0.2,-0.108697969528057,-2.60699218189805,-2.75145732262667,0.144465140728622,6.51700214766548,-1.2447352086402
21.58,-0.106195436483026,27.7777777777778,0.2,-0.106730351581393,-2.67180937012537,-2.74633814167919,0.0745287715538266,2.42197114199873,-1.23216545936486
21.59,-0.104462252420086,27.7777777777778,0.2,-0.104724812849021,-2.63537604778605,-2.74171264900862,0.106336601222571,0.375026031179927,-1.22247341515167
21.6,-0.102696913053633,27.7777777777778,0.2,-0.102682065889303,-2.57015056667644,-2.73626090126895,0.166110334592506,6.51700214766548,-1.21318382699949
21.61,-0.10090004560034,27.7777777777778,0.2,-0.100602836480508,-2.60885960690153,-2.72843614435729,0.119576537455753,6.22313283125326,-1.19985071391884
21.62,-0.0989942778771504,27.7777777777778,0.2,-0.0984878633629434,-2.66017404004927,-2.71986398212327,0.0596899420739927,1.67466201256326,-1.18524404821635
21.63,-0.0970253645163374,27.7777777777778,0.2,-0.0963378979764881,-2.6365278838726,-2.71240387147096,0.0758759875983577,5.89030691432017,-1.17253227965353
21.64,-0.0950251051871335,27.7777777777778,0.2,-0.0941537041936053,-2.65824261065799,-2.70369158938972,0.0454489787317316,1.25272987869593,-1.15768685461462
21.65,-0.0929942105721553,27.7777777777778,0.2,-0.0919360580479473,-2.63152457008803,-2.69565199501864,0.0641274249306034,2.09315730863399,-1.14398766599032
21.66,-0.0909335303862903,27.7777777777778,0.2,-0.0896857474586283,-2.60615120971868,-2.68722921852034,0.0810780088016601,-0.023984757533539,-1.12963554837533
21.67,-0.0888444711681315,27.7777777777778,0.2,-0.0874035719502858,-2.56834073877537,-2.6787317156359,0.110390976860525,6.10164007001926,-1.11515609960261
21.68,-0.0867269856536259,27.7777777777778,0.2,-0.0850903423690134,-2.60820489367479,-2.66825186567021,0.060046971995416,1.71966331188997,-1.09729880048926
21.69,-0.084581826175292,27.7777777777778,0.2,-0.0827468805942642,-2.5619599015175,-2.65928186826794,0.0973219667504406,6.51700214766548,-1.08201423752483
21.7,-0.0824097548980794,27.7777777777778,0.2,-0.0803740192468497,-2.59896789819107,-2.6481656210391,0.0491977228480218,0.698147001671415,-1.06307253965384
21.71,-0.0801376681918954,27.7777777777778,0.2,-0.0779726013931063,-2.60176754716977,-2.6372396383044,0.0354720911346305,-0.371184097907514,-1.04445504585007
21.72,-0.0778255842621146,27.7777777777778,0.2,-0.0755434802453647,-2.55984407532863,-2.62691637335545,0.067072298026817,6.51700214766548,-1.02686456214817
21.73,-0.0754879532800959,27.7777777777778,0.2,-0.0730875188588001,-2.60256679101698,-2.61435551348666,0.0117887224696771,0.0754764097734935,-1.00546129468421
21.74,-0.0731256057949978,27.7777777777778,0.2,-0.0706055898248007,-2.55379570792905,-2.60351934530271,0.0497236373736543,2.36679207499971,-0.98699684174481
21.75,-0.0706700055410262,27.7777777777778,0.2,-0.0680985749609326,-2.45966241110109,-2.58413849714192,0.124476086040832,2.37466638477981,-0.969223153939476
21.76,-0.068168397529186,27.7777777777778,0.2,-0.0655673649976402,-2.34775055196249,-2.56004370933073,0.212293157368231,2.01954168234161,-0.951333259806972
21.77,-0.0656437661837758,27.7777777777778,0.2,-0.0630128592617708,-2.2306586233113,-2.53533332127058,0.304674697959276,6.51700214766548,-0.932986294901818
21.78,-0.0630970084942914,27.7777777777778,0.2,-0.060435965357049,-2.3006092900879,-2.49996592668469,0.199356636596796,6.51700214766548,-0.906726717525917
21.79,-0.0605296018951676,27.7777777777778,0.2,-0.0578375988416097,-2.47719102868593,-2.45851309061515,-0.0186779380707804,-6.04169291302813,-0.875948822547667
21.8,-0.0579420070744588,27.7777777777778,0.2,-0.0552186829027016,-2.43690975632715,-2.42822907193854,-0.00868068438860803,-5.52214475834827,-0.85346354928954
21.81,-0.0553350279527463,27.7777777777778,0.2,-0.0525801480286894,-2.30281013102633,-2.4021885700411,0.0993784390147683,6.51700214766548,-0.834129001678958
21.82,-0.0527055634690304,27.7777777777778,0.2,-0.0499229316784482,-2.29881379861449,-2.3680249679733,0.0692111693588173,2.50628746938029,-0.808763215975964
21.83,-0.0499228177586996,27.7777777777778,0.2,-0.0472479779482966,-2.33377108777372,-2.33011334018469,-0.00365774758903006,2.01531039869225,-0.78061459674579
21.84,-0.047122608605738,27.7777777777778,0.2,-0.0445562372365558,-2.19476046381445,-2.30116673158441,0.106406267769956,2.96882054804354,-0.759122323503462
21.85,-0.0443059309111251,27.7777777777778,0.2,-0.0418486659058846,-2.10184584232519,-2.26806710038925,0.166221258064058,2.77719655474101,-0.73508060152809
21.86,-0.0414739378541107,27.7777777777778,0.2,-0.0391262259434844,-2.02000846498519,-2.20742538008023,0.187416915095036,6.51700214766548,-0.710036808168116
21.87,-0.0386278081742987,27.7777777777778,0.2,-0.0363898846193107,-2.18042131601065,-2.12133245588176,-0.059088860128885,-6.51862586066548,-0.674482186821702
21.88,-0.0357682305941853,27.7777777777778,0.2,-0.0336406141424074,-2.02790631084658,-2.06679493007482,0.0388886192282358,-3.22141678963883,-0.65195930126184
21.89,-0.0328962211080663,27.7777777777778,0.2,-0.0308793913154821,-1.75750753422748,-2.02228886996109,0.264781335733613,2.75215606318817,-0.633579206385326
21.9,-0.0299833694855082,27.7777777777778,0.2,-0.0281071971878593,-1.52413071155625,-1.9717351263036,0.447604414747342,6.51700214766548,-0.612701541581627
21.91,-0.0270463021586643,27.7777777777778,0.2,-0.0253250167069103,-1.53025504077544,-1.89529066805054,0.365035627275106,6.51700214766548,-0.581131539836149
21.92,-0.0240997360539814,27.7777777777778,0.2,-0.0225338383681134,-1.71562150934117,-1.80051874805407,0.0848972387129008,-6.51700214766548,-0.541992670281904
21.93,-0.0211405806895226,27.7777777777778,0.2,-0.019734653863843,-1.44450014818141,-1.75313226563165,0.308632117450249,6.51700214766548,-0.522423019754255
21.94,-0.0181344054048439,27.7777777777778,0.2,-0.0169284577310225,-1.38555074485272,-1.68124199707837,0.295691252225644,6.51700214766548,-0.492733805446564
21.95,-0.015121786898706,27.7777777777778,0.2,-0.0141162469977781,-1.72447553101588,-1.53416856259099,-0.190306968424895,-6.51700214766548,-0.446058280217249
21.96,-0.0121037955401159,27.7777777777778,0.2,-0.0112990208291894,-1.57104591083863,-1.45459560071959,-0.116450310119042,6.51700214766548,-0.421095351352034
21.97,-0.00908156940186355,27.7777777777778,0.2,-0.0084777801723039,-1.56162303756335,-1.35292948308619,-0.208693554477158,-6.51700214766548,-0.38920155221726
21.98,-0.00605617277275246,27.7777777777778,0.2,-0.00565352740049005,-1.46517353578899,-1.26297603090247,-0.202197504886515,-6.51700214766548,-0.360982147343632
21.99,-0.00302862441429354,27.7777777777778,0.2,-0.0028272659573118,-1.23594450944124,-1.19003677691606,-0.0459077325251794,4.43884633493247,-0.338100286898529
22,-2.36135950823643e-16,27.7777777777778,0.2,-2.20436423846524e-16,-1.22057724379838,-1.08563485021241,-0.134942393585968,6.51700214766548,-0.30534823383424
22.01,0,27.7777777777778,0.2,0,-1.71693214650441,-0.971282363190206,-0.745649783314204,-4.32828794244816,-0.269474578613144
22.02,0,27.7777777777778,0.2,0,-1.43304899264355,-0.964096648758049,-0.468952343885504,6.51862586066548,-0.267220339560116
22.03,0,27.7777777777778,0.2,0,-1.35991290416087,-0.92252176056175,-0.437391143599124,-6.51700214766548,-0.254177831750731
22.04,0,27.7777777777778,0.2,0,-1.01147443696019,-0.91709322805202,-0.0943812089081689,6.51700214766548,-0.252474840336362
22.05,0,27.7777777777778,0.2,0,-0.863528676670231,-0.878007366136808,0.0144786894665775,-0.647429027689943,-0.240845786644847
22.06,0,27.7777777777778,0.2,0,-0.861998913465744,-0.812428785164601,-0.0495701283011425,-6.51700214766548,-0.222856957017144
22.07,0,27.7777777777778,0.2,0,-0.684758643661229,-0.775449298299583,0.0906906546383537,6.51700214766548,-0.212713131410172
22.08,0,27.7777777777778,0.2,0,-0.854042459141515,-0.683844814912786,-0.170197644228729,1.90267459598676,-0.187585148761732
22.09,0,27.7777777777778,0.2,0,-0.835833321347512,-0.625452944307421,-0.210380377040091,6.51700214766548,-0.171567702266389
22.1,0,27.7777777777778,0.2,0,-0.907428224743676,-0.554622986300774,-0.352805238442902,-6.51700214766548,-0.152138369880271
22.11,0,27.7777777777778,0.2,0,-0.689404849158185,-0.531859271462008,-0.157545577696177,6.51700214766548,-0.145894065995414
22.12,0,27.7777777777778,0.2,0,-0.798298320401575,-0.457993011507123,-0.340305308894452,-6.51700214766548,-0.12563184705342
22.13,0,27.7777777777778,0.2,0,-0.62139594329725,-0.432745017391912,-0.188650925905338,6.51700214766548,-0.118706081691521
22.14,0,27.7777777777778,0.2,0,-0.683580132835297,-0.370961218425118,-0.312618914410179,-6.51700214766548,-0.10175819692657
22.15,0,27.7777777777778,0.2,0,-0.568878265665976,-0.340305320887951,-0.228572944778025,2.18285850586529,-0.0933489921266958
22.16,0,27.7777777777778,0.2,0,-0.552891124351897,-0.296065159209293,-0.256825965142603,6.51700214766548,-0.0812134942348348
22.17,0,27.7777777777778,0.2,0,-0.612320282663433,-0.242902844672525,-0.369417437990908,-6.51862586066548,-0.0666305647990542
22.18,0,27.7777777777778,0.2,0,-0.323918773403493,-0.24798223212458,-0.0759365412789128,0.104150385228657,-0.0680238891762139
22.19,0,27.7777777777778,0.2,0,-0.0642693222855689,-0.248353941283702,0.184084618998133,6.51700214766548,-0.0681258525404002
22.2,0,27.7777777777778,0.2,0,-0.16604138554209,-0.193451033280366,0.0274096477382759,-6.51700214766548,-0.053065461731455
22.21,0,27.7777777777778,0.2,0,-0.0940156939593461,-0.170252379063641,0.0762366851042953,-1.6503497179393,-0.0467018498308934
22.22,0,27.7777777777778,0.2,0,-0.0875385230851051,-0.139476360509822,0.0519378374247167,-0.482360667050914,-0.0382596946915752
22.23,0,27.7777777777778,0.2,0,-0.0829156629394917,-0.11149191199404,0.028576249054548,-0.765691330239452,-0.0305832938132304
22.24,0,27.7777777777778,0.2,0,-0.0774789035568248,-0.0865487835389863,0.00906987998216154,-0.766207474492456,-0.0237411560068322
22.25,0,27.7777777777778,0.2,0,-0.164510259505239,-0.0498022329108455,-0.114708026594393,0.912422443666417,-0.0136612270291745
22.26,0,27.7777777777778,0.2,0,-0.168075755629595,-0.0292727388282973,-0.138803016801298,-0.302823893416062,-0.00802979118657177
22.27,0,27.7777777777778,0.2,0,-0.174065955830373,-0.0105414076569866,-0.163524548173387,0.894395906247943,-0.00289160856435841
22.28,0,27.7777777777778,0.2,0,-0.181740888802493,0.00643147858039376,-0.188172367382887,0.311429402802109,0.0017642158570946
22.29,0,27.7777777777778,0.2,0,-0.190062779338064,0.0216395456972442,-0.211702325035308,-6.51700214766548,0.00593593357766638
22.3,0,27.7777777777778,0.2,0,0.00419040945187847,0.00316644320648867,0.0010239662453898,6.51700214766548,0.000868585543067264
22.31,0,27.7777777777778,0.2,0,-0.114385566274626,0.0341563308671027,-0.148541897141729,-6.51700214766548,0.00936940701623591
22.32,0,27.7777777777778,0.2,0,0.0558936417426703,0.0167043795988468,0.0391892621438234,6.51700214766548,0.00458217049203153
22.33,0,27.7777777777778,0.2,0,-0.0876866201671693,0.0488829527794368,-0.136569572946606,0.413889334527963,0.0134090597297471
22.34,0,27.7777777777778,0.2,0,0.0519868014624342,0.0334859509240931,0.0185008505383411,6.51700214766548,0.00918551541013758
22.35,0,27.7777777777778,0.2,0,-0.0757058729399624,0.0603789612423097,-0.136084834182272,-6.51700214766548,0.016562524391096
22.36,0,27.7777777777778,0.2,0,-0.00232133744317445,0.053132885761085,-0.0554542232042594,-0.161062574967047,0.014574856842198
22.37,0,27.7777777777778,0.2,0,0.000733401475861627,0.0566586266163826,-0.055925225140521,6.51700214766548,0.0155420011539096
22.38,0,27.7777777777778,0.2,0,-0.230990292021216,0.096357757135386,-0.327348049156602,-6.51700214766548,0.0264318509293567
22.39,0,27.7777777777778,0.2,0,-0.177573541910284,0.0881348192297576,-0.265708361140042,1.19399202484582,0.0241762207093886
22.4,0,27.7777777777778,0.2,0,-0.170806785951758,0.0876426500319327,-0.258449435983691,-1.84913053403242,0.0240412140087796
22.41,0,27.7777777777778,0.2,0,-0.162617515106796,0.0866419640594529,-0.249259479166249,-6.51700214766548,0.0237667163114689
22.42,0,27.7777777777778,0.2,0,0.0244989478888996,0.0571803972515251,-0.0326814493626255,6.51700214766548,0.0156851278108327
22.43,0,27.7777777777778,0.2,0,-0.0831730887430688,0.075457590893327,-0.158630679636396,-6.51700214766548,0.0206987361814419
22.44,0,27.7777777777778,0.2,0,0.0808636813048854,0.0492438004939737,0.0316198808109117,6.51700214766548,0.0135080436961904
22.45,0,27.7777777777778,0.2,0,-0.116183735158964,0.0812389720231537,-0.197422707182118,-6.51700214766548,0.0222846241133773
22.46,0,27.7777777777778,0.2,0,-0.0362080569881326,0.0666868733997873,-0.10289493038792,-1.03610860983603,0.0182928448009792
22.47,0,27.7777777777778,0.2,0,0.0554134698838795,0.0514657364326902,0.00394773345118932,6.51700214766548,0.0141175418959484
22.48,0,27.7777777777778,0.2,0,-0.0877382155931878,0.0734819275879474,-0.161220143181135,-6.51700214766548,0.0201567929116227
22.49,0,27.7777777777778,0.2,0,0.0762741228621777,0.0454563895802536,0.0308177332819241,4.2356152002373,0.0124691207941243
22.5,0,27.7777777777778,0.2,0,-0.0654542425075154,0.0669859049063314,-0.132440147413847,-6.51700214766548,0.0183748719925528
22.51,0,27.7777777777778,0.2,0,0.02105206330776,0.0509859741397022,-0.0299339108319422,-0.367523209055531,0.0139859385275556
22.52,0,27.7777777777778,0.2,0,0.164768853810193,0.0268087825839091,0.137960071226284,6.51700214766548,0.00735390451087194
22.53,0,27.7777777777778,0.2,0,-0.0374551909153392,0.0579439959099532,-0.0953991868252924,6.51700214766548,0.015894590198807
22.54,0,27.7777777777778,0.2,0,-0.315314686579986,0.0987640983258309,-0.414078784905817,-6.51700214766548,0.0270919332467735
22.55,0,27.7777777777778,0.2,0,-0.209396910343472,0.0771450200422012,-0.286541930385673,-1.08114808102611,0.0211616140756858
22.56,0,27.7777777777778,0.2,0,-0.197342956730596,0.0719038942243687,-0.269246850954965,6.51700214766548,0.0197239233236656
22.57,0,27.7777777777778,0.2,0,-0.382680564322432,0.0982754583821414,-0.480956022704573,-6.51700214766548,0.0269578946542024
22.58,0,27.7777777777778,0.2,0,-0.305594855278887,0.0820566386732361,-0.387651493952123,0.118702298838718,0.0225089178666505
22.59,0,27.7777777777778,0.2,0,-0.298722076633521,0.0783087525887574,-0.377030829222278,0.211741882758603,0.0214808370018587
22.6,0,27.7777777777778,0.2,0,-0.297600130077855,0.0759620039606485,-0.373562134038503,-6.51700214766548,0.0208371014921197
22.61,0,27.7777777777778,0.2,0,-0.0111885668191534,0.0288346442361445,-0.0400232110552978,6.51700214766548,0.00790961766554978
22.62,0,27.7777777777778,0.2,0,0.0746185983539983,0.0165025170397768,0.0581160813142215,6.51700214766548,0.00452679766862654
22.63,0,27.7777777777778,0.2,0,-0.160674192991317,0.0549063023654916,-0.215580495356808,-6.51700214766548,0.0150613219148279
22.64,0,27.7777777777778,0.2,0,-0.122512670010796,0.0475478106937271,-0.170060480704523,-0.363119288479588,0.0130428175337046
22.65,0,27.7777777777778,0.2,0,-0.119512569122956,0.0463783585056374,-0.165890927628593,0.210451769004159,0.0127220256553594
22.66,0,27.7777777777778,0.2,0,0.0630780706912876,0.0169564388051705,0.0461216318861171,6.51700214766548,0.00465131273407811
22.67,0,27.7777777777778,0.2,0,0.00246034585494418,0.0272980402387161,-0.0248376943837719,6.51700214766548,0.0074881125474884
22.68,0,27.7777777777778,0.2,0,-0.127380282019696,0.0476364307513714,-0.175016712771068,-6.51862586066548,0.0130671268599347
22.69,0,27.7777777777778,0.2,0,0.0626081970544471,0.0163851683340634,0.0462230287203837,2.46018260094628,0.00449460780048951
22.7,0,27.7777777777778,0.2,0,0.0996396310005811,0.0109868799081461,0.088652751092435,6.51700214766548,0.00301380584754412
22.71,0,27.7777777777778,0.2,0,0.0237027445729364,0.0231901147241476,0.000512629848788838,-0.214247027314983,0.00636126943637886
22.72,0,27.7777777777778,0.2,0,0.0250828470129578,0.0223705482951189,0.00271229871783892,-0.239512341278535,0.0061364545556386
22.73,0,27.7777777777778,0.2,0,0.0266678747891608,0.0213921722776921,0.00527570251146867,-0.239558441227418,0.00586807669157989
22.74,0,27.7777777777778,0.2,0,0.028239941605449,0.0203122013743649,0.00792774023108408,-0.239558525207823,0.00557183038226947
22.75,0,27.7777777777778,0.2,0,0.0297983503801275,0.0191494455737965,0.010648904806331,-6.51700214766548,0.00525287538682799
22.76,0,27.7777777777778,0.2,0,0.155422885189556,-0.00154862367211929,0.156971508861675,1.6588746157474,-0.000424802229358844
22.77,0,27.7777777777778,0.2,0,0.170487164757872,-0.00402059832085655,0.174507763078729,-0.327156772499488,-0.00110288842977516
22.78,0,27.7777777777778,0.2,0,0.186747585630928,-0.00687909650374321,0.193626682134671,6.51700214766548,-0.0018870017186071
22.79,0,27.7777777777778,0.2,0,1.44249118159736e-05,0.0221071562291041,-0.0220927313172882,-6.51700214766548,0.00606420360219334
22.8,0,27.7777777777778,0.2,0,0.117751222491468,0.00118685869757968,0.116564363793889,6.51700214766548,0.000325566649756692
22.81,0,27.7777777777778,0.2,0,0.0650064572337524,0.00830346117354363,0.0567029960602087,-0.352205228237093,0.0022777185196251
22.82,0,27.7777777777778,0.2,0,0.0670327038700492,0.00634543582870393,0.0606872680413453,-0.349729247041217,0.00174061351044573
22.83,0,27.7777777777778,0.2,0,0.0690493818316559,0.00443458642125367,0.0646147954104022,-0.349724736539422,0.00121644931040929
22.84,0,27.7777777777778,0.2,0,0.0710432635684489,0.00257615840462613,0.0684671051638227,-0.349724721038682,0.000706664797373965
22.85,0,27.7777777777778,0.2,0,0.0730147130826254,0.000772291237463532,0.0722424218451618,-0.349724721023641,0.000211846845231188
22.86,0,27.7777777777778,0.2,0,0.0749639286470676,-0.000975116549263537,0.0759390451963311,-0.349724721023614,-0.00026748376088361
22.87,0,27.7777777777778,0.2,0,0.076891220274881,-0.00266498712779107,0.079556207402672,-0.349724721023614,-0.000731031362544652
22.88,0,27.7777777777778,0.2,0,0.0787970018921934,-0.0042970205633264,0.0830940224555198,-6.51700214766548,-0.00117871368478038
22.89,0,27.7777777777778,0.2,0,0.187503152930724,-0.022634509016839,0.210137661947563,6.51700214766548,-0.00620886149676226
22.9,0,27.7777777777778,0.2,0,0.131273773749824,-0.0142925830437242,0.145566356793548,0.950475388579121,-0.00392059171610206
22.91,0,27.7777777777778,0.2,0,0.131458200242482,-0.0153325561514344,0.146790756393917,6.51700214766548,-0.00420586624895482
22.92,0,27.7777777777778,0.2,0,-0.12523915953363,0.0242305575635553,-0.149469717097185,-6.51700214766548,0.00664667282111209
22.93,0,27.7777777777778,0.2,0,-0.154510251467346,0.025565976490191,-0.180076227957537,-6.51700214766548,0.00701299095725843
22.94,0,27.7777777777778,0.2,0,-0.0921762517385169,0.0130749744133826,-0.1052512261519,-6.51700214766548,0.00358659006678735
22.95,0,27.7777777777778,0.2,0,0.0670765682320212,-0.0137256240749677,0.0808021923069889,6.51700214766548,-0.00376506946869049
22.96,0,27.7777777777778,0.2,0,-0.0857290346752301,0.0102508884767465,-0.0959799231519766,-6.51700214766548,0.0028119163849998
22.97,0,27.7777777777778,0.2,0,0.0580549575781962,-0.0138599914200812,0.0719149489982774,6.51700214766548,-0.00380192771177749
22.98,0,27.7777777777778,0.2,0,-0.0792684693175325,0.00791212234934177,-0.0871805916668742,-1.98059326613049,0.00217037055126548
22.99,0,27.7777777777778,0.2,0,-0.107114679825621,0.0112070751275164,-0.118321754953138,1.46708103127083,0.00307420749435264
23,0,27.7777777777778,0.2,0,-0.0246693858242865,-0.00269578334770107,-0.0219736024765855,0.0975625915034741,-0.000739479059108461
23.01,0,27.7777777777778,0.2,0,-0.0249170395658878,-0.00272011212237608,-0.0221969274435117,-6.51700214766548,-0.000746152673819108
23.02,0,27.7777777777778,0.2,0,0.118739634273781,-0.0253039527672358,0.144043587041017,6.51700214766548,-0.00694111535335272
23.03,0,27.7777777777778,0.2,0,0.0628082674624927,-0.0153366877794403,0.078144955241933,-6.51700214766548,-0.00420699959388514
23.04,0,27.7777777777778,0.2,0,0.164806938158193,-0.0307924910884527,0.195599429246645,6.51700214766548,-0.008446673712527
23.05,0,27.7777777777778,0.2,0,-0.0328262660853115,0.0016023527232606,-0.0344286188085721,-6.51700214766548,0.000439540620045414
23.06,0,27.7777777777778,0.2,0,0.165037360073612,-0.0305970026485275,0.19563436272214,6.51700214766548,-0.00839304937073939
23.07,0,27.7777777777778,0.2,0,0.133979350328083,-0.0240778475557484,0.158057197883832,-6.51700214766548,-0.00660478301086982
23.08,0,27.7777777777778,0.2,0,0.187160707548155,-0.0322141358607265,0.219374843408882,2.74596720080166,-0.00883664441973685
23.09,0,27.7777777777778,0.2,0,-0.0715555684827466,0.00948887359345039,-0.081044442076197,-6.51700214766548,0.00260288844163522
23.1,0,27.7777777777778,0.2,0,-0.107409384064093,0.0133131327715512,-0.120722516835644,6.51700214766548,0.00365191917373042
23.11,0,27.7777777777778,0.2,0,-0.325217052475004,0.0461450067602281,-0.371362059235233,-2.03997122290944,0.0126580150480961
23.12,0,27.7777777777778,0.2,0,-0.41173691640352,0.0567457075736271,-0.468482623977147,-6.51700214766548,0.0155658882902346
23.13,0,27.7777777777778,0.2,0,-0.173450099377407,0.0162949840737157,-0.189745083451123,6.51700214766548,0.00446986939855331
23.14,0,27.7777777777778,0.2,0,-0.168448682379347,0.0157005237540935,-0.18414920613344,-1.92355881493558,0.00430680326855203
23.15,0,27.7777777777778,0.2,0,-0.164657848704119,0.0154373516959994,-0.180095200400118,-1.76620021032803,0.00423461266537577
23.16,0,27.7777777777778,0.2,0,-0.238952645339636,0.027618379460533,-0.266571024800169,-6.51700214766548,0.00757598464839246
23.17,0,27.7777777777778,0.2,0,-0.152487614136829,0.0143161418866729,-0.166803756023502,6.51700214766548,0.00392705413120387
23.18,0,27.7777777777778,0.2,0,-0.214665028756418,0.0251448073871209,-0.239809836143539,-6.51700214766548,0.00689746025916676
23.19,0,27.7777777777778,0.2,0,-0.146091246562565,0.0151942928635855,-0.16128553942615,-6.51700214766548,0.00416793931165292
23.2,0,27.7777777777778,0.2,0,0.110016201897437,-0.0238880984952948,0.133904300392732,6.51862586066548,-0.00655273303555908
23.21,0,27.7777777777778,0.2,0,0.0470199765476657,-0.0100856015477005,0.0571055780953662,-6.51700214766548,-0.00276657660542215
23.22,0,27.7777777777778,0.2,0,0.111120930683742,-0.0179398080585146,0.129060738742257,-6.51700214766548,-0.00492106029032708
23.23,0,27.7777777777778,0.2,0,0.226209054830098,-0.0334351927188424,0.25964424754894,6.51700214766548,-0.00917159195078658
23.24,0,27.7777777777778,0.2,0,0.0117967318825208,0.00326301379057427,0.0085337180919465,-0.526299499576897,0.00089507577445699
23.25,0,27.7777777777778,0.2,0,-0.0530751013167626,0.0138735496833005,-0.0669486510000631,-6.51700214766548,0.00380564687256877
23.26,0,27.7777777777778,0.2,0,0.0964198209905641,-0.00977480057792184,0.106194621568486,6.51700214766548,-0.00268132093793763
23.27,0,27.7777777777778,0.2,0,-0.0630995264363101,0.0165285194509583,-0.0796280458872684,-6.51700214766548,0.00453393037777821
23.28,0,27.7777777777778,0.2,0,0.131217371322123,-0.014811559513875,0.146028930835998,6.51700214766548,-0.00406295190694374
23.29,0,27.7777777777778,0.2,0,0.0372406698247854,0.00167787727280219,0.0355627925519832,-6.51700214766548,0.000460257723622089
23.3,0,27.7777777777778,0.2,0,-0.0257386749614811,0.0114118651157657,-0.0371505400772468,3.51620828136764,0.00313038333947557
23.31,0,27.7777777777778,0.2,0,-0.0912234696062141,0.0211229976870143,-0.112346467293228,-6.51700214766548,0.00579423953652066
23.32,0,27.7777777777778,0.2,0,-0.0169556781955121,0.00851401371775508,-0.0254696919132672,6.51700214766548,0.00233547508875709
23.33,0,27.7777777777778,0.2,0,-0.24632751467084,0.0445471752727263,-0.290874689943567,-0.425507471807028,0.0122197146461
23.34,0,27.7777777777778,0.2,0,-0.223195741235789,0.0387645120185044,-0.261960253254293,-6.51700214766548,0.0106334750152262
23.35,0,27.7777777777778,0.2,0,-0.165481044244991,0.0284423998339821,-0.193923444078973,6.51700214766548,0.00780202128852677
23.36,0,27.7777777777778,0.2,0,-0.231103550597134,0.0382015461192743,-0.269305096716408,-6.51700214766548,0.0104790481048338
23.37,0,27.7777777777778,0.2,0,-0.157391708278641,0.0259621661781465,-0.183353874456787,6.51700214766548,0.00712166956376723
23.38,0,27.7777777777778,0.2,0,-0.234752470437501,0.0381801065061516,-0.272932576943652,-6.51700214766548,0.0104731670146664
23.39,0,27.7777777777778,0.2,0,0.0703077504399624,-0.0104637601169384,0.0807715105569008,6.51700214766548,-0.0028703091042568
23.4,0,27.7777777777778,0.2,0,0.11511797304028,-0.0144491151711566,0.129567088211436,2.16912111294541,-0.00396352997017676
23.41,0,27.7777777777778,0.2,0,-0.337090478554087,0.0589758301778445,-0.396066308731931,-6.51700214766548,0.0161776321703463
23.42,0,27.7777777777778,0.2,0,-0.331153714816387,0.0558450012478419,-0.386998716064229,-6.51700214766548,0.0153188159626707
23.43,0,27.7777777777778,0.2,0,0.049942639799211,-0.00531266750500728,0.0552553073042183,1.690038817836,-0.00145731531849885
23.44,0,27.7777777777778,0.2,0,0.262693322574585,-0.0361458037685998,0.298839126343185,-1.81858867402712,-0.0099151383898552
23.45,0,27.7777777777778,0.2,0,0.394862808617192,-0.0532930101423257,0.448155818759518,6.51700214766548,-0.0146187804857212
23.46,0,27.7777777777778,0.2,0,0.250323251659325,-0.0267990065389547,0.27712225819828,-1.11297356110962,-0.0073512228485897
23.47,0,27.7777777777778,0.2,0,0.238774224483543,-0.0233976315989738,0.262171856082517,-6.51700214766548,-0.00641819329247305
23.48,0,27.7777777777778,0.2,0,0.32051956093465,-0.0353118191230539,0.355831380057704,-0.688887231771035,-0.00968636845493995
23.49,0,27.7777777777778,0.2,0,0.323526852874565,-0.0347564810464176,0.358283333920982,-0.680673386128669,-0.00953403392896688
23.5,0,27.7777777777778,0.2,0,0.0898837871831216,0.00260488666063187,0.0872789005224898,-6.51700214766548,0.000714545231734192
23.51,0,27.7777777777778,0.2,0,0.138057916684114,-0.00699877679569821,0.145056693479812,6.51700214766548,-0.00191983116306679
23.52,0,27.7777777777778,0.2,0,-0.0426109706056773,0.0199647819897819,-0.0625757525954591,-6.51700214766548,0.00547652993468469
23.53,0,27.7777777777778,0.2,0,0.0424372513010155,0.00362498728380098,0.0388122640172146,-0.115347342109118,0.00099436855272189
23.54,0,27.7777777777778,0.2,0,0.0462603573973642,0.00114614308680641,0.0451142143105578,-0.0717333999888105,0.000314397969761943
23.55,0,27.7777777777778,0.2,0,0.0464454366783851,-0.000595220756352448,0.0470406574347376,6.51700214766548,-0.000163274725042238
23.56,0,27.7777777777778,0.2,0,-0.194385757834914,0.0359299807208653,-0.230315738555779,-6.51700214766548,0.0098559360713867
23.57,0,27.7777777777778,0.2,0,-0.163508267304591,0.0275016825855197,-0.191009949890111,0.992332918086586,0.00754397358362744
23.58,0,27.7777777777778,0.2,0,-0.159346053366476,0.0244194472832773,-0.183765500649754,0.0814748576998772,0.0066984870710719
23.59,0,27.7777777777778,0.2,0,-0.223720961291516,0.0325894561423305,-0.256310417433847,1.8561408467279,0.00893959834922881
23.6,0,27.7777777777778,0.2,0,-0.228799215200815,0.031491403853783,-0.260290619054598,-6.51700214766548,0.00863839214366356
23.61,0,27.7777777777778,0.2,0,-0.147473858569183,0.0174082117074387,-0.164882070276622,6.51700214766548,0.00477523834589884
23.62,0,27.7777777777778,0.2,0,-0.228939155624402,0.0297845240643146,-0.258723679688716,-1.00000223288897,0.00817017875336879
23.63,0,27.7777777777778,0.2,0,-0.231377595675765,0.0295058020323739,-0.260883397708139,-6.51700214766548,0.00809372264419811
23.64,0,27.7777777777778,0.2,0,-0.0255648307241099,-0.00325916744019468,-0.0223056632839152,6.51700214766548,-0.00089402068389783
23.65,0,27.7777777777778,0.2,0,-0.132237789622789,0.0153455243177327,-0.147583313940522,-1.95721034023719,0.00420942354053792
23.66,0,27.7777777777778,0.2,0,0.0336897576083342,-0.010284331150522,0.0439740887588562,6.51700214766548,-0.00282109002907571
23.67,0,27.7777777777778,0.2,0,-0.0716499625170227,0.00848653372574504,-0.0801364962427678,-6.51700214766548,0.002327937065105
23.68,0,27.7777777777778,0.2,0,0.0176315249830014,-0.00466115929790853,0.0222926842809099,-6.51700214766548,-0.00127860040938062
23.69,0,27.7777777777778,0.2,0,0.147119595511089,-0.0233912308014248,0.170510826312514,6.51700214766548,-0.0064164374927152
23.7,0,27.7777777777778,0.2,0,-0.0946499274729869,0.0172113920239798,-0.111861319496967,-6.51862586066548,0.00472124883132513
23.71,0,27.7777777777778,0.2,0,-0.0942549870841143,0.0168348149624149,-0.111089802046529,0.689929138070275,0.00461795015511462
23.72,0,27.7777777777778,0.2,0,-0.0939299621533524,0.0168330156122044,-0.110762977765557,-6.51700214766548,0.00461745657620673
23.73,0,27.7777777777778,0.2,0,0.073559734759216,-0.00941618798669129,0.0829759227459073,-0.232618178158726,-0.00258295008711471
23.74,0,27.7777777777778,0.2,0,0.110545830656184,-0.0136703702025781,0.124216200858762,-2.36711980358638,-0.00374991280500621
23.75,0,27.7777777777778,0.2,0,0.323145254215809,-0.0457642230013555,0.368909477217164,6.51700214766548,-0.0125535624347305
23.76,0,27.7777777777778,0.2,0,0.245413921170599,-0.0306318600249188,0.276045781195518,6.51700214766548,-0.00840261108122284
23.77,0,27.7777777777778,0.2,0,-0.0568565570775257,0.0184939998179325,-0.0753505568954582,-6.51862586066548,0.00507308037056442
23.78,0,27.7777777777778,0.2,0,-0.0636567469060444,0.0177187901786765,-0.0813755370847209,-0.0487713541991427,0.00486043297991352
23.79,0,27.7777777777778,0.2,0,-0.0600203683557515,0.0158281812059894,-0.0758485495617409,-6.51700214766548,0.00434182092399406
23.8,0,27.7777777777778,0.2,0,0.0883617212408146,-0.00859619701451849,0.0969579182553331,-6.51700214766548,-0.00235801875014474
23.81,0,27.7777777777778,0.2,0,0.364205515219422,-0.052060210223125,0.416265725442547,6.51700214766548,-0.0142806117211219
23.82,0,27.7777777777778,0.2,0,0.446845229759815,-0.0625403949847655,0.50938562474458,-3.22383610020248,-0.0171554262619231
23.83,0,27.7777777777778,0.2,0,0.48233431924594,-0.0660481542436986,0.548382473489639,-3.17082834967281,-0.0181176380504138
23.84,0,27.7777777777778,0.2,0,0.437158752639402,-0.0575187911851415,0.494677543824544,6.51700214766548,-0.0157779524912181
23.85,0,27.7777777777778,0.2,0,0.193063361090746,-0.0185652386674436,0.21162859975819,-6.51700214766548,-0.00509262186578635
23.86,0,27.7777777777778,0.2,0,0.218308748086935,-0.0248847016502651,0.243193449737201,0.00648074152265643,-0.00682611077712368
23.87,0,27.7777777777778,0.2,0,0.226146648850394,-0.0280431762883937,0.254189825138787,6.51700214766548,-0.00769251046596107
23.88,0,27.7777777777778,0.2,0,0.164502094399816,-0.0203277392350062,0.184829833634822,6.51700214766548,-0.00557609256549625
23.89,0,27.7777777777778,0.2,0,-0.012845017399777,0.00526734478468719,-0.0181123621844642,-6.51862586066548,0.00144488286445646
23.9,0,27.7777777777778,0.2,0,0.0551511809666622,-0.00913020595057863,0.0642813869172408,-0.275676835457338,-0.00250450248962255
23.91,0,27.7777777777778,0.2,0,-0.0911881746094654,0.0113624345939955,-0.102550609203461,-6.51700214766548,0.00311682407635412
23.92,0,27.7777777777778,0.2,0,0.0467645188204252,-0.0138455524813828,0.060610071301808,6.51700214766548,-0.00379796697331077
23.93,0,27.7777777777778,0.2,0,-0.100218713849452,0.00769941426135299,-0.107918128110805,-6.51700214766548,0.00211202269593621
23.94,0,27.7777777777778,0.2,0,-0.0305766797410492,-0.00587636599365057,-0.0247003137473987,6.51700214766548,-0.0016119431851478
23.95,0,27.7777777777778,0.2,0,-0.148876398996049,0.0111680181326199,-0.160044417128669,-6.51700214766548,0.00306349378849705
23.96,0,27.7777777777778,0.2,0,0.0453367008335136,-0.0215966830839693,0.0669333839174829,6.51700214766548,-0.00592417595442768
23.97,0,27.7777777777778,0.2,0,-0.133172084987609,0.00678274802734982,-0.139954833014959,-6.51700214766548,0.00186057241347371
23.98,0,27.7777777777778,0.2,0,-0.117617107135543,0.00273916782626398,-0.120356274961807,0.488286548690376,0.000751379834968275
23.99,0,27.7777777777778,0.2,0,-0.117591001971215,0.00192892287829909,-0.119519924849514,1.10448020078557,0.000529121925303756
24,0,27.7777777777778,0.2,0,-0.114974429896675,0.0010695202967541,-0.116043950193429,-6.51700214766548,0.000293379608348566
24.01,0,27.7777777777778,0.2,0,0.0620132495607374,-0.0269247300904699,0.0889379796512073,-2.7825168286138,-0.00738571001673007
24.02,0,27.7777777777778,0.2,0,0.103057447946735,-0.0317969238673957,0.134854371814131,-6.51700214766548,-0.00872219919455205
24.03,0,27.7777777777778,0.2,0,0.331647531888243,-0.0662208433683079,0.397868375256551,6.51700214766548,-0.0181650083227664
24.04,0,27.7777777777778,0.2,0,0.251623898693635,-0.0502573561927107,0.301881254886345,-0.112429439068201,-0.0137860716820429
24.05,0,27.7777777777778,0.2,0,0.237966561482856,-0.0462448255461184,0.284211387028975,6.51700214766548,-0.0126853962921914
24.06,0,27.7777777777778,0.2,0,0.034227098182596,-0.0128253131913381,0.0470524113739341,-4.05108955456542,-0.00351810561467779
24.07,0,27.7777777777778,0.2,0,-0.0450895090061829,-0.0010796295755016,-0.0440098794306813,-6.51700214766548,-0.000296152679835502
24.08,0,27.7777777777778,0.2,0,0.164190911547247,-0.0354270306939754,0.199617942241222,0.944356967799192,-0.00971797208663983
24.09,0,27.7777777777778,0.2,0,0.144101001099913,-0.0312789159322466,0.175379917032159,-1.4651802589926,-0.00858010468209005
24.1,0,27.7777777777778,0.2,0,0.13798340693274,-0.0299426665538322,0.167926073486572,6.51700214766548,-0.00821355874510783
24.11,0,27.7777777777778,0.2,0,-0.0506711947542596,-2.32263431366856e-05,-0.0506479684111229,-6.51700214766548,-6.37120723514132e-06
24.12,0,27.7777777777778,0.2,0,0.0730402652548226,-0.0210158169037842,0.0940560821586068,6.51700214766548,-0.00576483882640607
24.13,0,27.7777777777778,0.2,0,-0.0268192759188355,-0.00536705967198835,-0.0214522162468472,0.504250749589379,-0.00147223560817878
24.14,0,27.7777777777778,0.2,0,-0.0411150277815735,-0.00403393892523058,-0.0370810888563429,-6.51700214766548,-0.00110654788467121
24.15,0,27.7777777777778,0.2,0,0.102677167532624,-0.0274379369627577,0.130115104495381,0.774829895109604,-0.00752648755190219
24.16,0,27.7777777777778,0.2,0,0.0201433660983691,-0.0138416506604349,0.0339850167588039,-6.51700214766548,-0.00379689666664614
24.17,0,27.7777777777778,0.2,0,0.126466325865398,-0.0306870416849672,0.157153367550366,6.51700214766548,-0.00841774793637383
24.18,0,27.7777777777778,0.2,0,0.0556583420408091,-0.018899632248834,0.0745579742896431,0.0745351855700445,-0.00518434921143871
24.19,0,27.7777777777778,0.2,0,0.0545349999962793,-0.0186745779723658,0.0732095779686451,6.51700214766548,-0.0051226146789686
24.2,0,27.7777777777778,0.2,0,-0.186586394419548,0.0195064625874911,-0.206092857007039,-6.51700214766548,0.0053508085555293
24.21,0,27.7777777777778,0.2,0,-0.0829887446748665,0.000996983419912246,-0.0839857280947788,6.51700214766548,0.000273482051861534
24.22,0,27.7777777777778,0.2,0,-0.125452983207699,0.00736317743228507,-0.132816160639984,6.51700214766548,0.00201978972988247
24.23,0,27.7777777777778,0.2,0,-0.314464015078768,0.036681174467411,-0.351145189546179,-6.51700214766548,0.0100619956738312
24.24,0,27.7777777777778,0.2,0,-0.209121715446923,0.0182537036456649,-0.227375419092588,3.5657185380355,0.00500716484084379
24.25,0,27.7777777777778,0.2,0,-0.00317925942947733,-0.0143805612879034,0.0112013018584261,0.3057162424582,-0.00394472498678317
24.26,0,27.7777777777778,0.2,0,0.0545336871909054,-0.021597772080917,0.0761314592718224,-6.51700214766548,-0.00592447467666695
24.27,0,27.7777777777778,0.2,0,0.304017512341285,-0.0589091488752365,0.362926661216522,6.51862586066548,-0.0161593408536666
24.28,0,27.7777777777778,0.2,0,0.228412610223028,-0.0430957006770664,0.271508310900095,6.51700214766548,-0.0118215613341012
24.29,0,27.7777777777778,0.2,0,0.0128079068433095,-0.00681437608405543,0.0196222829273649,-6.51700214766548,-0.00186924829079673
24.3,0,27.7777777777778,0.2,0,0.0830434584918634,-0.0178348793938715,0.100878337885735,6.51700214766548,-0.00489227735780027
24.31,0,27.7777777777778,0.2,0,-0.0710765040347436,0.00715711969106859,-0.0782336237258122,-0.93939498387273,0.00196326612804083
24.32,0,27.7777777777778,0.2,0,0.148571162424477,-0.0283406374301881,0.176911799854665,6.51700214766548,-0.00777410689152066
24.33,0,27.7777777777778,0.2,0,0.16661935534953,-0.0297262662682107,0.196345621617741,-3.14531850181559,-0.00815419808478672
24.34,0,27.7777777777778,0.2,0,0.116646132902604,-0.0208587503150476,0.137504883217652,6.51700214766548,-0.00572175396450297
24.35,0,27.7777777777778,0.2,0,-0.062113561229694,0.00772204766769649,-0.0698356088973905,-6.51700214766548,0.00211823125495917
24.36,0,27.7777777777778,0.2,0,0.0726622695877754,-0.0147228736199531,0.0873851432077285,6.51700214766548,-0.00403862452119538
24.37,0,27.7777777777778,0.2,0,-0.0848527068643026,0.0103047129366179,-0.0951574198009205,-2.02226425805777,0.00282668094721013
24.38,0,27.7777777777778,0.2,0,-0.114784560167023,0.0138618202580712,-0.128646380425094,2.37592206815622,0.00380242937946427
24.39,0,27.7777777777778,0.2,0,-0.134815857671872,0.0158872885785564,-0.150703146250428,0.636057286782108,0.00435803463949514
24.4,0,27.7777777777778,0.2,0,-0.164670059977058,0.0196628617105945,-0.184332921687652,-0.131954371002502,0.00539371032524924
24.41,0,27.7777777777778,0.2,0,-0.116840949479014,0.0113892896162419,-0.128230239095256,-1.51338396517891,0.00312419066484501
24.42,0,27.7777777777778,0.2,0,-0.119078226776528,0.0115810528507075,-0.130659279627236,-6.51700214766548,0.00317679314727934
24.43,0,27.7777777777778,0.2,0,0.0378799445429583,-0.0130795482042014,0.0509594927471597,0.568764017712639,-0.00358784470119041
24.44,0,27.7777777777778,0.2,0,0.0758118752869644,-0.0176175661662916,0.093429441453256,-1.93173147957605,-0.00483266626880099
24.45,0,27.7777777777778,0.2,0,0.0954848243375455,-0.0191971064557316,0.114681930793277,6.51700214766548,-0.00526594922088059
24.46,0,27.7777777777778,0.2,0,0.0265258788765044,-0.00699740035030747,0.0335232792268119,-6.51700214766548,-0.00191945359098062
24.47,0,27.7777777777778,0.2,0,0.147047989503292,-0.0253046533032621,0.172352642806555,0.926878487171708,-0.0069413075170598
24.48,0,27.7777777777778,0.2,0,0.166135109364518,-0.0268850275417766,0.193020136906294,0.734425448313581,-0.00737481922931685
24.49,0,27.7777777777778,0.2,0,0.182426654367915,-0.0282142169566161,0.210640871324531,-4.20980409471437,-0.00773942855101943
24.5,0,27.7777777777778,0.2,0,0.199310690995175,-0.0298467881980852,0.229157479193261,6.51700214766548,-0.00818725839854729
24.51,0,27.7777777777778,0.2,0,0.13561573797115,-0.0191584737552298,0.154774211726379,6.51700214766548,-0.00525535190302039
24.52,0,27.7777777777778,0.2,0,-0.038749977196219,0.00830438530796372,-0.0470543625041827,-6.51700214766548,0.00227797201850217
24.53,0,27.7777777777778,0.2,0,0.0939749606510727,-0.014206138326774,0.108181098977847,6.51700214766548,-0.00389687910655213
24.54,0,27.7777777777778,0.2,0,-0.119439021975113,0.0194290429864043,-0.138868064961517,-6.51700214766548,0.00532957162125674
24.55,0,27.7777777777778,0.2,0,-0.0197485122941122,0.00121262661922636,-0.0209611389133386,6.51700214766548,0.000332635036194612
24.56,0,27.7777777777778,0.2,0,0.00674377939692983,-0.00340066458652107,0.0101444439834509,0.0291009932250458,-0.000932834699393993
24.57,0,27.7777777777778,0.2,0,0.129449555379797,-0.0231207273480054,0.152570282727802,-6.51700214766548,-0.00634223581794385
24.58,0,27.7777777777778,0.2,0,0.346186210794253,-0.0567179216220752,0.402904132416328,1.46785388537697,-0.0155582663389649
24.59,0,27.7777777777778,0.2,0,0.235608985080554,-0.0371482605630441,0.272757245643598,6.51700214766548,-0.010190121840504
24.6,0,27.7777777777778,0.2,0,0.0235945764265069,-0.00325951067832993,0.0268540871048368,-6.51700214766548,-0.000894114837388881
24.61,0,27.7777777777778,0.2,0,0.0998961189420873,-0.0168022365161283,0.116698355458216,6.51862586066548,-0.00460901357687375
24.62,0,27.7777777777778,0.2,0,-0.0461966458887015,0.00558235149446618,-0.0517789973831677,0.132893994266708,0.00153129220649756
24.63,0,27.7777777777778,0.2,0,-0.0838061747403081,0.00964894751108624,-0.0934551222513944,6.51700214766548,0.00264679824251076
24.64,0,27.7777777777778,0.2,0,-0.307808573401536,0.0432364930792916,-0.351045066480828,-6.51700214766548,0.0118601820315753
24.65,0,27.7777777777778,0.2,0,-0.146637062319752,0.0144023436413771,-0.161039405961129,0.0773613528943384,0.00395070009389464
24.66,0,27.7777777777778,0.2,0,-0.152996764663156,0.0145268627464407,-0.167523627409597,6.51700214766548,0.00398485687089677
24.67,0,27.7777777777778,0.2,0,-0.353377501087586,0.0454751263285715,-0.398852627416157,-6.51700214766548,0.0124742604627215
24.68,0,27.7777777777778,0.2,0,-0.246217177325294,0.0265124014394422,-0.272729578764736,6.51700214766548,0.00727260433887007
24.69,0,27.7777777777778,0.2,0,-0.396071219113161,0.0498714960468498,-0.44594271516001,-6.51700214766548,0.0136802265673559
24.7,0,27.7777777777778,0.2,0,-0.340301856123992,0.039921809485139,-0.380223665609131,0.560046640374892,0.0109509327376598
24.71,0,27.7777777777778,0.2,0,-0.341160826191727,0.0400570463593274,-0.381217872551054,-6.51700214766548,0.0109880295008574
24.72,0,27.7777777777778,0.2,0,-0.100701297452564,0.00250907525232827,-0.103210372704892,6.51700214766548,0.000688263249495291
24.73,0,27.7777777777778,0.2,0,-0.125102945554168,0.00923267711547625,-0.134335622669644,-6.51700214766548,0.00253261130655284
24.74,0,27.7777777777778,0.2,0,0.13006897195767,-0.0288118484804557,0.158880820438126,-0.159735098139211,-0.00790336457255445
24.75,0,27.7777777777778,0.2,0,0.125724932805092,-0.0236300362907016,0.149354969095793,6.51700214766548,-0.00648194411388747
24.76,0,27.7777777777778,0.2,0,-0.044110616190572,0.00659452764151127,-0.0507051438320833,-6.51700214766548,0.00180894176817589
24.77,0,27.7777777777778,0.2,0,0.0476098461010816,-0.00632356550037696,0.0539334116014586,-6.51700214766548,-0.00173461427099371
24.78,0,27.7777777777778,0.2,0,0.17829509602366,-0.0246809388375172,0.202976034861177,-0.690398943006622,-0.00677021669602825
24.79,0,27.7777777777778,0.2,0,0.186654012582828,-0.0232996702193352,0.209953682802163,6.51700214766548,-0.0063913215526109
24.8,0,27.7777777777778,0.2,0,0.130694627020139,-0.0124295599503547,0.143124186970494,-6.51700214766548,-0.00340954672973212
24.81,0,27.7777777777778,0.2,0,0.213479345458361,-0.0241574745620012,0.237636820020362,-0.453746438605141,-0.00662662545741273
24.82,0,27.7777777777778,0.2,0,0.137557769427335,-0.0108871047140256,0.148444874141361,-0.952789083449654,-0.00298643656108662
24.83,0,27.7777777777778,0.2,0,0.134304253645171,-0.0100043608041913,0.144308614449362,0.0117513524377166,-0.00274429149537327
24.84,0,27.7777777777778,0.2,0,-0.124341684328838,0.030986149483501,-0.155327833812339,-6.51700214766548,0.00849979605556726
24.85,0,27.7777777777778,0.2,0,-0.0492067399224554,0.016538465642828,-0.0657452055652833,6.51700214766548,0.00453665871298059
24.86,0,27.7777777777778,0.2,0,-0.0900879391187095,0.0219177619563333,-0.112005701075043,6.51700214766548,0.00601225094852459
24.87,0,27.7777777777778,0.2,0,-0.202704707388512,0.03817097785133,-0.240875685239842,-6.51700214766548,0.0104706629376662
24.88,0,27.7777777777778,0.2,0,-0.00221541149268862,0.00457818331637955,-0.00679359480906817,6.51700214766548,0.00125583930700866
24.89,0,27.7777777777778,0.2,0,-0.0846730803428884,0.0176691176874821,-0.10234219803037,6.51700214766548,0.00484680734227339
24.9,0,27.7777777777778,0.2,0,-0.328332635264778,0.0554513638476263,-0.383783999112404,-2.23081425310425,0.0152108374730085
24.91,0,27.7777777777778,0.2,0,-0.403522219382745,0.0647698349190516,-0.468292054301796,-6.51700214766548,0.0177669828791678
24.92,0,27.7777777777778,0.2,0,-0.242117288525214,0.0370995300426406,-0.279216818567855,6.51700214766548,0.0101767545944275
24.93,0,27.7777777777778,0.2,0,-0.310905095689268,0.0476389680465897,-0.358544063735858,0.872841115536699,0.0130678228641898
24.94,0,27.7777777777778,0.2,0,-0.315544588365906,0.0478769755957752,-0.363421563961682,-6.51700214766548,0.0131331106027918
24.95,0,27.7777777777778,0.2,0,-0.204911173019982,0.0304338373751227,-0.235345010395105,-6.51700214766548,0.00834829158152037
24.96,0,27.7777777777778,0.2,0,0.00141106548213313,-0.000963438580179472,0.0023745040623126,6.51700214766548,-0.000264280382690052
24.97,0,27.7777777777778,0.2,0,-0.0578247912514751,0.0112202237233109,-0.0690450149747861,6.51700214766548,0.00307781427946577
24.98,0,27.7777777777778,0.2,0,-0.170798272078269,0.0307875332433976,-0.201585805321667,-6.51700214766548,0.00844531372838743
24.99,0,27.7777777777778,0.2,0,0.0158684861062713,0.00219979857460421,0.0136686875316671,1.74477351004903,0.000603425709845597
25,0,27.7777777777778,0.2,0,-0.0809395300855345,0.0197973021652376,-0.100736832250772,0.30718165642906,0.00543058862297683
